Name,Instagram Link,Instagram Handle,Followers,Creator Type,Engagement Rate (%),Average Views,Average Reach,Gender,Story Cost,Reel / Collab Reel Cost,Carousel Post Cost,Digital / Ad Rights Cost,CPV,Also on YouTube?,Final_cities,Region,Niche Category (Standardized),TierOrderClean,Cost per Engaged Follower,Value Tier,Predicted Value Tier,P(High Value)
Jannat Zubair,https://www.instagram.com/jannatzubair29/,jannatzubair29,49700000,Mega/Celebrity,1.89,5381805,4305444.0,Female,,800000,450000.0,320000.0,,No,Delhi NCR,North,Entertainment,5.0,0.8516708717915962,High Value,Low Value,0.08
mr_faisu_07,https://www.instagram.com/mr_faisu_07,mr_faisu_07,33120272,Mega/Celebrity,12.49,3500000,2800000.0,Male,,300000,120000.0,180000.0,,No,Mumbai,West,Entertainment,5.0,0.07252118995972569,High Value,High Value,0.971
Avneet Kaur,https://www.instagram.com/avneetkaur_13,avneetkaur_13,32000000,Mega/Celebrity,1.75,3100000,2480000.0,Female,150000.0,700000,550000.0,100000.0,,No,Mumbai,West,Beauty,5.0,1.25,High Value,Low Value,0.08
awez_darbar,https://www.instagram.com/awez_darbar/,awez_darbar,30661216,Mega/Celebrity,3.73,1200000,960000.0,Male,,300000,120000.0,180000.0,,No,Mumbai,West,Entertainment,5.0,0.26231495327384435,High Value,Medium Value,0.13
divyankatripathidahiya,https://www.instagram.com/divyankatripathidahiya,divyankatripathidahiya,26036526,Mega/Celebrity,1.15,3500000,2800000.0,Female,,1200000,480000.0,720000.0,,No,Mumbai,West,Entertainment,5.0,4.007747657539125,High Value,Low Value,0.053
angelrai07,https://www.instagram.com/angelrai07,angelrai07,25193880,Mega/Celebrity,5.15,1400000,1120000.0,Female,,300000,120000.0,180000.0,,No,Delhi NCR,North,Entertainment,5.0,0.23121657793268055,High Value,Medium Value,0.13
Adnaan Shaikh,https://www.instagram.com/adnaan_07dz/,adnaan_07dz,11900000,Mega/Celebrity,4.11,488200,390560.0,Male,120000.0,200000,80000.0,120000.0,,No,Indore,Central,Fashion & Lifestyle,5.0,0.40892269316485713,High Value,Medium Value,0.13
Nitesh Soni,https://www.instagram.com/niteshsoniy?igsh=cm5iejlyOXcyM3Fm,niteshsoniy,9200000,Mega/Celebrity,2.0,1642776,1314221.0,Male,,500000,200000.0,300000.0,,No,Mumbai,West,Fashion & Lifestyle,5.0,2.717391304347826,High Value,Low Value,0.08
Sourav Joshi,https://www.instagram.com/souravjoshivlogs/,souravjoshivlogs,8600000,Mega/Celebrity,1.54,4000000,3200000.0,Male,,200000,120000.0,80000.0,,Yes,Mumbai,West,Comedy,5.0,1.5101177891875566,High Value,Medium Value,0.13
themermaidscales,https://www.instagram.com/themermaidscales/,themermaidscales,8244844,Mega/Celebrity,8.95,989381,791505.0,Female,100000.0,1200000,720000.0,480000.0,,No,Bangalore,South,Comedy,5.0,1.62620678196583,High Value,High Value,0.625
Nagma Mirajkar,https://www.instagram.com/nagmamirajkar/,nagmamirajkar,8030400,Mega/Celebrity,1.77,817500,654000.0,Female,350000.0,500000,200000.0,300000.0,,No,Mumbai,West,Beauty,5.0,3.517706162908631,High Value,Low Value,0.08
RJ Karishma,https://www.instagram.com/rjkarishma/,rjkarishma,7030903,Mega/Celebrity,11.03,4600000,3680000.0,Female,120000.0,400000,160000.0,240000.0,,No,Mumbai,West,Comedy,5.0,0.5157905399576337,High Value,High Value,0.625
Amresh Bharti,https://www.instagram.com/mahatmaji_technical/reels/,mahatmaji_technical,6870000,Mega/Celebrity,1.49,3300000,2640000.0,Male,350000.0,250000,160000.0,105000.0,,No,Ranchi,East,Technology,5.0,2.44228871760304,High Value,Low Value,0.053
maisamayhoon,https://www.instagram.com/maisamayhoon/,maisamayhoon,6755958,Mega/Celebrity,2.26,810715,648572.0,Male,,300000,1800000.0,1200000.0,,No,Mumbai,West,Comedy,5.0,1.9648340447329369,High Value,Medium Value,0.13
Ayesha Khan,https://www.instagram.com/ayeshaakhan_official,ayeshaakhan_official,5854127,Mega/Celebrity,1.4,82900,66320.0,Female,100000.0,400000,160000.0,240000.0,,No,Mumbai,West,Entertainment,5.0,4.88056179365917,Medium Value,Low Value,0.053
Rajveer Shisodia,https://www.instagram.com/rajveer_fitness_series?igsh=YTVscDI5bnYxM2I3,rajveer_fitness_series,5600000,Mega/Celebrity,2.11,1476004,1180803.0,Male,2000.0,1500000,3000.0,300000.0,,No,Mumbai,West,Fashion & Lifestyle,5.0,12.694651320243738,Low Value,Low Value,0.08
ankita lokhande,https://www.instagram.com/lokhandeankita?utm_source=ig_web_button_share_sheet&igsh=MW84OXJ4cjJ4cmtqeg==,lokhandeankita,5500000,Mega/Celebrity,2.89,3000000,2400000.0,Female,150000.0,875000,500000.0,400000.0,,No,Delhi NCR,North,Entertainment,5.0,5.50487574709028,Medium Value,Low Value,0.08
Amulya Rattan,https://www.instagram.com/amulyarattan_/,amulyarattan_,5003023,Mega/Celebrity,1.17,1100000,880000.0,Female,100000.0,700000,280000.0,420000.0,,No,Delhi NCR,North,Beauty,5.0,11.958581807251305,Low Value,Low Value,0.053
Apoorva (Rebel Kid),https://www.instagram.com/the.rebel.kid,the.rebel.kid,4400000,Mega/Celebrity,10.0,8000000,6400000.0,Female,400000.0,1400000,800000.0,300000.0,,No,Mumbai,West,Fashion & Lifestyle,5.0,3.1818181818181817,High Value,High Value,0.625
Deepak Dhaiya,https://www.instagram.com/deepak_daiya2.0/,deepak_daiya2.0,4240000,Mega/Celebrity,2.32,2250000,1800000.0,Male,500000.0,400000,340000.0,200000.0,,No,Mumbai,West,Fashion & Lifestyle,5.0,4.066363044892648,Medium Value,Medium Value,0.13
Bhavin,https://www.instagram.com/bhavin_333,bhavin_333,4238965,Mega/Celebrity,1.87,1209345,967476.0,Male,,400000,300000.0,200000.0,,No,Delhi NCR,North,Comedy,5.0,5.04613138621121,Medium Value,Medium Value,0.13
Parth Samthaan,https://www.instagram.com/the_parthsamthaan/,the_parthsamthaan,4000670,Mega/Celebrity,2.77,1321000,105680.0,Male,100000.0,225000,90000.0,135000.0,,No,Mumbai,West,Entertainment,5.0,2.030345837649811,High Value,Medium Value,0.13
Mithilesh Patankar,https://www.instagram.com/mythpat/,mythpat,3900000,Mega/Celebrity,1.15,4000000,3200000.0,Male,90000.0,1000000,600000.0,400000.0,,Yes,Mumbai,West,Gaming,5.0,22.296544035674472,Low Value,Low Value,0.053
Jiya Shankar,https://www.instagram.com/jiyaashankarofficial/,jiyaashankarofficial,3600000,Mega/Celebrity,5.75,2000000,1600000.0,Female,60000.0,700000,600000.0,250000.0,,No,Mumbai,West,Fashion & Lifestyle,5.0,3.3816425120772946,High Value,High Value,0.625
Shashank Sanghvi,https://www.instagram.com/iamshashh/?hl=en,iamshashh,3400000,Mega/Celebrity,1.84,1400000,1120000.0,Male,100000.0,500000,300000.0,75000.0,,No,Mumbai,West,Fashion & Lifestyle,5.0,7.9923273657289,Medium Value,Low Value,0.08
Jai Arora,https://www.instagram.com/tech_iela/,tech_iela,4100000,Mega/Celebrity,13.2,1000000,256000.0,Male,,200000,500000.0,100000.0,,No,Delhi NCR,North,Beauty,5.0,0.36954915003695493,High Value,High Value,0.971
Aarush Bhola,https://www.instagram.com/aarushbhola17?igsh=MWQ0dnprZmdxN2tzaA==,aarushbhola17,3300000,Mega/Celebrity,9.07,6033938,4827150.0,Male,10000.0,250000,420000.0,7500.0,,No,Indore,Central,Finance,5.0,0.8352544184958739,High Value,High Value,0.971
Naveen Singh,https://www.instagram.com/bihariladka/,bihariladka,3100000,Mega/Celebrity,2.0,810000,648000.0,Male,100000.0,550000,400000.0,67500.0,,No,Delhi NCR,North,Entertainment,5.0,8.870967741935484,Medium Value,Low Value,0.08
Rahul Sinha,https://www.instagram.com/thethar_puns/,thethar_puns,3019855,Mega/Celebrity,1.7,362383,289906.0,Male,60000.0,150000,90000.0,60000.0,,No,Mumbai,West,Comedy,5.0,2.9218387676774897,High Value,Medium Value,0.13
Soumya Daundkar,https://www.instagram.com/somya_daaundkar/,somya_daaundkar,3000000,Mega/Celebrity,1.44,667600,534080.0,Female,80000.0,800000,320000.0,480000.0,,No,Mumbai,West,Beauty,5.0,18.51851851851852,Low Value,Low Value,0.053
Anam darbar,https://www.instagram.com/anamdarbar97/,anamdarbar97,3000000,Mega/Celebrity,1.52,473800,379040.0,Female,,400000,160000.0,240000.0,,No,Mumbai,West,Beauty,5.0,8.771929824561404,Medium Value,Medium Value,0.13
realharshgujral,https://www.instagram.com/realharshgujral/,realharshgujral,2900000,Mega/Celebrity,7.32,383842,307074.0,Male,,1200000,500000.0,100000.0,,No,Delhi NCR,North,Comedy,5.0,5.652911249293386,Medium Value,High Value,0.625
Just Neel Things,https://www.instagram.com/just_neel_things,just_neel_things,2900000,Mega/Celebrity,2.98,1500000,1200000.0,Male,150000.0,850000,550000.0,200000.0,,No,Delhi NCR,North,Entertainment,5.0,9.835686183753761,Low Value,Low Value,0.08
Abhishek Kar,https://instagram.com/abhishekkarofficial?igshid=MTI1ZDU5ODQ3Yw==,abhishekkarofficial,2900000,Mega/Celebrity,3.88,428821,343057.0,Male,120000.0,300000,420000.0,90000.0,,Yes,Indore,Central,Finance,5.0,2.6661926768574475,High Value,Medium Value,0.13
Funcho,https://www.instagram.com/funcho,funcho,2796720,Mega/Celebrity,1.66,335606,268485.0,Male,200000.0,850000,400000.0,100000.0,,No,Delhi NCR,North,Comedy,5.0,18.308883004772888,Low Value,Low Value,0.08
adarshanand111,https://www.instagram.com/adarshanand111/,adarshanand111,2771207,Mega/Celebrity,7.9,332545,266036.0,Male,,250000,150000.0,100000.0,,No,Pune,West,Comedy,5.0,1.1419417466920792,High Value,High Value,0.971
Sharan Hegde,https://www.instagram.com/financewithsharan,financewithsharan,2700000,Mega/Celebrity,10.5,750000,600000.0,Male,,1400000,900000.0,600000.0,,No,Mumbai,West,Finance,5.0,4.938271604938271,Medium Value,High Value,0.625
abhijeetkain,https://www.instagram.com/abhijeetkain/,abhijeetkain,2652253,Mega/Celebrity,45.4,318270,254616.0,Male,60000.0,300000,180000.0,120000.0,,No,Mumbai,West,Comedy,5.0,0.24914401135255582,High Value,High Value,0.971
gurleen_pannu,https://www.instagram.com/gurleen_pannu/,gurleen_pannu,2541867,Mega/Celebrity,6.26,305024,244019.0,Female,100000.0,400000,240000.0,160000.0,,No,Delhi NCR,North,Comedy,5.0,2.5138122324368175,High Value,High Value,0.625
Riya Verma,https://www.instagram.com/_bachuuuu,_bachuuuu,2530726,Mega/Celebrity,4.49,1030000,824000.0,Female,200000.0,200000,80000.0,120000.0,,No,Mumbai,West,Gaming,5.0,1.7601048017089955,High Value,Medium Value,0.13
Rahman Khan,https://www.instagram.com/sirsupremeofficial/,sirsupremeofficial,2500000,Mega/Celebrity,1.66,357480,285984.0,Male,100000.0,300000,40000.0,600000.0,,Yes,Bangalore,South,Entertainment,5.0,7.228915662650603,Medium Value,Medium Value,0.13
Readers book Club,https://www.instagram.com/readersbooksclub/,readersbooksclub,2430000,Mega/Celebrity,3.71,665000,532000.0,Male,280000.0,200000,40000.0,120000.0,,Yes,Mumbai,West,Education,5.0,2.2184508557674176,High Value,Medium Value,0.13
Zain Imam,https://www.instagram.com/zainimam_official/,zainimam_official,2400000,Mega/Celebrity,2.85,2000000,1600000.0,Male,105000.0,500000,200000.0,300000.0,,No,Mumbai,West,Fashion & Lifestyle,5.0,7.309941520467836,Medium Value,Low Value,0.08
Vishnu Kaushal,https://www.instagram.com/thevishnukaushal/,thevishnukaushal,2300000,Mega/Celebrity,7.82,276000,220800.0,Male,60000.0,700000,420000.0,280000.0,,No,Delhi NCR,North,Comedy,5.0,3.8919159346158123,High Value,High Value,0.625
SlayyPoint,https://www.instagram.com/slayypoint/,slayypoint,2300000,Mega/Celebrity,2.59,4430500,3544400.0,Female,,500000,300000.0,200000.0,,Yes,Mumbai,West,Entertainment,5.0,8.39348665435622,Medium Value,Low Value,0.08
Satwinder Singh,https://www.instagram.com/sukh_johal_pandori?igsh=ajB2NGc1aXkxNG9h,sukh_johal_pandori,2300000,Mega/Celebrity,2.14,642488,513990.0,Male,,200000,40000.0,60000.0,,No,Delhi NCR,North,Beauty,5.0,4.063388866314506,High Value,Medium Value,0.13
Kashmira,https://www.instagram.com/kashmiraofficial,kashmiraofficial,2274762,Mega/Celebrity,1.19,650000,520000.0,Female,100000.0,200000,80000.0,120000.0,,No,Surat,West,Entertainment,5.0,7.388343347161431,Medium Value,Low Value,0.053
Ruhee Dosani,https://www.instagram.com/ruheedosani/,ruheedosani,2200000,Mega/Celebrity,2.0,1000000,800000.0,Female,200000.0,650000,500000.0,100000.0,,No,Pune,West,Fashion & Lifestyle,5.0,14.772727272727273,Low Value,Low Value,0.08
Sachin Mann,https://instagram.com/sachinmann1,sachinmann1,2100000,Mega/Celebrity,2.51,243000,194400.0,Male,,450000,30000.0,10000.0,,No,Mumbai,West,Fashion & Lifestyle,5.0,8.537279453614115,Medium Value,Medium Value,0.13
Suku,https://www.instagram.com/_beingsuku_/,_beingsuku_,2010000,Mega/Celebrity,11.96,1050000,840000.0,Female,75000.0,1700000,680000.0,1020000.0,,No,Mumbai,West,Entertainment,5.0,7.07166508594153,Medium Value,High Value,0.625
rajgrover_in,https://www.instagram.com/rajgrover_in/,rajgrover_in,2000000,Mega/Celebrity,4.41,1090000,872000.0,Male,150000.0,800000,400000.0,80000.0,,Yes,Mumbai,West,Comedy,5.0,9.070294784580499,Low Value,Low Value,0.08
Rida Tharana,https://www.instagram.com/rida.tharanaa,rida.tharanaa,2000000,Mega/Celebrity,8.43,2600000,2080000.0,Female,150000.0,650000,400000.0,150000.0,,No,West Bengal,East,Beauty,5.0,3.8552787663107946,High Value,High Value,0.625
Sagar Sinha,https://www.instagram.com/coachsagarsinha?utm_source=ig_web_button_share_sheet&igsh=ZDNlZDc0MzIxNw==,coachsagarsinha,2000000,Mega/Celebrity,3.71,1070000,856000.0,Male,120000.0,400000,40000.0,120000.0,,No,Delhi NCR,North,Business & Marketing,5.0,5.390835579514825,Medium Value,Medium Value,0.13
Sakchi Jain,https://instagram.com/ca.sakchijain?igshid=OGQ5ZDc2ODk2ZA===,ca.sakchijain,2000000,Mega/Celebrity,1.49,1070000,856000.0,Female,105000.0,350000,80000.0,105000.0,,No,Ranchi,East,Finance,5.0,11.74496644295302,Low Value,Low Value,0.053
Swati Verma,https://www.instagram.com/swativerma/,swativerma,2000000,Mega/Celebrity,1.34,122900,98320.0,Female,105000.0,200000,80000.0,120000.0,,No,Pune,West,Beauty,5.0,7.462686567164179,Medium Value,Low Value,0.053
Shraddha Singh,https://www.instagram.com/shrads/,shrads,2000000,Mega/Celebrity,1.31,550100,440080.0,Female,82500.0,150000,60000.0,90000.0,,No,Mumbai,West,Beauty,5.0,5.7251908396946565,Medium Value,Low Value,0.053
Technology Gyan,https://www.instagram.com/manojsaru/,manojsaru,2000000,Mega/Celebrity,21.0,1200000,960000.0,Male,150000.0,150000,60000.0,90000.0,,No,Jaipur,West,Fashion & Lifestyle,5.0,0.35714285714285715,High Value,High Value,0.971
Fiza khan,https://www.instagram.com/thefizahkhan/,thefizahkhan,2000000,Mega/Celebrity,1.92,406100,324880.0,Female,,100000,40000.0,60000.0,,No,Delhi NCR,North,Beauty,5.0,2.6041666666666665,High Value,Medium Value,0.411
?????????????? ??. ????????????,https://www.instagram.com/dynamo__gaming/,dynamo__gaming,2000000,Mega/Celebrity,4.63,1400000,1120000.0,Male,150000.0,100000,40000.0,60000.0,,No,Mumbai,West,Fashion & Lifestyle,5.0,1.079913606911447,High Value,Medium Value,0.411
maheshkeshwala,https://www.instagram.com/maheshkeshwala/,maheshkeshwala,1997726,Mega/Celebrity,3.78,239727,191782.0,Male,48000.0,400000,240000.0,160000.0,,No,Mumbai,West,Comedy,5.0,5.297028011854771,Medium Value,Medium Value,0.13
Saurabh Ghadge,https://www.instagram.com/saurabhghadge_vines/,saurabhghadge_vines,1930421,Mega/Celebrity,5.17,228938,183150.0,Male,75000.0,650000,390000.0,75000.0,,No,Mumbai,West,Comedy,5.0,6.51284556536092,Medium Value,Low Value,0.08
Kaashvi Hiranandani,https://www.instagram.com/kaaashvi/,kaaashvi,2200000,Mega/Celebrity,8.44,1300000,1040000.0,Female,14000.0,350000,150000.0,10500.0,,No,Delhi NCR,North,Finance,5.0,1.884963377854373,High Value,High Value,0.971
rjkisnaa,https://www.instagram.com/rjkisnaa/,rjkisnaa,1800000,Mega/Celebrity,4.29,480000,384000.0,Male,57000.0,600000,300000.0,70000.0,,No,Delhi NCR,North,Music,5.0,7.77000777000777,Medium Value,Low Value,0.08
Pragati Verma,https://www.instagram.com/pragati.vermaa/,pragati.vermaa,1800000,Mega/Celebrity,2.34,950000,760000.0,Female,100000.0,500000,200000.0,75000.0,,No,Delhi NCR,North,Beauty,5.0,11.870845204178538,Low Value,Low Value,0.08
Gokul Ram,https://www.instagram.com/gokul_yog?igsh=MTM5cGJ0MjZjYWRoeQ==,gokul_yog,2000000,Mega/Celebrity,4.85,1657263,1325810.0,Male,72000.0,250000,48000.0,72000.0,0.75,No,Delhi NCR,North,Fashion & Lifestyle,5.0,2.577319587628866,High Value,Medium Value,0.13
Parul Gulati,https://www.instagram.com/gulati06,gulati06,1700000,Mega/Celebrity,1.08,294000,235200.0,Female,150000.0,650000,250000.0,100000.0,,No,Varanasi,North,Fashion & Lifestyle,5.0,35.403050108932455,Low Value,Low Value,0.053
Just Janvi,https://www.instagram.com/justjanvi/?hl=en,justjanvi,1700000,Mega/Celebrity,5.76,972000,777600.0,Female,150000.0,400000,350000.0,100000.0,,No,Delhi NCR,North,Fashion & Lifestyle,5.0,4.084967320261438,Medium Value,High Value,0.625
Shraddha Rangarh,https://www.instagram.com/unfitofit_official_?igsh=dTJ4cjFsc2UwM2Fj,unfitofit_official_,1800000,Mega/Celebrity,2.5,930000,736048.0,Female,600000.0,500000,65000.0,20000.0,,No,Delhi NCR,North,Fashion & Lifestyle,5.0,11.11111111111111,Low Value,Low Value,0.08
Rajat Rai,https://www.instagram.com/trickblower/,trickblower,1700000,Mega/Celebrity,3.2,183000,146400.0,Male,200000.0,120000,3000.0,5000.0,,No,West Bengal,East,Travel,5.0,2.2058823529411766,High Value,Medium Value,0.411
Bhvaika Sharma,https://www.instagram.com/bhavikasharma53,bhavikasharma53,1661238,Mega/Celebrity,7.86,214000,171200.0,Female,90000.0,200000,80000.0,120000.0,,No,Mumbai,West,Entertainment,5.0,1.531706632093965,High Value,High Value,0.971
Rj Princy,https://www.instagram.com/princymirchilove/,princymirchilove,1652371,Mega/Celebrity,46.61,201889,161511.0,Female,82500.0,700000,420000.0,125000.0,,No,Mumbai,West,Comedy,5.0,0.9088900997385366,High Value,High Value,0.625
Falguni,https://www.instagram.com/falgunipeacock,falgunipeacock,1615651,Mega/Celebrity,1.65,651000,520800.0,Female,,150000,60000.0,90000.0,,No,Delhi NCR,North,Fashion & Lifestyle,5.0,5.626777745261254,Medium Value,Medium Value,0.13
Manav Chhabra,https://www.instagram.com/mr.mnv/,mr.mnv,1600000,Mega/Celebrity,2.32,806800,645440.0,Male,150000.0,570000,340000.0,200000.0,,No,Mumbai,West,Fashion & Lifestyle,5.0,15.355603448275865,Low Value,Low Value,0.08
Ashi Khanna,https://www.instagram.com/ashi_khanna/,ashi_khanna,1600000,Mega/Celebrity,2.17,456000,364800.0,Female,48000.0,150000,60000.0,90000.0,,No,Delhi NCR,North,Fashion & Lifestyle,5.0,4.320276497695852,Medium Value,Medium Value,0.13
Sangram B Chougle,https://www.instagram.com/sangram_chougule_official?igsh=d3ZwMnpoZno1MzNo,sangram_chougule_official,1600000,Mega/Celebrity,2.19,225950,180760.0,Male,100000.0,200000,10000.0,10000.0,,No,Delhi NCR,North,Fashion & Lifestyle,5.0,5.707762557077626,Medium Value,Medium Value,0.13
sanah_kainat,https://www.instagram.com/sanah_kainat/,sanah_kainat,1593223,Mega/Celebrity,9.21,191187,152950.0,Female,44000.0,150000,90000.0,60000.0,,No,Udaipur,West,Comedy,5.0,1.0222451565876254,High Value,High Value,0.971
Aaditya Shukla,https://www.instagram.com/aadityashukla09/,aadityashukla09,1565812,Mega/Celebrity,20.88,193383,154706.0,Male,80000.0,250000,150000.0,100000.0,,No,Delhi NCR,North,Comedy,5.0,0.7646626847046997,High Value,High Value,0.971
Focused Indian (Karan Sonwane),https://www.instagram.com/focusedindian,focusedindian,1509621,Mega/Celebrity,4.29,181155,144924.0,Male,150000.0,700000,300000.0,100000.0,,No,Delhi NCR,North,Comedy,5.0,10.808683978969766,Low Value,Low Value,0.08
Anirudh Sharma,https://www.instagram.com/anirudhh_sharma/,anirudhh_sharma,1500000,Mega/Celebrity,2.81,441000,35280.0,Male,80000.0,300000,120000.0,180000.0,,No,Mumbai,West,Fashion & Lifestyle,5.0,7.117437722419929,Medium Value,Medium Value,0.13
Rochit Singh,https://www.instagram.com/rochit__singh/,rochit__singh,1500000,Mega/Celebrity,7.28,307800,246240.0,Male,100000.0,250000,200000.0,75000.0,,No,Lucknow,North,Finance,5.0,2.2893772893772892,High Value,High Value,0.971
Tanuj Virwani,https://www.instagram.com/tanujvirwani?igsh=MTZwM3Vrb2V4Nmd3aA%3D%3D,tanujvirwani,1500000,Mega/Celebrity,1.85,132100,105680.0,Male,38000.0,150000,60000.0,90000.0,,No,Assam,Northeast,Fashion & Lifestyle,5.0,5.405405405405405,Medium Value,Medium Value,0.13
Pranavi Manukonda,https://www.instagram.com/pranavi_manukonda/,pranavi_manukonda,1500000,Mega/Celebrity,2.55,400000,320000.0,Female,72000.0,120000,48000.0,72000.0,,No,Delhi NCR,North,Beauty,5.0,3.1372549019607847,High Value,Medium Value,0.411
Bani J,https://www.instagram.com/banij?utm_source=ig_web_button_share_sheet&igsh=ZDNlZDc0MzIxNw==,banij,1500000,Mega/Celebrity,2.7,284200,227360.0,Female,,210000,15000.0,4200.0,,No,Mumbai,West,Fashion & Lifestyle,5.0,5.185185185185184,Medium Value,Medium Value,0.13
Arohi Khurana,https://www.instagram.com/arohikhurana_,arohikhurana_,1454511,Mega/Celebrity,1.95,174541,139633.0,Female,100000.0,120000,72000.0,48000.0,,No,West Bengal,East,Entertainment,5.0,4.230869449489316,Medium Value,Medium Value,0.411
rjashishsharma,https://www.instagram.com/rjashishsharma/,rjashishsharma,1400000,Mega/Celebrity,1.67,312000,249600.0,Male,60000.0,600000,425000.0,150000.0,,No,Delhi NCR,North,Entertainment,5.0,25.66295979469632,Low Value,Low Value,0.08
Nitin Joshi,https://www.instagram.com/ji_nitinjoshi/reels/,ji_nitinjoshi,1400000,Mega/Celebrity,2.09,400000,320000.0,Male,90000.0,300000,150000.0,90000.0,,No,Delhi NCR,North,Business & Marketing,5.0,10.252904989747096,Low Value,Medium Value,0.13
Darshan Wairkar,https://www.instagram.com/darshansthetics,darshansthetics,1400000,Mega/Celebrity,9.76,650000,520000.0,Male,100000.0,250000,1080000.0,300000.0,,No,Delhi NCR,North,Fitness,5.0,1.829625292740047,High Value,High Value,0.971
Bhagyashree,https://www.instagram.com/helloshreee/,helloshreee,1400000,Mega/Celebrity,1.74,1000000,800000.0,Female,,100000,40000.0,60000.0,,No,West Bengal,East,Beauty,5.0,4.105090311986864,Medium Value,Medium Value,0.411
Sahil Joshi,https://www.instagram.com/official_Sahiljoshi/,official_sahiljoshi,1800000,Mega/Celebrity,12.2,3000000,2400000.0,Male,50000.0,350000,160000.0,240000.0,,Yes,Delhi NCR,North,Fashion & Lifestyle,5.0,1.5938069216757742,High Value,High Value,0.971
Anjali Tripathi,https://www.instagram.com/aimfit_anjali?igsh=MThhMzNqZDVuNTg5ZQ==,aimfit_anjali,1400000,Mega/Celebrity,2.14,280000,22414.0,Female,24000.0,300000,15000.0,5000.0,,No,Mumbai,West,Beauty,5.0,10.013351134846461,Low Value,Medium Value,0.13
Khyati Sonigra,https://www.instagram.com/khyati.3am/,khyati.3am,1300000,Mega/Celebrity,2.02,100000,56368.0,Female,,200000,3000.0,10000.0,,No,Mumbai,West,Fashion & Lifestyle,5.0,7.616146230007616,Medium Value,Medium Value,0.13
Nayan Shelke,https://www.instagram.com/assassinsarmy01,assassinsarmy01,1351007,Mega/Celebrity,1.57,972000,777600.0,Male,50000.0,150000,60000.0,90000.0,,Yes,Delhi NCR,North,Gaming,5.0,7.07186574709719,Medium Value,Medium Value,0.13
brotomotiv,https://www.instagram.com/brotomotiv.in/,brotomotiv.in,1320000,Mega/Celebrity,2.0,627000,501600.0,Female,80000.0,350000,,60000.0,,No,Delhi NCR,North,Beauty,5.0,13.257575757575758,Low Value,Medium Value,0.13
Viraj Ghelani,https://www.instagram.com/viraj_ghelani/,viraj_ghelani,1308346,Mega/Celebrity,10.1,1560000,124800.0,Male,,650000,390000.0,260000.0,,No,Mumbai,West,Comedy,5.0,4.9189156112805295,Medium Value,High Value,0.625
Shivanshu Agrawal,https://www.instagram.com/shivanshu.agrawal_/reels/,shivanshu.agrawal_,1300000,Mega/Celebrity,2.86,493000,394400.0,Male,100000.0,450000,120000.0,100000.0,,Yes,Delhi NCR,North,Business & Marketing,5.0,12.103281334050564,Low Value,Medium Value,0.13
Abhishek Jain,https://www.instagram.com/fryder01/,fryder01,1300000,Mega/Celebrity,4.0,489000,391200.0,Male,50000.0,300000,120000.0,180000.0,,No,Bangalore,South,Beauty,5.0,5.769230769230769,Medium Value,Medium Value,0.13
Rise with Rahul,https://www.instagram.com/rise_with_rahul?i&igsh=ZDNlZDc0MzIxNw==,rise_with_rahul,1300000,Mega/Celebrity,3.19,381200,304960.0,Male,60000.0,200000,600000.0,60000.0,,Yes,Delhi NCR,North,Business & Marketing,5.0,4.822763443453098,Medium Value,Medium Value,0.13
TSG?RITIK,https://www.instagram.com/jain__ritik/,jain__ritik,1300000,Mega/Celebrity,6.03,1300000,1040000.0,Male,,200000,120000.0,80000.0,,No,Pune,West,Comedy,5.0,2.5513458349279245,High Value,High Value,0.667
Naezy,https://www.instagram.com/naezythebaa,naezythebaa,1265873,Mega/Celebrity,1.48,140000,112000.0,Male,,120000,48000.0,72000.0,,No,Mumbai,West,Music,5.0,6.405151313052817,Medium Value,Medium Value,0.411
Umer Qureshi,https://www.instagram.com/NA/,na,1200000,Mega/Celebrity,22.3,276500,221200.0,Male,,600000,300000.0,100000.0,,Yes,Mumbai,West,Comedy,5.0,2.242152466367713,High Value,High Value,0.625
Kareema Barry,https://www.instagram.com/kareemabarry,kareemabarry,1200000,Mega/Celebrity,3.02,144000,115200.0,Male,100000.0,600000,450000.0,100000.0,,No,Punjab,North,Comedy,5.0,16.556291390728475,Low Value,Low Value,0.08
Shreya Kalra,https://www.instagram.com/shreyakalraa?igsh=MXQ3aTRtM29ieWtwZw==,shreyakalraa,1200000,Mega/Celebrity,7.59,1800000,1440000.0,Female,52000.0,500000,200000.0,300000.0,,No,Delhi NCR,North,Fashion & Lifestyle,5.0,5.489679402722881,Medium Value,High Value,0.625
Prakash Thinkwings,https://www.instagram.com/thinkwings_prakash/,thinkwings_prakash,1200000,Mega/Celebrity,12.1,700000,560000.0,Male,80000.0,350000,80000.0,40000.0,,No,Mumbai,West,Finance,5.0,2.4104683195592287,High Value,High Value,0.971
TimebillionaireAbu,https://www.instagram.com/timebillionaireabu/,timebillionaireabu,1200000,Mega/Celebrity,1.5,289000,231200.0,Male,67500.0,225000,80000.0,67500.0,,No,Chennai,South,Finance,5.0,12.5,Low Value,Low Value,0.053
Harshak Sinha,https://instagram.com/harshaksinha?igshid=NzZhOTFlYzFmZQ==,harshaksinha,1200000,Mega/Celebrity,1.56,276500,221200.0,Male,80000.0,220000,50000.0,66000.0,,No,Mumbai,West,Business & Marketing,5.0,11.752136752136753,Low Value,Medium Value,0.13
Viral Sakshiya,https://www.instagram.com/viral_sakhiya?igsh=ZDNlZDc0MzIxNw==,viral_sakhiya,1200000,Mega/Celebrity,3.23,276500,221200.0,Male,60000.0,200000,250000.0,60000.0,,No,Mumbai,West,Business & Marketing,5.0,5.159958720330238,Medium Value,Medium Value,0.13
Ujjwal D Gadhvi | Finance | Business | Marketing,https://www.instagram.com/finspire_ujjwal,finspire_ujjwal,1200000,Mega/Celebrity,4.4,180000,144000.0,Male,60000.0,200000,90000.0,60000.0,,No,Mumbai,West,Finance,5.0,3.787878787878788,High Value,Medium Value,0.13
Prabhat Chaudhary,https://www.instagram.com/iamprabhatchaudhary?igsh=MWQ3cDRrMGk3dzFycQ%3D%3D,iamprabhatchaudhary,1200000,Mega/Celebrity,1.67,140950,112760.0,Male,80000.0,100000,40000.0,60000.0,,No,Mumbai,West,Fashion & Lifestyle,5.0,4.990019960079841,Medium Value,Medium Value,0.411
Ankita PrabhuWalawalkar,https://www.instagram.com/kokanheartedgirl,kokanheartedgirl,1149074,Mega/Celebrity,2.09,800900,640720.0,Female,36000.0,175000,70000.0,105000.0,,No,Delhi NCR,North,Entertainment,5.0,7.2869160224901055,Medium Value,Medium Value,0.13
Ayush Mehra,https://www.instagram.com/ayush007,ayush007,1147062,Mega/Celebrity,9.76,391000,312800.0,Male,32000.0,270000,1080000.0,1620000.0,,No,Mumbai,West,Entertainment,5.0,2.411720938033821,High Value,High Value,0.971
Akriti Negi,https://www.instagram.com/akritinegi_official,akritinegi_official,1135307,Mega/Celebrity,1.14,140950,112760.0,Female,50000.0,300000,120000.0,180000.0,,No,Chandigarh,North,Entertainment,5.0,23.179447914691103,Low Value,Low Value,0.053
Swaalina,https://www.instagram.com/swaalina,swaalina,1105691,Mega/Celebrity,12.2,132683,106146.0,Female,50000.0,400000,160000.0,240000.0,,No,Delhi NCR,North,Entertainment,5.0,2.96528462707046,High Value,High Value,0.625
usman_insane,https://www.instagram.com/usman_insane/,usman_insane,1100164,Mega/Celebrity,1.5,132020,105616.0,Male,,200000,120000.0,80000.0,,No,Mumbai,West,Comedy,5.0,12.119405228069027,Low Value,Low Value,0.053
satishray_,https://www.instagram.com/satishray_/,satishray_,1100000,Mega/Celebrity,3.88,190000,152000.0,Male,24000.0,750000,420000.0,150000.0,,Yes,Mumbai,West,Education,5.0,17.572633552014995,Low Value,Low Value,0.08
Pretty Much Finance,https://www.instagram.com/prettymuchfinance/,prettymuchfinance,1100000,Mega/Celebrity,1.33,500000,400000.0,Female,80000.0,300000,80000.0,60000.0,,No,Delhi NCR,North,Finance,5.0,20.50580997949419,Low Value,Low Value,0.053
kunal jaisingh,https://www.instagram.com/kunaljaisingh?utm_source=ig_web_button_share_sheet&igsh=NnRvOWNsYjAxdDR6,kunaljaisingh,1100000,Mega/Celebrity,1.2,100000,80000.0,Male,,250000,200000.0,200000.0,,No,Mumbai,West,Entertainment,5.0,18.939393939393938,Low Value,Low Value,0.053
Deepak Wadhwa (SEBI Registered),https://www.instagram.com/deepakwadhwa.official?&igsh=ZDNlZDc0MzIxNw==,deepakwadhwa.official,1100000,Mega/Celebrity,27.2,121239,96991.0,Male,90000.0,225000,90000.0,67500.0,,No,Delhi NCR,North,Finance,5.0,0.7520053475935828,High Value,High Value,0.971
Sanskaar Singh R,https://www.instagram.com/codes.learning/,codes.learning,1100000,Mega/Celebrity,7.2,84000,67200.0,Male,30000.0,350000,62000.0,93000.0,,No,Delhi NCR,North,Comedy,5.0,4.41919191919192,Medium Value,High Value,0.971
Gujarati Media Factory,https://www.instagram.com/gujaratimediafactory/,gujaratimediafactory,1100000,Mega/Celebrity,0.37,121239,96991.0,Female,5000.0,300000,10000.0,20000.0,,Yes,Mumbai,West,Travel,5.0,73.71007371007371,Low Value,Low Value,0.0
kennethseb,https://www.instagram.com/kennethseb/,kennethseb,1089926,Mega/Celebrity,3.19,130791,104633.0,Male,36000.0,100000,600000.0,400000.0,,No,Udaipur,West,Comedy,5.0,2.8761551135072603,High Value,Medium Value,0.411
Shefali Shah,https://www.instagram.com/shefalishahofficial,shefalishahofficial,1085627,Mega/Celebrity,3.33,130275,104220.0,Female,50000.0,500000,200000.0,300000.0,,No,Bangalore,South,Entertainment,5.0,13.830731010756931,Low Value,Low Value,0.08
Raj Gourav,https://www.instagram.com/feat_raj,feat_raj,1084825,Mega/Celebrity,0.09,456000,364800.0,Male,,100000,40000.0,60000.0,,No,Pune,West,Business & Marketing,5.0,102.42307387008145,Low Value,Low Value,0.0
Romit Raj,https://www.instagram.com/romitrajprasher,romitrajprasher,1083350,Mega/Celebrity,0.01,18120,14496.0,Male,,180000,72000.0,108000.0,,No,Delhi NCR,North,Entertainment,5.0,1661.5128998015416,Low Value,Low Value,0.0
Myra Singh,https://www.instagram.com/myrasinghofficial,myrasinghofficial,1082389,Mega/Celebrity,1.56,129887,103910.0,Female,,125000,50000.0,75000.0,,No,Mumbai,West,Entertainment,5.0,7.402902757530345,Medium Value,Medium Value,0.411
Raja Kumari,https://www.instagram.com/therajakumari,therajakumari,1081715,Mega/Celebrity,8.99,129806,103845.0,Female,12000.0,280000,20000.0,10000.0,,No,Mumbai,West,Travel,5.0,2.879290521426505,High Value,High Value,0.971
Dushyant Yadav,https://www.instagram.com/kumardushyantyadav,kumardushyantyadav,1080636,Mega/Celebrity,3.23,129676,103741.0,Male,,250000,20000.0,22500.0,,No,Delhi NCR,North,Fashion & Lifestyle,5.0,7.162391481030945,Medium Value,Medium Value,0.13
Raghav,https://www.instagram.com/rjraghav/,rjraghav,1080000,Mega/Celebrity,1.5,800900,640720.0,Male,35000.0,200000,80000.0,120000.0,,No,Delhi NCR,North,Entertainment,5.0,12.345679012345679,Low Value,Low Value,0.053
Harshita,https://www.instagram.com/harshita1210,harshita1210,1078298,Mega/Celebrity,6.2,129396,103517.0,Female,50000.0,225000,90000.0,135000.0,,No,Vadodara,West,Entertainment,5.0,3.3655188621925625,High Value,High Value,0.667
Sreejita,https://www.instagram.com/sreejita_de,sreejita_de,1076935,Mega/Celebrity,12.1,129232,103386.0,Female,30000.0,200000,80000.0,120000.0,,No,Delhi NCR,North,Entertainment,5.0,1.5348118149967,High Value,High Value,0.971
ritviksahore,https://www.instagram.com/ritviksahore,ritviksahore,1070446,Mega/Celebrity,3.73,128454,102763.0,Male,,300000,120000.0,180000.0,,No,Mumbai,West,Entertainment,5.0,7.513592878444357,Medium Value,Medium Value,0.13
Ronith Ashra,https://www.instagram.com/ronit.ashra/,ronit.ashra,1070000,Mega/Celebrity,2.94,1004000,803200.0,Male,24000.0,200000,80000.0,120000.0,,No,Delhi NCR,North,Fashion & Lifestyle,5.0,6.357683260219976,Medium Value,Medium Value,0.13
Dharna,https://www.instagram.com/dharnaaaaa/,dharnaaaaa,1060000,Mega/Celebrity,10.5,730000,584000.0,Female,,150000,900000.0,600000.0,,Yes,Delhi NCR,North,Entertainment,5.0,1.3477088948787062,High Value,High Value,0.971
Debashree Biswas,https://www.instagram.com/debashreebiswas/,debashreebiswas,1049739,Mega/Celebrity,0.38,121157,96926.0,Female,32000.0,700000,280000.0,420000.0,,No,Mumbai,West,Beauty,5.0,175.48221635643665,Low Value,Low Value,0.0
Namrita Kour,https://www.instagram.com/theknampage?igsh=MTlrejJhOW5sNThmbg==,theknampage,1030000,Mega/Celebrity,6.5,2050000,1640000.0,Female,25000.0,300000,120000.0,180000.0,,No,Delhi NCR,North,Comedy,5.0,4.480955937266617,Medium Value,High Value,0.667
Nisman,https://www.instagram.com/niswoman?igsh=ZG85NzVlcjkzZWlo,niswoman,1030000,Mega/Celebrity,6.48,760000,608000.0,Female,36000.0,300000,120000.0,180000.0,,No,Mumbai,West,Entertainment,5.0,4.494786048184107,Medium Value,High Value,0.667
iamkhanzaadi,https://www.instagram.com/iamkhanzaadi,iamkhanzaadi,1010329,Mega/Celebrity,4.62,121239,96991.0,Female,180000.0,165000,400000.0,250000.0,,No,Delhi NCR,North,Comedy,5.0,3.5349164197291887,High Value,Medium Value,0.13
aishwarya_tm,https://www.instagram.com/aishwarya_tm,aishwarya_tm,1010269,Mega/Celebrity,2.7,121232,96986.0,Female,32000.0,200000,120000.0,180000.0,,No,Delhi NCR,North,Music,5.0,7.332113929465724,Medium Value,Medium Value,0.13
raj_gehani_,https://www.instagram.com/raj_gehani_,raj_gehani_,1010179,Mega/Celebrity,0.16,121221,96977.0,Male,,180000,4000.0,3000.0,,No,Delhi NCR,North,Fashion & Lifestyle,5.0,111.36640140014788,Low Value,Low Value,0.0
aaryaveer__singh,https://www.instagram.com/aaryaveer__singh,aaryaveer__singh,1010149,Mega/Celebrity,2.63,121218,96974.0,Male,28000.0,180000,40000.0,15000.0,,No,Mumbai,West,Beauty,5.0,6.775343502669731,Medium Value,Medium Value,0.13
shreemanlegend,https://www.instagram.com/shreemanlegend,shreemanlegend,1010059,Mega/Celebrity,1.52,121207,96966.0,Male,50000.0,100000,40000.0,45000.0,,No,Mumbai,West,Gaming,5.0,6.513428788240145,Medium Value,Medium Value,0.411
vineet_ksofficial,https://www.instagram.com/vineet_ksofficial,vineet_ksofficial,1010029,Mega/Celebrity,3.09,121203,96962.0,Male,40000.0,150000,60000.0,90000.0,,No,Mumbai,West,Entertainment,5.0,4.806167874426214,Medium Value,Medium Value,0.13
Pranav Sharma,https://www.instagram.com/pranavsharm_a?igsh=aWJibHk0dHdoYXZj,pranavsharm_a,1010000,Mega/Celebrity,6.02,5000000,4000000.0,Male,60000.0,200000,120000.0,180000.0,,No,Mumbai,West,Entertainment,5.0,3.2893654813986384,High Value,High Value,0.667
Meghna Kaur,https://www.instagram.com/shetroublemaker/,shetroublemaker,1010000,Mega/Celebrity,1.2,280000,224000.0,Female,60000.0,200000,80000.0,120000.0,,No,Mumbai,West,Fashion & Lifestyle,5.0,16.501650165016503,Low Value,Low Value,0.053
kalkikanmani,https://www.instagram.com/kalkikanmani,kalkikanmani,1009984,Mega/Celebrity,1.03,121198,96958.0,Female,20000.0,255000,25000.0,10000.0,,No,Mumbai,West,Beauty,5.0,24.512548271455845,Low Value,Low Value,0.0
ananyasharmamusic,https://www.instagram.com/ananyasharmamusic,ananyasharmamusic,1009924,Mega/Celebrity,1.94,121191,96953.0,Female,3000.0,190000,6000.0,2000.0,,No,Mumbai,West,Fashion & Lifestyle,5.0,9.697575691824028,Low Value,Medium Value,0.13
sannavannitasuri,https://www.instagram.com/sannavannitasuri,sannavannitasuri,1009894,Mega/Celebrity,1.37,121187,96950.0,Female,,180000,15000.0,20000.0,,No,Mumbai,West,Fashion & Lifestyle,5.0,13.009965532409204,Low Value,Low Value,0.053
ashukla09,https://www.instagram.com/ashukla09,ashukla09,1009864,Mega/Celebrity,1.33,121184,96947.0,Male,30000.0,200000,80000.0,120000.0,,No,Dehradun,North,Entertainment,5.0,14.890712001776878,Low Value,Low Value,0.053
anishbhagatt,https://www.instagram.com/anishbhagatt,anishbhagatt,1009804,Mega/Celebrity,1.13,121176,96941.0,Male,200000.0,300000,180000.0,120000.0,,No,Delhi NCR,North,Entertainment,5.0,26.290916421772625,Low Value,Low Value,0.053
rasika123s,https://www.instagram.com/rasika123s,rasika123s,1009789,Mega/Celebrity,7.21,121175,96940.0,Female,,180000,320000.0,480000.0,,No,Assam,Northeast,Fashion & Lifestyle,5.0,2.472330945989679,High Value,High Value,0.971
koyana_chakraborty,https://www.instagram.com/koyana_chakraborty,koyana_chakraborty,1009774,Mega/Celebrity,8.53,121173,96938.0,Female,40000.0,175000,70000.0,105000.0,,No,Mumbai,West,Entertainment,5.0,2.031724573491148,High Value,High Value,0.971
prarbdha_batwal,https://www.instagram.com/prarbdha_batwal,prarbdha_batwal,1009759,Mega/Celebrity,2.13,121171,96937.0,Male,100000.0,250000,275000.0,50000.0,,No,Mumbai,West,Beauty,5.0,11.623653962854439,Low Value,Medium Value,0.13
theorangeepistles,https://www.instagram.com/theorangeepistles,theorangeepistles,1009744,Mega/Celebrity,1.4,121169,96935.0,Male,,155000,62000.0,93000.0,,No,Delhi NCR,North,Entertainment,5.0,10.964589610266138,Low Value,Low Value,0.053
limitless_adventurer,https://www.instagram.com/limitless_adventurer,limitless_adventurer,1009729,Mega/Celebrity,1.95,121167,96934.0,Male,35000.0,200000,80000.0,120000.0,,No,J & K,North,Entertainment,5.0,10.157587091596117,Low Value,Medium Value,0.13
ashwaniguptaofficial,https://www.instagram.com/ashwaniguptaofficial,ashwaniguptaofficial,1009714,Mega/Celebrity,3.88,121166,96933.0,Male,85000.0,175000,350000.0,75000.0,,No,Mumbai,West,Fashion & Lifestyle,5.0,4.46691764039175,Medium Value,Medium Value,0.13
pikkachu_girl,https://www.instagram.com/pikkachu_girl,pikkachu_girl,1009699,Mega/Celebrity,1.19,121164,96931.0,Female,20000.0,200000,10000.0,6000.0,,No,Jaipur,West,Beauty,5.0,16.645280117218725,Low Value,Low Value,0.053
kreetika10,https://www.instagram.com/kreetika10,kreetika10,1009684,Mega/Celebrity,1.65,121162,96930.0,Female,,250000,100000.0,150000.0,,No,Mumbai,West,Entertainment,5.0,15.006195157608866,Low Value,Medium Value,0.13
veronicavanij,https://www.instagram.com/veronicavanij,veronicavanij,1009654,Mega/Celebrity,1.48,121158,96926.0,Female,24000.0,200000,5000.0,2000.0,,No,Mumbai,West,Beauty,5.0,13.384301467149651,Low Value,Low Value,0.053
ruchikaguptaaa,https://www.instagram.com/ruchikaguptaaa,ruchikaguptaaa,1009624,Mega/Celebrity,4.49,121155,96924.0,Female,20000.0,200000,80000.0,120000.0,,No,Mumbai,West,Beauty,5.0,4.411883022204107,Medium Value,Medium Value,0.13
itisariah,https://www.instagram.com/itisariah,itisariah,1009594,Mega/Celebrity,0.09,121151,96921.0,Female,30000.0,225000,90000.0,135000.0,,No,Delhi NCR,North,Entertainment,5.0,247.62429253739626,Low Value,Low Value,0.0
maeramishra,https://www.instagram.com/maeramishra,maeramishra,1009549,Mega/Celebrity,2.77,121146,96917.0,Female,,250000,100000.0,150000.0,,No,Mumbai,West,Entertainment,5.0,8.939903618469973,Medium Value,Medium Value,0.13
mallikadua,https://www.instagram.com/mallikadua,mallikadua,1009534,Mega/Celebrity,0.01,121144,96915.0,Female,,300000,120000.0,180000.0,,No,Mumbai,West,Entertainment,5.0,2971.6681161803367,Low Value,Low Value,0.0
aadhya_anand,https://www.instagram.com/aadhya_anand,aadhya_anand,1009489,Mega/Celebrity,7.03,121139,96911.0,Female,,250000,100000.0,150000.0,,No,Manipur,Northeast,Entertainment,5.0,3.522760294281644,High Value,High Value,0.971
arshiyaarshiofficial,https://www.instagram.com/arshiyaarshiofficial,arshiyaarshiofficial,1009459,Mega/Celebrity,4.17,121135,96908.0,Female,,200000,80000.0,120000.0,,No,Mumbai,West,Entertainment,5.0,4.751221267574378,Medium Value,Medium Value,0.13
vikramsingh_chauhan,https://www.instagram.com/vikramsingh_chauhan,vikramsingh_chauhan,1009414,Mega/Celebrity,2.98,121130,96904.0,Male,105000.0,150000,60000.0,67500.0,,No,Assam,Northeast,Entertainment,5.0,4.986613071524533,Medium Value,Medium Value,0.13
rohitboseroy,https://www.instagram.com/rohitboseroy,rohitboseroy,1009399,Mega/Celebrity,7.66,121128,96902.0,Male,,300000,240000.0,360000.0,,No,Mumbai,West,Entertainment,5.0,3.8799811433951095,High Value,High Value,0.971
_rushna_noor_,https://www.instagram.com/_rushna_noor_,_rushna_noor_,1009324,Mega/Celebrity,1.17,121119,96895.0,Female,50000.0,185000,34000.0,38250.0,,No,Delhi NCR,North,Entertainment,5.0,15.665896988445548,Low Value,Low Value,0.053
vishalsingh713,https://www.instagram.com/vishalsingh713,vishalsingh713,1009309,Mega/Celebrity,3.14,121117,96894.0,Male,57000.0,220000,88000.0,132000.0,,No,Delhi NCR,North,Entertainment,5.0,6.941748688213017,Medium Value,Medium Value,0.13
faizan.bollywood,https://www.instagram.com/faizan.bollywood,faizan.bollywood,1009294,Mega/Celebrity,4.55,121115,96892.0,Male,,250000,15000.0,5000.0,,No,Delhi NCR,North,Fashion & Lifestyle,5.0,5.4439097968535375,Medium Value,Medium Value,0.13
realkaranmehra,https://www.instagram.com/realkaranmehra,realkaranmehra,1009264,Mega/Celebrity,1.06,121112,96890.0,Male,24000.0,170000,68000.0,102000.0,,No,Delhi NCR,North,Entertainment,5.0,15.890526016043971,Low Value,Low Value,0.0
maltichahar,https://www.instagram.com/maltichahar,maltichahar,1009249,Mega/Celebrity,0.48,121110,96888.0,Female,,300000,10000.0,20000.0,,No,Assam,Northeast,Beauty,5.0,61.92723500345306,Low Value,Low Value,0.0
meenakshidixit,https://www.instagram.com/meenakshidixit,meenakshidixit,1009189,Mega/Celebrity,1.35,121103,96882.0,Female,,120000,48000.0,72000.0,,No,West Bengal,East,Entertainment,5.0,8.80795261233415,Medium Value,Medium Value,0.411
lekhaprajapati,https://www.instagram.com/lekhaprajapati,lekhaprajapati,1009144,Mega/Celebrity,1.66,121097,96878.0,Female,25000.0,100000,40000.0,60000.0,,No,Mumbai,West,Entertainment,5.0,5.969511175354726,Medium Value,Medium Value,0.411
reecha_sinha,https://www.instagram.com/reecha_sinha,reecha_sinha,1009099,Mega/Celebrity,0.44,121092,96874.0,Male,60000.0,350000,140000.0,210000.0,,No,Bangalore,South,Entertainment,5.0,78.8281967829267,Low Value,Low Value,0.0
Ankush Bahuguna,https://www.instagram.com/ankushbahuguna,ankushbahuguna,1000000,Mega/Celebrity,1.97,1030000,824000.0,Male,200000.0,800000,550000.0,250000.0,,No,Mumbai,West,Entertainment,5.0,40.609137055837564,Low Value,Low Value,0.08
Aashna Shroff,https://www.instagram.com/aashnashroff/,aashnashroff,1000000,Mega/Celebrity,2.05,562000,449600.0,Female,72000.0,800000,320000.0,480000.0,,No,Assam,Northeast,Beauty,5.0,39.024390243902445,Low Value,Low Value,0.08
Anushka Rathod,https://www.instagram.com/anushkarathod98,anushkarathod98,1000000,Mega/Celebrity,4.57,450000,360000.0,Female,100000.0,550000,35000.0,100000.0,,Yes,Surat,West,Finance,5.0,12.035010940919037,Low Value,Low Value,0.08
Aashna Hegde,https://www.instagram.com/aashnahegde/,aashnahegde,1000000,Mega/Celebrity,3.19,349000,279200.0,Female,20000.0,500000,200000.0,300000.0,,No,Mumbai,West,Beauty,5.0,15.67398119122257,Low Value,Low Value,0.08
Dasoham,https://www.instagram.com/dasoham_/,dasoham_,1000000,Mega/Celebrity,2.84,120000,96000.0,Male,75000.0,500000,300000.0,200000.0,,No,West Bengal,East,Comedy,5.0,17.6056338028169,Low Value,Low Value,0.08
Celesti,https://www.instagram.com/celesti.bairagey/,celesti.bairagey,1000000,Mega/Celebrity,4.37,121205,96964.0,Female,28000.0,400000,48000.0,21000.0,,No,Mumbai,West,Fashion & Lifestyle,5.0,9.153318077803204,Low Value,Medium Value,0.13
Technical Sapien,https://www.instagram.com/technical_sapien,technical_sapien,1000000,Mega/Celebrity,1.44,200000,160000.0,Male,60000.0,250000,125000.0,40000.0,,No,Pune,West,Technology,5.0,17.36111111111111,Low Value,Low Value,0.053
Ankita Singh,https://www.instagram.com/be_that_diva/,be_that_diva,1000000,Mega/Celebrity,2.03,20700,16560.0,Female,35000.0,200000,80000.0,120000.0,,No,Mumbai,West,Beauty,5.0,9.852216748768475,Low Value,Medium Value,0.13
Durjoy Dutta,https://www.instagram.com/durjoydatta/,durjoydatta,1000000,Mega/Celebrity,1.84,570000,456000.0,Male,28000.0,200000,80000.0,120000.0,,No,Delhi NCR,North,Entertainment,5.0,10.869565217391305,Low Value,Medium Value,0.13
Surabhi Das,https://www.instagram.com/surabhi_das22/,surabhi_das22,1000000,Mega/Celebrity,1.0,121205,96964.0,Female,,185000,25000.0,5000.0,,No,Mumbai,West,Beauty,5.0,18.5,Low Value,Low Value,0.0
Sanjay Kathuria,https://www.instagram.com/financebysanjay/,financebysanjay,1000000,Mega/Celebrity,1.8,121205,96964.0,Male,60000.0,150000,120000.0,45000.0,,Yes,Delhi NCR,North,Finance,5.0,8.333333333333334,Medium Value,Medium Value,0.13
Anmol Bhatia,https://www.instagram.com/anmolbhatia_/,anmolbhatia_,1000000,Mega/Celebrity,1.21,214700,171760.0,Male,48000.0,120000,48000.0,72000.0,,No,Mumbai,West,Beauty,5.0,9.917355371900827,Low Value,Medium Value,0.411
Akriti Bardwaj,https://www.instagram.com/theglobalistagirl/,theglobalistagirl,1000000,Mega/Celebrity,1.43,369600,295680.0,Female,40000.0,120000,48000.0,72000.0,,No,Delhi NCR,North,Beauty,5.0,8.391608391608392,Medium Value,Medium Value,0.411
Mridul Meena,https://www.instagram.com/mridul.meena17?igsh=eWx3YTF1Y3FjZ3Fh,mridul.meena17,1000000,Mega/Celebrity,3.71,1000000,800000.0,Female,16000.0,100000,40000.0,60000.0,,No,Mumbai,West,Fashion & Lifestyle,5.0,2.6954177897574123,High Value,Medium Value,0.411
Avinash Mukherjee,https://www.instagram.com/avinashmukherjee_/,avinashmukherjee_,1000000,Mega/Celebrity,1.26,214000,171200.0,Male,35000.0,87000,34800.0,52200.0,,No,Mumbai,West,Fashion & Lifestyle,5.0,6.904761904761905,Medium Value,Medium Value,0.411
Yasmin Karachiwala,https://www.instagram.com/yasminkarachiwala?igsh=MTB0djVuMGJzOTJqMw==,yasminkarachiwala,1000000,Mega/Celebrity,2.08,77900,62320.0,Female,,55000,40000.0,15000.0,,No,Mumbai,West,Fashion & Lifestyle,5.0,2.644230769230769,High Value,Medium Value,0.411
neelmotwani,https://www.instagram.com/neelmotwani,neelmotwani,999874,Macro,1.95,282000,225600.0,Male,35000.0,85000,34000.0,51000.0,,No,Mumbai,West,Entertainment,4.0,4.359523658955387,High Value,Medium Value,0.411
drishtiigarewal9,https://www.instagram.com/drishtiigarewal9,drishtiigarewal9,999736,Macro,1.64,31300,25040.0,Female,20000.0,150000,60000.0,90000.0,,No,Jaipur,West,Entertainment,4.0,9.148756735192725,High Value,Medium Value,0.13
esha_jhanji_,https://www.instagram.com/esha_jhanji_,esha_jhanji_,998265,Macro,1.85,217000,173600.0,Female,20000.0,125000,50000.0,75000.0,,No,West Bengal,East,Entertainment,4.0,6.7685001044379565,High Value,Medium Value,0.411
Gaurav Yadav,https://www.instagram.com/gaurav_yadav_5575/,gaurav_yadav_5575,991112,Macro,16.57,232000,185600.0,Male,24000.0,200000,80000.0,120000.0,,No,Mumbai,West,Fashion & Lifestyle,4.0,1.2178246288010859,High Value,High Value,0.971
Lagni,https://www.instagram.com/lagnipanchall/,lagnipanchall,985000,Macro,4.92,780000,624000.0,Female,20000.0,160000,30000.0,10000.0,,No,Mumbai,West,Comedy,4.0,3.301555858198176,High Value,Medium Value,0.13
Thedesindia,Instagram.com/thedesindia/,instagram.com,967000,Macro,4.92,7000,5600.0,Male,50000.0,16000,80000.0,40000.0,,No,Delhi NCR,North,Fashion & Lifestyle,4.0,0.33630119134697034,High Value,Medium Value,0.411
yuvraj.dua,https://www.instagram.com/yuvraj.dua/,yuvraj.dua,966000,Macro,7.56,3020000,2416000.0,Male,,900000,500000.0,150000.0,,No,Delhi NCR,North,Travel,4.0,12.323770087745242,Medium Value,Medium Value,0.2
Tirth Parsana,https://www.instagram.com/tirthrajparsana/,tirthrajparsana,961000,Macro,1.46,115320,92256.0,Male,20000.0,400000,240000.0,160000.0,,No,Delhi NCR,North,Comedy,4.0,28.50911578977378,Medium Value,Low Value,0.053
Sonal,https://www.instagram.com/sonal_1206/,sonal_1206,960000,Macro,1.14,82900,66320.0,Female,,120000,48000.0,72000.0,,No,Delhi NCR,North,Beauty,4.0,10.964912280701755,Medium Value,Medium Value,0.411
Unnati,https://www.instagram.com/unnati_m/,unnati_m,957000,Macro,4.15,668800,535040.0,Female,50000.0,520000,300000.0,180000.0,,No,Mumbai,West,Beauty,4.0,13.093124850499173,Medium Value,Low Value,0.08
WIll Power Star (Mangesh),https://www.instagram.com/thewillpowerstar/,thewillpowerstar,955000,Macro,1.46,121173,96938.0,Male,105000.0,350000,15000.0,105000.0,,Yes,Pune,West,Business & Marketing,4.0,25.102201821702646,Medium Value,Low Value,0.053
Harsh Rane,https://www.instagram.com/harshhrane/,harshhrane,949000,Macro,1.72,113880,91104.0,Male,,350000,210000.0,45000.0,,No,Mumbai,West,Comedy,4.0,21.44239958830593,Medium Value,Medium Value,0.13
Chandralekha | Finance,https://www.instagram.com/financewizardcl,financewizardcl,942000,Macro,2.0,300000,240000.0,Female,75000.0,350000,85000.0,75000.0,,No,Bangalore,South,Finance,4.0,18.577494692144374,Medium Value,Medium Value,0.13
Vijay NihalChandani,https://www.instagram.com/idea____man,idea____man,932000,Macro,1.19,100000,80000.0,Male,50000.0,220000,150000.0,60000.0,,No,Delhi NCR,North,Finance,4.0,19.836260684531325,Medium Value,Low Value,0.053
Riyaelity,https://www.instagram.com/riyaelity?igsh=ZDNlZDc0MzIxNw==,riyaelity,930000,Macro,1.66,121169,96935.0,Female,57000.0,190000,50000.0,57000.0,,No,Delhi NCR,North,Business & Marketing,4.0,12.307293690892603,Medium Value,Medium Value,0.13
Jesika,https://instagram.com/peachy_vibe?igshid=MmU2YjMzNjRlOQ==,peachy_vibe,922000,Macro,1.1,10100,8080.0,Female,,200000,75000.0,50000.0,,No,Delhi NCR,North,Beauty,4.0,19.71997633602839,Medium Value,Low Value,0.053
CA Bhagyashree Thakkar,https://www.instagram.com/ca.bhagyashreethakkar/,ca.bhagyashreethakkar,910000,Macro,1.0,300000,240000.0,Male,60000.0,200000,30000.0,70000.0,,No,Bangalore,South,Finance,4.0,21.978021978021978,Medium Value,Low Value,0.0
Dhiraj,https://www.instagram.com/dhirajjjjj_/,dhirajjjjj_,872000,Macro,7.44,104640,83712.0,Male,,300000,180000.0,120000.0,,No,Assam,Northeast,Comedy,4.0,4.624149156555194,High Value,High Value,0.971
rishabhhshukla,https://www.instagram.com/rishabhhshukla/,rishabhhshukla,868000,Macro,2.0,151850,121480.0,Male,50000.0,400000,270000.0,100000.0,,Yes,Delhi NCR,North,Entertainment,4.0,23.04147465437788,Medium Value,Medium Value,0.13
Maheep,https://www.instagram.com/maheep.singhh/,maheep.singhh,866000,Macro,2.35,103920,83136.0,Male,,350000,210000.0,140000.0,,No,Assam,Northeast,Comedy,4.0,17.19817207999607,Medium Value,Medium Value,0.13
Shivani Singh,https://www.instagram.com/shivani.singhh/,shivani.singhh,853000,Macro,1.61,86800,69440.0,Female,48000.0,150000,60000.0,90000.0,,No,Delhi NCR,North,Fashion & Lifestyle,4.0,10.92235660766167,Medium Value,Medium Value,0.13
Papistudents,https://www.instagram.com/papistudents/,papistudents,853000,Macro,2.11,6000,4800.0,Female,15000.0,70000,15000.0,30000.0,,No,West Bengal,East,Food,4.0,3.8892562075307113,High Value,Medium Value,0.411
Sanket,https://www.instagram.com/sankett25/,sankett25,841000,Macro,1.81,201900,161520.0,Male,55000.0,420000,300000.0,170000.0,,No,Mumbai,West,Fashion & Lifestyle,4.0,27.591462413201857,Medium Value,Medium Value,0.13
Bhanu Pathak,https://www.instagram.com/bhanu_pathak?igsh=ZDNlZDc0MzIxNw==,bhanu_pathak,830000,Macro,2.11,200000,160000.0,Male,82500.0,275000,360000.0,82500.0,,Yes,Delhi NCR,North,Finance,4.0,15.70262091018101,Medium Value,Medium Value,0.13
Samaira,https://www.instagram.com/samaira_bellasimo/,samaira_bellasimo,825000,Macro,1.03,232800,186240.0,Female,40000.0,50000,20000.0,50000.0,,No,Mumbai,West,Beauty,4.0,5.884083553986467,High Value,Low Value,0.024
Himanshi,https://www.instagram.com/himanshii21/,himanshii21,819000,Macro,4.37,651000,520800.0,Female,36000.0,120000,48000.0,72000.0,,No,Chandigarh,North,Fashion & Lifestyle,4.0,3.352863764763078,High Value,Medium Value,0.411
sharmajikabaddabeta,https://www.instagram.com/sharmajikabaddabeta/,sharmajikabaddabeta,807000,Macro,1.95,201900,161520.0,Male,52000.0,500000,400000.0,100000.0,,No,Delhi NCR,North,Beauty,4.0,31.77326597400947,Medium Value,Low Value,0.08
Nisha Gupta,https://www.instagram.com/ng__nishi/,ng__nishi,806000,Macro,1.31,568200,454560.0,Female,80000.0,100000,40000.0,60000.0,,No,Mumbai,West,Beauty,4.0,9.470952588411341,High Value,Medium Value,0.411
Tanzeel Khan,https://www.instagram.com/tanzeel_khan03/,tanzeel_khan03,803000,Macro,1.8,280000,224000.0,Male,,180000,120000.0,110000.0,,No,Mumbai,West,Entertainment,4.0,12.453300124533001,Medium Value,Medium Value,0.13
Atharva Ruke,https://www.instagram.com/ruke_atharva/,ruke_atharva,780000,Macro,4.57,3000000,2400000.0,Male,150000.0,250000,35000.0,300000.0,0.2,No,Mumbai,West,Entertainment,4.0,7.0134096392302085,High Value,Medium Value,0.13
Learn with Lokesh Lalwani,https://www.instagram.com/learnwithlokeshlalwani?igsh=ZDNlZDc0MzIxNw==,learnwithlokeshlalwani,778000,Macro,0.53,179625,143700.0,Male,48000.0,120000,17000.0,36000.0,,No,Delhi NCR,North,Education,4.0,29.102197215889802,Medium Value,Low Value,0.024
Tech Believers,https://www.instagram.com/tech_believers/,tech_believers,767000,Macro,2.3,493000,394400.0,Female,,100000,60000.0,40000.0,,No,Mumbai,West,Comedy,4.0,5.668612890425714,High Value,Medium Value,0.411
Finance with Manveer,https://www.instagram.com/stockswithmanveer?utm_source=ig_web_button_share_sheet&igsh=ZDNlZDc0MzIxNw==,stockswithmanveer,755000,Macro,3.58,203000,162400.0,Male,44000.0,110000,50000.0,33000.0,,No,Udaipur,West,Finance,4.0,4.069702911687447,High Value,Medium Value,0.411
iamavinashdagar,https://www.instagram.com/iamavinashdagar/,iamavinashdagar,752000,Macro,2.21,85080,68064.0,Male,16000.0,200000,120000.0,70000.0,,Yes,Delhi NCR,North,Entertainment,4.0,12.034273611244824,Medium Value,Medium Value,0.13
Namrata Pathania,https://www.instagram.com/namrata_pathania/,namrata_pathania,750000,Macro,1.07,330200,264160.0,Female,20000.0,200000,80000.0,120000.0,,No,Mumbai,West,Beauty,4.0,24.922118380062305,Medium Value,Low Value,0.053
sahigal.ankita,https://www.instagram.com/sahigal.ankita/,sahigal.ankita,746000,Macro,0.23,191125,152900.0,Female,24000.0,600000,450000.0,100000.0,,No,Delhi NCR,North,Fashion & Lifestyle,4.0,349.6911061895326,Low Value,Low Value,0.0
Tech With Lalit,https://www.instagram.com/techwithlalit_/reels/,techwithlalit_,744000,Macro,27.2,191125,152900.0,Female,,20000,90000.0,40000.0,,No,Mumbai,West,Fashion & Lifestyle,4.0,0.09882985452245414,High Value,High Value,1.0
MrGeekGuy,https://www.instagram.com/mrgeekguy/,mrgeekguy,743000,Macro,1.34,10400,8320.0,Female,50000.0,30000,180000.0,50000.0,,No,Delhi NCR,North,Beauty,4.0,3.0131978063919966,High Value,Medium Value,0.411
Steffy Sunny,https://www.instagram.com/steffy_sunny_,steffy_sunny_,741000,Macro,7.28,2000000,1600000.0,Male,75000.0,325000,200000.0,75000.0,,No,Bangalore,South,Entertainment,4.0,6.024677077308656,High Value,High Value,0.971
Srishti Dixit,https://www.instagram.com/srishtipatch,srishtipatch,737000,Macro,5.72,88440,70752.0,Female,150000.0,550000,275000.0,100000.0,,No,Delhi NCR,North,Comedy,4.0,13.046654837699613,Medium Value,Medium Value,0.2
Atiksha,https://www.instagram.com/fin_saheli?igsh=d2tqcWVuZGlvbDZh,fin_saheli,735000,Macro,3.75,247250,197800.0,Female,72000.0,180000,3000.0,54000.0,,No,Delhi NCR,North,Finance,4.0,6.530612244897959,High Value,Medium Value,0.13
Sameeksha Takke,https://www.instagram.com/sameekshatakke13/,sameekshatakke13,734567,Macro,1.53,88148,70518.0,Female,36000.0,400000,240000.0,160000.0,,Yes,Mumbai,West,Comedy,4.0,35.59075053694654,Low Value,Medium Value,0.13
Richa Chetry,https://www.instagram.com/richachetryofficial12/,richachetryofficial12,728000,Macro,3.81,270090,216072.0,Female,34000.0,40000,7000.0,5000.0,0.6,No,Assam,Northeast,Fashion & Lifestyle,4.0,1.4421274263793948,High Value,Medium Value,0.411
Aishwarya Mohanraj,https://www.instagram.com/aishwaryamrj/?hl=en,aishwaryamrj,718000,Macro,1.82,86160,68928.0,Female,45000.0,700000,420000.0,280000.0,,No,Mumbai,West,Comedy,4.0,53.56760231412042,Low Value,Low Value,0.08
Kajal,https://www.instagram.com/kajal_paigwar14._/,kajal_paigwar14._,708000,Macro,1.51,84960,67968.0,Female,,300000,180000.0,120000.0,,No,Mumbai,West,Comedy,4.0,28.061510831743185,Medium Value,Medium Value,0.13
Hassleytrolls,https://www.instagram.com/hassleytrolls/,hassleytrolls,701000,Macro,2.05,5000,4000.0,Male,,150000,90000.0,60000.0,,No,Mumbai,West,Comedy,4.0,10.438050172227829,Medium Value,Medium Value,0.13
Jigisha,https://www.instagram.com/jigisha_j/reels/,jigisha_j,686000,Macro,9.25,650000,520000.0,Male,35000.0,215000,300000.0,60000.0,,No,Assam,Northeast,Comedy,4.0,3.3882278780237964,High Value,High Value,0.971
Shashwat Amrev,https://www.instagram.com/shashwat_amrev/,shashwat_amrev,667000,Macro,0.48,175000,140000.0,Male,60000.0,150000,30000.0,45000.0,,No,Chhattisgarh,Central,Finance,4.0,46.85157421289355,Low Value,Low Value,0.0
iamarunkushwah,https://www.instagram.com/iamarunkushwah/,iamarunkushwah,663000,Macro,9.32,192500,154000.0,Male,20000.0,250000,150000.0,50000.0,,Yes,Mumbai,West,Entertainment,4.0,4.045857365726086,High Value,High Value,0.971
Shreyaa Kapoor | Your money coach,https://www.instagram.com/shreyaakapoor_,shreyaakapoor_,652000,Macro,1.01,250000,200000.0,Female,60000.0,300000,12000.0,50000.0,,No,Delhi NCR,North,Finance,4.0,45.55670290955476,Low Value,Low Value,0.0
Keshav maloo,https://www.instagram.com/sarcaaster/,sarcaaster,650000,Macro,2.15,1204070,963256.0,Male,50000.0,150000,,190000.0,,Yes,Delhi NCR,North,Entertainment,4.0,10.73345259391771,Medium Value,Medium Value,0.13
Gracy Thapa,https://www.instagram.com/gracy__thapa01/,gracy__thapa01,650000,Macro,4.07,210000,168000.0,Female,75000.0,105000,350000.0,75000.0,,No,West Bengal,East,Beauty,4.0,3.969003969003969,High Value,Medium Value,0.411
Suramya Pandiya,https://www.instagram.com/suramyapandiya,suramyapandiya,645000,Macro,3.39,210000,168000.0,Female,20000.0,60000,18000.0,,,No,Mumbai,West,Fashion & Lifestyle,4.0,2.7440488440694244,High Value,Medium Value,0.411
Kriiti,https://www.instagram.com/krilovee._/,krilovee._,635000,Macro,8.66,250000,200000.0,Female,,300000,40000.0,20000.0,,No,Assam,Northeast,Beauty,4.0,5.455438162608427,High Value,High Value,0.971
zamaanaa,https://www.instagram.com/zamaanaa/,zamaanaa,631000,Macro,2.87,250000,200000.0,Male,50000.0,200000,120000.0,70000.0,,Yes,Delhi NCR,North,Comedy,4.0,11.043805253538158,Medium Value,Medium Value,0.13
Stocklopedia - (NISM certified),https://www.instagram.com/stocklopedia?&igsh=ZDNlZDc0MzIxNw==,stocklopedia,630000,Macro,1.46,230000,184000.0,Male,52000.0,130000,15000.0,39000.0,,No,Mumbai,West,Finance,4.0,14.133507284192216,Medium Value,Medium Value,0.411
Rohit Sukheja,https://www.instagram.com/rohitsukheja/,rohitsukheja,619819,Macro,95.93,80520,64416.0,Male,40000.0,500000,300000.0,100000.0,,No,Mumbai,West,Comedy,4.0,,,Not scored,
Chahal Verma,https://instagram.com/chahalvermaa?igshid=MzRlODBiNWFlZA==,chahalvermaa,615000,Macro,1.19,260500,208400.0,Male,72000.0,180000,65000.0,54000.0,,No,Delhi NCR,North,Finance,4.0,24.59520393523263,Medium Value,Low Value,0.053
Tech Quirk,https://www.instagram.com/tech_quirk/,tech_quirk,612000,Macro,1.75,271000,216800.0,Female,,70000,35000.0,15000.0,,Yes,Jaipur,West,Beauty,4.0,6.5359477124183005,High Value,Medium Value,0.411
Cheshta Bhagat,https://www.instagram.com/cheshtabhagat/,cheshtabhagat,609000,Macro,0.27,260500,208400.0,Female,,350000,250000.0,200000.0,,No,Mumbai,West,Beauty,4.0,212.85653469561515,Low Value,Low Value,0.0
Mrunal Sharma,https://www.instagram.com/mrunu/,mrunu,600000,Macro,2.2,904900,723920.0,Female,40000.0,500000,200000.0,300000.0,,No,Delhi NCR,North,Beauty,4.0,37.878787878787875,Low Value,Low Value,0.08
Dharmesh Nayak,https://www.instagram.com/dharmesh_nyk?igsh=MWI5emMzbzZldzRlag==,dharmesh_nyk,584000,Macro,1.0,287700,230160.0,Male,10000.0,70000,30000.0,10000.0,,No,Mumbai,West,Entertainment,4.0,11.986301369863014,Medium Value,Low Value,0.024
Pranjali Papnai,https://www.instagram.com/pranjali_papnai/?hl=en,pranjali_papnai,582000,Macro,2.14,69840,55872.0,Female,,250000,150000.0,100000.0,,No,Mumbai,West,Comedy,4.0,20.07258245816874,Medium Value,Medium Value,0.13
Mobiscrub,https://www.instagram.com/mobiscrub/,mobiscrub,568000,Macro,0.53,201000,160800.0,Female,14000.0,50000,25000.0,45000.0,,Yes,Mumbai,West,Beauty,4.0,16.609088493223492,Medium Value,Low Value,0.024
Yogesh Kawle,https://www.instagram.com/techworldmarathi/,techworldmarathi,564000,Macro,1.24,377700,302160.0,Male,15000.0,50000,120000.0,20000.0,,No,Dehradun,North,Entertainment,4.0,7.149393731411576,High Value,Medium Value,0.411
Swara Singh,https://www.instagram.com/swara.singh03/,swara.singh03,560000,Macro,2.0,545000,436000.0,Female,50000.0,250000,90000.0,15000.0,,No,Delhi NCR,North,Beauty,4.0,22.321428571428573,Medium Value,Medium Value,0.13
Vagmita Singh,https://www.instagram.com/thatindianchick_/?hl=en,thatindianchick_,558000,Macro,7.31,66960,53568.0,Female,11200.0,170000,102000.0,68000.0,,No,Delhi NCR,North,Comedy,4.0,4.16770859381512,High Value,High Value,0.971
Ketan Mali,https://www.instagram.com/ketanmaliofficial/,ketanmaliofficial,551000,Macro,0.95,187700,150160.0,Male,48000.0,120000,200000.0,36000.0,,No,Assam,Northeast,Finance,4.0,22.924825675804758,Medium Value,Low Value,0.024
Agastya Shah,https://www.instagram.com/agasthya.shah/?hl=en,agasthya.shah,547000,Macro,5.38,65640,52512.0,Male,,400000,240000.0,160000.0,,No,West Bengal,East,Comedy,4.0,13.592219813378822,Medium Value,Medium Value,0.13
Nehlaxmi joshi,https://www.instagram.com/nehalaxmi_?igsh=MWd3MTFvaW8zenFobw==,nehalaxmi_,545000,Macro,0.1,1200,960.0,Female,20000.0,70000,22000.0,10000.0,,No,Mumbai,West,Comedy,4.0,128.44036697247705,Low Value,Low Value,0.0
Mallu Food Stories,https://www.instagram.com/mallufoodstories/,mallufoodstories,544000,Macro,1.08,180000,144000.0,Female,,60000,15000.0,10000.0,,No,Manipur,Northeast,Beauty,4.0,10.212418300653596,High Value,Medium Value,0.411
Tarun Malhotra - (NISM certified),https://instagram.com/tarunmalhotraaa?igshid=MzRlODBiNWFlZA==,tarunmalhotraaa,541000,Macro,6.63,187400,149920.0,Male,36000.0,90000,,27000.0,,No,Delhi NCR,North,Finance,4.0,2.5091794146920816,High Value,High Value,0.971
CA Palak Rathi,https://www.instagram.com/ca.palakrathii/,ca.palakrathii,540000,Macro,32.18,180000,144000.0,Female,55000.0,300000,60000.0,50000.0,,No,Surat,West,Finance,4.0,1.7264001104896072,High Value,High Value,0.971
Nitesh,https://www.instagram.com/nitesh_shetty99/,nitesh_shetty99,538000,Macro,1.94,64560,51648.0,Male,,600000,360000.0,240000.0,,No,Assam,Northeast,Comedy,4.0,57.48668225194496,Low Value,Low Value,0.08
Amit Behal,https://www.instagram.com/techdekho.in/,techdekho.in,538000,Macro,2.27,103400,82720.0,Male,10000.0,70000,10000.0,10000.0,,No,Mumbai,West,Beauty,4.0,5.7317852054435585,High Value,Medium Value,0.411
Preet Ghanani,https://instagram.com/thepocketpro_?igshid=MzRlODBiNWFlZA==,thepocketpro_,535000,Macro,0.7,201000,160800.0,Female,38000.0,95000,30000.0,28500.0,,No,Indore,Central,Finance,4.0,25.367156208277702,Medium Value,Low Value,0.024
Kanupriya Gupta,https://www.instagram.com/kanupriya1707/,kanupriya1707,530212,Macro,22.3,72840,58272.0,Female,,500000,300000.0,100000.0,,No,Mumbai,West,Comedy,4.0,4.228784837702114,High Value,Medium Value,0.2
Garima Goel,https://www.instagram.com/garimasgoodlife/,garimasgoodlife,529000,Macro,1.88,592090,473672.0,Female,80000.0,190000,7500.0,280000.0,,Yes,Mumbai,West,Fashion & Lifestyle,4.0,19.104693721594337,Medium Value,Medium Value,0.13
Riya Upreti,https://www.instagram.com/careerwithriya?igsh=Ym9kd2FoM3RpYmt5,careerwithriya,529000,Macro,1.95,194500,155600.0,Female,52000.0,130000,2000.0,39000.0,,Yes,Delhi NCR,North,Education,4.0,12.60239445494644,Medium Value,Medium Value,0.411
Finance with Arun - (NISM certified),https://instagram.com/financewitharun?igshid=OGQ2MjdiOTE=,financewitharun,529000,Macro,10.98,194500,155600.0,Male,36000.0,90000,70000.0,27000.0,,No,Punjab,North,Finance,4.0,1.5494747280671852,High Value,High Value,0.971
filmychokri,https://www.instagram.com/filmychokri/,filmychokri,519000,Macro,3.88,218000,174400.0,Female,,125000,120000.0,50000.0,,Yes,Delhi NCR,North,Comedy,4.0,6.2074171185666325,High Value,Medium Value,0.411
shirin_sewani,https://www.instagram.com/shirin_sewani/,shirin_sewani,518000,Macro,2.7,218000,174400.0,Female,30000.0,350000,300000.0,70000.0,0.2,No,Delhi NCR,North,Entertainment,4.0,25.025025025025027,Medium Value,Medium Value,0.13
Tanesho,https://www.instagram.com/taneesho/?hl=en,taneesho,503000,Macro,1.06,60360,48288.0,Female,24000.0,400000,240000.0,160000.0,,No,Mumbai,West,Comedy,4.0,75.02156870100154,Low Value,Low Value,0.0
Amiett kumar,https://www.instagram.com/amiettkumar?igsh=Y3picWVyd3RpcjYw,amiettkumar,502000,Macro,6.71,200500,160400.0,Male,350000.0,250000,70000.0,16500.0,,Yes,Delhi NCR,North,Education,4.0,7.421877319336663,High Value,High Value,0.971
Mohit Malhotra,https://www.instagram.com/mohitmalhotra9/,mohitmalhotra9,500100,Macro,2.5,317000,253600.0,Male,,125000,125000.0,50000.0,,No,Mumbai,West,Fashion & Lifestyle,4.0,9.998000399920016,High Value,Medium Value,0.411
Raghav Arora,https://www.instagram.com/hiraghavarorajobs/?,hiraghavarorajobs,500000,Macro,0.23,201000,160800.0,Male,24000.0,60000,60000.0,18000.0,,No,Punjab,North,Education,4.0,52.17391304347826,Low Value,Low Value,0.0
Divya Gupta,https://www.instagram.com/divyagupta7811/,divyagupta7811,499502,Macro,27.2,67200,53760.0,Female,25000.0,150000,90000.0,40000.0,,No,Mumbai,West,Comedy,4.0,1.1040408011084923,High Value,High Value,0.971
Ketan Patel,https://www.instagram.com/ketan_k18/,ketan_k18,490000,Macro,13.89,45000,36000.0,Male,,45000,35000.0,25000.0,,No,Manipur,Northeast,Fashion & Lifestyle,4.0,0.661171596068233,High Value,High Value,1.0
Zinie Sanghvi,https://www.instagram.com/bandedinacandid,bandedinacandid,489000,Macro,3.74,405100,324080.0,Female,50000.0,200000,180000.0,50000.0,,No,Delhi NCR,North,Beauty,4.0,10.935774198134357,Medium Value,Medium Value,0.13
Ahona,https://www.instagram.com/the_ahona_dutta_official/,the_ahona_dutta_official,488000,Macro,2.51,219333,175466.0,Female,400000.0,30000,105000.0,70000.0,,No,West Bengal,East,Fashion & Lifestyle,4.0,2.4492195153810985,High Value,Medium Value,0.411
Gauri,https://www.instagram.com/gauri.more666?igsh=ZjVtZTU2N3NzMjdh,gauri.more666,485000,Macro,5.96,340900,272720.0,Female,,95000,60000.0,10000.0,,No,Mumbai,West,Beauty,4.0,3.2865149103992253,High Value,High Value,0.667
Kenavita,https://www.instagram.com/kenavita,kenavita,472000,Macro,3.75,1900000,1520000.0,Male,50000.0,400000,3000.0,2000.0,,No,Mumbai,West,Fashion & Lifestyle,4.0,22.598870056497177,Medium Value,Medium Value,0.13
Divyanshu Jain,https://www.instagram.com/divyanshu.jain/?hl=en,divyanshu.jain,456000,Macro,0.61,240000,192000.0,Male,36000.0,90000,60000.0,27000.0,,No,Udaipur,West,Finance,4.0,32.35547886108714,Medium Value,Low Value,0.024
Gaurav Ghai,https://instagram.com/thegauravghai?igshid=MzRlODBiNWFlZA==,thegauravghai,456000,Macro,2.3,240000,192000.0,Male,34000.0,85000,100000.0,25500.0,0.6,No,Delhi NCR,North,Education,4.0,8.104500381388254,High Value,Medium Value,0.411
Rashmi Agdekar,https://www.instagram.com/rashmiagdekar_/,rashmiagdekar_,448763,Macro,6.05,106100,84880.0,Female,28000.0,300000,200000.0,200000.0,,No,Mumbai,West,Entertainment,4.0,11.049658028737694,Medium Value,High Value,0.667
radhikaguglani,https://www.instagram.com/radhikaguglani/,radhikaguglani,448000,Macro,1.0,214150,171320.0,Female,,300000,150000.0,50000.0,,Yes,Delhi NCR,North,Entertainment,4.0,66.96428571428571,Low Value,Low Value,0.0
govinuts,https://www.instagram.com/govinuts/,govinuts,444000,Macro,4.87,53520,42816.0,Male,48000.0,450000,300000.0,60000.0,,No,Delhi NCR,North,Fashion & Lifestyle,4.0,20.81136578056496,Medium Value,Medium Value,0.13
Harshit Jain,https://www.instagram.com/bizharshit/,bizharshit,440000,Macro,0.48,200000,160000.0,Male,35000.0,90000,30000.0,20000.0,,No,Delhi NCR,North,Finance,4.0,42.61363636363637,Low Value,Low Value,0.0
Tech Sattire,https://www.instagram.com/techsatire/,techsatire,440000,Macro,7.35,203463,162770.0,Female,,85000,50000.0,30000.0,,Yes,Mumbai,West,Beauty,4.0,2.6283240568954853,High Value,High Value,0.971
Rakhi,https://www.instagram.com/i.rakhi01,i.rakhi01,436000,Macro,9.32,890000,712000.0,Female,30000.0,150000,120000.0,16500.0,,No,Delhi NCR,North,Fashion & Lifestyle,4.0,3.691380871756507,High Value,High Value,0.971
MSK,https://www.instagram.com/msk_s1991/,msk_s1991,436000,Macro,7.86,240000,192000.0,Female,,28000,9000.0,7000.0,,No,West Bengal,East,Beauty,4.0,0.8170506804864953,High Value,High Value,1.0
Smit Thakkar,https://www.instagram.com/iam_smitthakkar/,iam_smitthakkar,433000,Macro,0.49,110000,88000.0,Male,50000.0,150000,45000.0,40000.0,,No,Vadodara,West,Finance,4.0,70.69802516849697,Low Value,Low Value,0.0
Srishti Garg,https://www.instagram.com/srishtigargg,srishtigargg,430000,Macro,4.07,51600,41280.0,Female,75000.0,400000,350000.0,75000.0,,No,Mumbai,West,Comedy,4.0,22.855836809325176,Medium Value,Medium Value,0.13
CA Anshul,https://instagram.com/ca_anshulbhai_?igshid=OGQ2MjdiOTE=,ca_anshulbhai_,429000,Macro,1.46,200600,160480.0,Male,30000.0,75000,120000.0,22500.0,,No,Delhi NCR,North,Finance,4.0,11.974327042820194,Medium Value,Medium Value,0.411
Neha Dutta,https://www.instagram.com/canehadatta/,canehadatta,427000,Macro,1.69,200600,160480.0,Female,200000.0,120000,15000.0,7000.0,,No,Delhi NCR,North,Finance,4.0,16.629020412122557,Medium Value,Medium Value,0.411
aaronkoul,https://www.instagram.com/aaronkoul/,aaronkoul,424000,Macro,6.84,200000,160000.0,Male,6000.0,150000,120000.0,40000.0,,No,Delhi NCR,North,Fashion & Lifestyle,4.0,5.17212843429328,High Value,High Value,0.971
Aamir Sharma,https://www.instagram.com/aamirsharma/,aamirsharma,421000,Macro,5.09,1800000,1440000.0,Male,,100000,60000.0,40000.0,,No,Nagaland,Northeast,Fashion & Lifestyle,4.0,4.666595112208279,High Value,Medium Value,0.411
Bigg Nerds,https://www.instagram.com/bigg_nerds/,bigg_nerds,419411,Macro,11.6,62280,49824.0,Male,35000.0,350000,210000.0,140000.0,,No,Mumbai,West,Entertainment,4.0,7.193996770018776,High Value,High Value,0.971
Sarang Yadav - (NISM certified),https://www.instagram.com/bossofstockmarket?igsh=ZDNlZDc0MzIxNw==,bossofstockmarket,419000,Macro,2.87,200000,160000.0,Male,32000.0,80000,75000.0,24000.0,,No,Delhi NCR,North,Finance,4.0,6.652640682560935,High Value,Medium Value,0.411
Vrushali,https://www.instagram.com/vinewali/,vinewali,418000,Macro,1.0,50160,40128.0,Female,,600000,360000.0,240000.0,,No,Mumbai,West,Comedy,4.0,143.54066985645932,Low Value,Low Value,0.0
Sejal Jain,https://www.instagram.com/glamprotocol?igsh=MWNoOGV0engwODl5,glamprotocol,415000,Macro,1.85,210000,168000.0,Female,40000.0,100000,45000.0,15000.0,,No,Delhi NCR,North,Beauty,4.0,13.025073266037122,Medium Value,Medium Value,0.411
Harshvira,https://www.instagram.com/harshvira19/?igshid=YmMyMTA2M2Y%3D,harshvira19,412000,Macro,0.49,200000,160000.0,Male,36000.0,90000,30000.0,27000.0,,Yes,Mumbai,West,Finance,4.0,44.58093917178522,Low Value,Low Value,0.0
Uzair,https://instagram.com/tradertooth?igshid=MzRlODBiNWFlZA==,tradertooth,411000,Macro,9.03,200000,160000.0,Male,32000.0,80000,60000.0,24000.0,,No,Delhi NCR,North,Finance,4.0,2.155561483349635,High Value,High Value,0.971
Shrutik Kolambekar,https://www.instagram.com/konshrutik/,konshrutik,409000,Macro,1.87,49080,39264.0,Male,,300000,180000.0,120000.0,,No,Jaipur,West,Comedy,4.0,39.22440280846724,Low Value,Medium Value,0.13
CA Jay Desai,https://www.instagram.com/ca.jaydesai/,ca.jaydesai,409000,Macro,0.75,150000,120000.0,Male,50000.0,170000,25000.0,50000.0,,No,Mumbai,West,Finance,4.0,55.41972290138549,Low Value,Low Value,0.0
Ashita Dhawan,https://www.instagram.com/ashitadhawan?igsh=ODRqejZ3eGVod3Ns,ashitadhawan,408000,Macro,0.27,201200,160960.0,Female,3000.0,75000,35000.0,100000.0,,No,Mumbai,West,Fashion & Lifestyle,4.0,68.08278867102398,Low Value,Low Value,0.0
Viren singh,https://www.instagram.com/tec_viral/,tec_viral,408000,Macro,3.14,230100,184080.0,Male,,50000,30000.0,20000.0,,No,Assam,Northeast,Comedy,4.0,3.9028350193580614,High Value,Medium Value,0.411
Akshay Mirchandani,https://www.instagram.com/niftystretch,niftystretch,407000,Macro,3.73,330200,264160.0,Male,40000.0,170000,90000.0,30000.0,,No,Mumbai,West,Fashion & Lifestyle,4.0,11.198134522531305,Medium Value,Medium Value,0.13
Sakshi Shivdasani,https://www.instagram.com/sakshishivdasani/,sakshishivdasani,405715,Macro,12.08,50280,40224.0,Female,10000.0,500000,300000.0,200000.0,,No,Mumbai,West,Comedy,4.0,10.201922156395792,High Value,Medium Value,0.2
Akash,https://www.instagram.com/akashdodeja/,akashdodeja,404000,Macro,1.02,48480,38784.0,Male,,550000,330000.0,220000.0,,No,Mumbai,West,Comedy,4.0,133.46922927586877,Low Value,Low Value,0.0
Shreemani Tripathi,https://www.instagram.com/shreemanitripathi/,shreemanitripathi,399000,Macro,8.75,151950,121560.0,Male,4000.0,12000,25000.0,10000.0,,Yes,Meghalaya,Northeast,Fashion & Lifestyle,4.0,0.34371643394199786,High Value,High Value,1.0
mahimaaseth,https://www.instagram.com/mahimaaseth/,mahimaaseth,388000,Macro,0.38,145275,116220.0,Female,14000.0,200000,150000.0,40000.0,,Yes,Mumbai,West,Entertainment,4.0,135.64839934888766,Low Value,Low Value,0.0
Sukanya Boruah,https://www.instagram.com/sukanyaboruah99/,sukanyaboruah99,385000,Macro,3.69,143782,115026.0,Female,,100000,20000.0,10000.0,,No,Mumbai,West,Beauty,4.0,7.039031429275331,High Value,Medium Value,0.411
Rohit Joshi | Finance | Info,https://www.instagram.com/rohitjoshi.ig,rohitjoshi.ig,384000,Macro,2.14,50000,40000.0,Male,30000.0,65000,120000.0,20000.0,,No,Dehradun,North,Finance,4.0,7.909852024922118,High Value,Medium Value,0.411
piyushyaminiofficial,https://www.instagram.com/piyushyaminiofficial,piyushyaminiofficial,383000,Macro,6.04,142290,113832.0,Male,,180000,90000.0,30000.0,0.210526316,Yes,Delhi NCR,North,Fashion & Lifestyle,4.0,7.781024674493801,High Value,High Value,0.667
Kajal Jadhav,https://www.instagram.com/kajalvp?igsh=bjFxano2aWp0YXhi,kajalvp,383000,Macro,0.58,35700,28560.0,Female,11200.0,50000,35000.0,20000.0,,No,Mumbai,West,Beauty,4.0,22.50832808139012,Medium Value,Low Value,0.024
ayootaran,https://www.instagram.com/ayootaran/,ayootaran,377000,Macro,0.95,134150,107320.0,Male,24000.0,350000,200000.0,50000.0,,No,Delhi NCR,North,Entertainment,4.0,97.72441714365489,Low Value,Low Value,0.0
Brinda Shah,https://www.instagram.com/brindaashah?igsh=aTYwcG5yazJoa3Fo,brindaashah,376000,Macro,1.64,127300,101840.0,Female,,85000,22000.0,10000.0,,No,Mumbai,West,Beauty,4.0,13.784379865075246,Medium Value,Medium Value,0.411
Gepelina,https://www.instagram.com/gepe_lina/,gepe_lina,375000,Macro,5.68,130300,104240.0,Female,,40000,102000.0,68000.0,,No,Manipur,Northeast,Beauty,4.0,1.8779342723004695,High Value,High Value,0.938
Yash & Gyan,https://www.instagram.com/flyingboysz,flyingboysz,362000,Macro,6.63,450000,360000.0,Male,30000.0,180000,,6000.0,,No,Delhi NCR,North,Entertainment,4.0,7.499812504687383,High Value,High Value,0.971
Dolly Shah,https://www.instagram.com/dollyshah_official/,dollyshah_official,360000,Macro,1.72,127300,101840.0,Male,10000.0,275000,,5000.0,,No,Nagaland,Northeast,Beauty,4.0,44.412144702842376,Low Value,Medium Value,0.13
Pallavi Mhatre,https://www.instagram.com/___whos_pallavi___,___whos_pallavi___,360000,Macro,2.3,355200,284160.0,Female,,70000,60000.0,35000.0,,No,Mumbai,West,Fashion & Lifestyle,4.0,8.454106280193239,High Value,Medium Value,0.411
Ravish Shetty,https://www.instagram.com/ravish_shetty_/,ravish_shetty_,359154,Macro,84.02,46080,36864.0,Male,10000.0,250000,150000.0,50000.0,,No,Mumbai,West,Comedy,4.0,,,Not scored,
Nidhi Uttam,https://www.instagram.com/nidhiuttam?utm_source=ig_web_button_share_sheet&igsh=ZDNlZDc0MzIxNw==,nidhiuttam,359000,Macro,0.7,2500,2000.0,Female,60000.0,40000,30000.0,50000.0,,No,Mumbai,West,Fashion & Lifestyle,4.0,15.91723040191007,Medium Value,Medium Value,0.06
Sushitra,https://www.instagram.com/sushitrawangkhem1/,sushitrawangkhem1,355000,Macro,3.25,128800,103040.0,Female,,50000,,,1.666666667,No,Manipur,Northeast,Fashion & Lifestyle,4.0,4.333694474539545,High Value,Medium Value,0.411
Devishi Madaan,https://www.instagram.com/devishimadaan/,devishimadaan,354679,Macro,10.98,39720,31776.0,Female,,120000,72000.0,48000.0,0.2,No,Mumbai,West,Fashion & Lifestyle,4.0,3.0813670244457327,High Value,High Value,0.971
Nidhi Jain,https://www.instagram.com/cookwithnidhiii?igsh=amdvejZxd3ltdXBk,cookwithnidhiii,353000,Macro,1.03,290000,232000.0,Female,,55000,2000.0,40000.0,,No,Mumbai,West,Fashion & Lifestyle,4.0,15.126928683407135,Medium Value,Low Value,0.024
Reshmi Sinha,https://www.instagram.com/ireshmee/,ireshmee,348000,Macro,1.4,129400,103520.0,Female,16000.0,120000,15000.0,12000.0,,No,Assam,Northeast,Beauty,4.0,24.63054187192119,Medium Value,Medium Value,0.411
deeshakatkar,https://www.instagram.com/deeshakatkar/,deeshakatkar,346000,Macro,5.23,125150,100120.0,Female,,400000,250000.0,75000.0,0.444444444,No,Mumbai,West,Fashion & Lifestyle,4.0,22.104576752616627,Medium Value,Medium Value,0.13
shibani_bedi,https://www.instagram.com/shibani_bedi/,shibani_bedi,345000,Macro,1.79,125150,100120.0,Female,,350000,250000.0,75000.0,,Yes,Delhi NCR,North,Fashion & Lifestyle,4.0,56.675572828111086,Low Value,Medium Value,0.13
Rutvi Tiwari,https://www.instagram.com/rutviitiwari/,rutviitiwari,345000,Macro,2.11,520000,416000.0,Female,30000.0,60000,,180000.0,,No,Delhi NCR,North,Beauty,4.0,8.2423243354626,High Value,Medium Value,0.411
Mayank khandelwal(investifyme),https://www.instagram.com/investify_me?igsh=a2QzeHJybXhyZW5p,investify_me,344000,Macro,9.33,123000,98400.0,Male,24000.0,60000,25000.0,18000.0,,No,Delhi NCR,North,Finance,4.0,1.8694384206984223,High Value,High Value,0.971
Ankit,https://www.instagram.com/framesbyankit/,framesbyankit,342000,Macro,2.34,138000,110400.0,Male,150000.0,70000,550000.0,100000.0,,No,Delhi NCR,North,Beauty,4.0,8.746938571499975,High Value,Medium Value,0.411
Tilak Raj,https://www.instagram.com/raaz_photography/,raaz_photography,342000,Macro,1.01,78600,62880.0,Male,,300000,120000.0,180000.0,3.75,No,Chandigarh,North,Entertainment,4.0,86.85079034219211,Low Value,Low Value,0.0
Yashvi Bagga,https://www.instagram.com/yashvayayay/,yashvayayay,342000,Macro,6.71,650000,520000.0,Female,6000.0,175000,70000.0,105000.0,,No,Delhi NCR,North,Comedy,4.0,7.625870438640067,High Value,High Value,0.971
Vadiraj Babaladi,https://www.instagram.com/vadirajbabaladi/,vadirajbabaladi,340655,Macro,40.82,120679,96543.0,Male,,120000,480000.0,720000.0,,No,Bangalore,South,Entertainment,4.0,0.8629655880030698,High Value,High Value,0.971
Ritvi,https://www.instagram.com/aboutritvi,aboutritvi,338000,Macro,17.0,117179,93743.0,Female,,170000,1800000.0,1200000.0,,No,Mumbai,West,Comedy,4.0,2.9585798816568047,High Value,High Value,0.971
Mohini,https://www.instagram.com/riseandshinefamily?utm_source=ig_web_button_share_sheet&igsh=ZDNlZDc0MzIxNw==,riseandshinefamily,338000,Macro,2.3,63100,50480.0,Female,,200000,120000.0,180000.0,,No,Delhi NCR,North,Entertainment,4.0,25.726781579624394,Medium Value,Medium Value,0.13
Pavan Kulkarni,https://www.instagram.com/udaalpavvya/,udaalpavvya,337725,Macro,27.48,118359,94687.0,Male,1500000.0,220000,3000000.0,500000.0,,No,Bangalore,South,Entertainment,4.0,2.3705151872981762,High Value,High Value,0.971
Purvi Shah,https://www.instagram.com/iampurvishah/,iampurvishah,336568,Macro,5.96,116000,92800.0,Female,,200000,80000.0,120000.0,,No,Pune,West,Fashion & Lifestyle,4.0,9.970361703984269,High Value,High Value,0.667
Shakshi Shetty,https://instagram.com/sharkshe_?utm_medium=copy_link,sharkshe_,335000,Macro,7.66,332100,265680.0,Female,,200000,80000.0,50000.0,,No,Manipur,Northeast,Gaming,4.0,7.793928529675383,High Value,High Value,0.971
Ravikant Sharma,https://www.instagram.com/businesswithravikant/reels/,businesswithravikant,335000,Macro,1.37,150000,120000.0,Male,25000.0,65000,8000.0,20000.0,0.638433709,No,Delhi NCR,North,Business & Marketing,4.0,14.16276282819479,Medium Value,Medium Value,0.411
Shashank Udupa,https://www.instagram.com/shashank_udupa,shashank_udupa,334000,Macro,5.06,150000,120000.0,Male,60000.0,200000,25000.0,50000.0,1.176470588,Yes,Bangalore,South,Business & Marketing,4.0,11.834039431019386,Medium Value,Medium Value,0.13
humhainvarsha,https://www.instagram.com/humhainvarsha/,humhainvarsha,332000,Macro,0.01,116000,92800.0,Female,,250000,125000.0,50000.0,,Yes,Delhi NCR,North,Entertainment,4.0,7530.12048192771,Low Value,Low Value,0.0
Anchal Goel,https://www.instagram.com/Anchal/,anchal,330000,Macro,8.95,320000,256000.0,Female,,1200000,720000.0,480000.0,,No,Delhi NCR,North,Comedy,4.0,40.62976130015237,Low Value,Medium Value,0.2
Tanvi Thakkar,https://instagram.com/tanvithakker?igshid=MmU2YjMzNjRlOQ==,tanvithakker,330000,Macro,0.84,58600,46880.0,Female,,100000,70000.0,25000.0,1.666666667,No,Delhi NCR,North,Beauty,4.0,36.075036075036074,Low Value,Low Value,0.024
Iitian Trader,https://www.instagram.com/iitian_trader_official/?hl=en,iitian_trader_official,330000,Macro,1.31,110000,88000.0,Male,36000.0,90000,,27000.0,,Yes,Varanasi,North,Finance,4.0,20.81887578070784,Medium Value,Medium Value,0.411
Arushi chib,https://www.instagram.com/aarushehehe,aarushehehe,329000,Macro,1.77,110000,88000.0,Female,,500000,200000.0,300000.0,,No,Mumbai,West,Beauty,4.0,85.8619682997613,Low Value,Low Value,0.08
Gurleen Gambhir,https://www.instagram.com/gurleengambhir,gurleengambhir,329000,Macro,0.7,73100,58480.0,Female,40000.0,100000,100000.0,40000.0,,No,Mumbai,West,Beauty,4.0,43.42162396873644,Low Value,Low Value,0.024
Arjun,https://www.instagram.com/oye.foodieee/,oye.foodieee,327000,Macro,5.14,108990,87192.0,Male,40000.0,250000,,,0.841375,No,Delhi NCR,North,Technology,4.0,14.874046573614631,Medium Value,Medium Value,0.13
Akash Kivani,https://www.instagram.com/akash.kivani,akash.kivani,327000,Macro,17.56,110000,88000.0,Male,4800.0,45000,10000.0,5000.0,,No,Delhi NCR,North,Beauty,4.0,0.7836826816576457,High Value,High Value,1.0
Naveen Kumar,https://www.instagram.com/andreobee/,andreobee,326000,Macro,2.26,220000,176000.0,Male,,300000,1800000.0,1200000.0,,Yes,Delhi NCR,North,Comedy,4.0,40.7188229545578,Low Value,Medium Value,0.13
Manish,https://www.instagram.com/manish_ag_finance?igsh=ZDNlZDc0MzIxNw==,manish_ag_finance,325000,Macro,9.13,113000,90400.0,Male,28000.0,70000,,21000.0,,No,Pune,West,Finance,4.0,2.3590866964360937,High Value,High Value,0.971
Muzaffar Hussain,https://www.instagram.com/techyMuzaffar/,techymuzaffar,322000,Macro,4.5,29300,23440.0,Male,,400000,160000.0,240000.0,,No,Delhi NCR,North,Entertainment,4.0,27.605244996549345,Medium Value,Medium Value,0.13
Aanchal Jain,https://www.instagram.com/justagirlandherblog?utm_source=ig_web_button_share_sheet&igsh=ZDNlZDc0MzIxNw==,justagirlandherblog,322000,Macro,1.0,208000,166400.0,Female,,80000,25000.0,5000.0,,No,Mumbai,West,Beauty,4.0,24.84472049689441,Medium Value,Low Value,0.024
Danica Moadi,https://www.instagram.com/Danica/,danica,321000,Macro,3.95,195888,156710.0,Female,40000.0,875000,500000.0,400000.0,0.86655,No,Mumbai,West,Entertainment,4.0,69.00903032453961,Low Value,Low Value,0.08
Mukul Agarwal,https://www.instagram.com/themukulagrawal?igsh=NjhhdDh6aGpudmpt,themukulagrawal,320000,Macro,2.31,113000,90400.0,Male,48000.0,120000,,36000.0,0.666666667,No,Lucknow,North,Finance,4.0,16.233766233766232,Medium Value,Medium Value,0.411
Nitin & Soumya,https://www.instagram.com/passagetous/,passagetous,319419,Macro,9.3,116000,92800.0,Female,,700000,280000.0,420000.0,,No,Pune,West,Beauty,4.0,23.56428928908458,Medium Value,Medium Value,0.2
Preetha Athrey,https://www.instagram.com/easyeatswithpreetha/,easyeatswithpreetha,317671,Macro,0.86,116000,92800.0,Female,400000.0,1400000,800000.0,300000.0,,No,Delhi NCR,North,Fashion & Lifestyle,4.0,512.4506098272068,Low Value,Low Value,0.0
Prateek Sahni,https://www.instagram.com/prateeksahni_bull/,prateeksahni_bull,316000,Macro,2.8,116000,92800.0,Male,48000.0,120000,27000.0,36000.0,,No,Delhi NCR,North,Finance,4.0,13.5623869801085,Medium Value,Medium Value,0.411
GIGL (Hemant pant),https://www.instagram.com/greatideasgreatlife/,greatideasgreatlife,315000,Macro,1.31,116000,92800.0,Male,250000.0,200000,30000.0,7000.0,0.444444444,No,West Bengal,East,Education,4.0,48.46722403974312,Low Value,Low Value,0.053
Tech Bar Official,https://www.instagram.com/techbar_official/,techbar_official,315000,Macro,1.22,116000,92800.0,Female,20000.0,35000,30000.0,15000.0,,No,Lucknow,North,Beauty,4.0,9.107468123861567,High Value,Medium Value,0.411
asmitapathik,https://www.instagram.com/asmitapathik/,asmitapathik,313563,Macro,9.33,116000,92800.0,Female,8000.0,65000,,6000.0,,No,Mumbai,West,Beauty,4.0,2.221809922663958,High Value,High Value,0.971
Jagjyot Singh,https://www.instagram.com/aapkajags/?hl=en,aapkajags,313000,Macro,6.39,37560,30048.0,Male,,200000,120000.0,80000.0,,No,Delhi NCR,North,Comedy,4.0,9.999650012249571,High Value,High Value,0.667
Anushka Karmakar,https://www.instagram.com/anushka_karmakar._,anushka_karmakar._,308611,Macro,3.51,926436,741149.0,Female,50000.0,400000,300000.0,200000.0,0.053970269,No,Bangalore,South,Comedy,4.0,36.92678289500827,Low Value,Medium Value,0.13
Roma Jani,https://www.instagram.com/roma.jani?igsh=MW1nN2lwMTU5Z3cwNA==,roma.jani,308000,Macro,5.79,226600,181280.0,Female,40000.0,90000,30000.0,35000.0,,No,West Bengal,East,Beauty,4.0,5.046766704797792,High Value,High Value,0.667
Kedar Ashish,https://www.instagram.com/kedaraashish?igsh=aGl0N2t2Zm1tcXJw,kedaraashish,308000,Macro,0.49,1600,1280.0,Male,20000.0,65000,45000.0,60000.0,,No,Delhi NCR,North,Fashion & Lifestyle,4.0,43.06917572223695,Low Value,Low Value,0.0
daddygoesgym,https://www.instagram.com/daddygoesgym/,daddygoesgym,307000,Macro,3.99,128800,103040.0,Male,12000.0,250000,125000.0,50000.0,,No,Delhi NCR,North,Entertainment,4.0,20.40932951270685,Medium Value,Medium Value,0.13
Aryan Kataria,https://www.instagram.com/katariaaryann/,katariaaryann,307000,Macro,1.46,36840,29472.0,Male,,200000,120000.0,80000.0,,No,West Bengal,East,Comedy,4.0,44.62094507161662,Low Value,Low Value,0.053
Andre Borges,https://www.instagram.com/borges.andre/,borges.andre,306211,Macro,1.85,128800,103040.0,Male,,800000,320000.0,480000.0,,No,Mumbai,West,Fashion & Lifestyle,4.0,141.22041090373386,Low Value,Low Value,0.08
Atul kasbekar,https://www.instagram.com/atulkasbekar/,atulkasbekar,304000,Macro,1.6,128800,103040.0,Male,40000.0,700000,600000.0,250000.0,0.86645,No,Mumbai,West,Fashion & Lifestyle,4.0,143.91447368421052,Low Value,Low Value,0.08
ANAM,https://www.instagram.com/anamkaashiyana/?hl=en,anamkaashiyana,303000,Macro,1.69,95300,76240.0,Female,25000.0,35000,15000.0,7000.0,,No,Mumbai,West,Fashion & Lifestyle,4.0,6.835003026929912,High Value,Medium Value,0.411
Mumbai city explore,https://www.instagram.com/mumbaicityexplore?igsh=ZjFreWtpMGViZHE4,mumbaicityexplore,303000,Macro,3.77,77950,62360.0,Male,15000.0,16000,15000.0,35000.0,,No,Pune,West,Travel,4.0,1.4006705710358833,High Value,Medium Value,0.411
Sonakshi Awana,https://www.instagram.com/incredible_prodigy?utm_source=ig_web_button_share_sheet&igsh=ZDNlZDc0MzIxNw==,incredible_prodigy,302000,Macro,2.3,57800,46240.0,Female,100000.0,500000,300000.0,75000.0,0.545454546,No,Goa,West,Fashion & Lifestyle,4.0,71.98387561186294,Low Value,Low Value,0.08
Monish,https://www.instagram.com/rulerofmind?igsh=MWR2NG56ZGNyN2hrMg==,rulerofmind,299000,Macro,0.03,75100,60080.0,Male,,65000,22000.0,15000.0,,No,Nagaland,Northeast,Fashion & Lifestyle,4.0,724.6376811594203,Low Value,Low Value,0.0
Krish Jain,https://www.instagram.com/getfitbykrish/,getfitbykrish,298000,Macro,3.09,110000,88000.0,Male,35000.0,80000,40000.0,90000.0,,No,Mumbai,West,Music,4.0,8.687908603201494,High Value,Medium Value,0.411
Vishnupriya,https://www.instagram.com/vishnupriyaaa/,vishnupriyaaa,296647,Macro,5.33,700000,560000.0,Female,40000.0,150000,90000.0,60000.0,0.839930286,No,Bangalore,South,Comedy,4.0,9.486894901414432,High Value,Medium Value,0.13
Aashika Gowda,https://www.instagram.com/aashikagowda/,aashikagowda,296369,Macro,12.34,111448,89158.0,Female,,800000,320000.0,480000.0,,No,Bangalore,South,Beauty,4.0,21.874697325965357,Medium Value,Medium Value,0.2
Rahul Shah,https://www.instagram.com/rahhul_shahh?igsh=ZmhwY2hsdnU2d2Zs,rahhul_shahh,295000,Macro,1.57,254700,203760.0,Male,,100000,25000.0,10000.0,,No,Mumbai,West,Fashion & Lifestyle,4.0,21.591277124041888,Medium Value,Medium Value,0.411
Vineet Vohra,https://www.instagram.com/vineet_vohra/,vineet_vohra,293000,Macro,2.04,55900,44720.0,Male,,400000,160000.0,240000.0,,No,Mumbai,West,Beauty,4.0,66.92096633875393,Low Value,Medium Value,0.13
Lakshay Gaur,https://www.instagram.com/Lakshay Gaur/,lakshay gaur,292000,Macro,6.58,440900,352720.0,Male,40000.0,850000,550000.0,200000.0,1.0,No,Delhi NCR,North,Entertainment,4.0,44.23949702294209,Low Value,Medium Value,0.2
Devansh Kaushik,https://www.instagram.com/kaushik____devansh,kaushik____devansh,292000,Macro,2.05,370000,296000.0,Male,40000.0,150000,60000.0,40000.0,,No,Mumbai,West,Beauty,4.0,25.05846976277982,Medium Value,Medium Value,0.13
Meghna Porwal,https://www.instagram.com/makeovers_meghna/,makeovers_meghna,291000,Macro,2.56,60000,48000.0,Female,40000.0,850000,400000.0,100000.0,0.370301796,No,Bihar,East,Comedy,4.0,114.10008591065292,Low Value,Low Value,0.08
Nejm,https://instagram.com/keepinitnejm?igshid=NjIwNzIyMDk2Mg==,keepinitnejm,291000,Macro,3.54,124150,99320.0,Female,35000.0,250000,150000.0,100000.0,1.0,No,Mumbai,West,Comedy,4.0,24.26854602287068,Medium Value,Medium Value,0.13
rakshit_wahi_official,https://www.instagram.com/rakshit_wahi_official/,rakshit_wahi_official,291000,Macro,0.53,124150,99320.0,Male,,200000,120000.0,50000.0,,No,Mumbai,West,Fashion & Lifestyle,4.0,129.67645723918824,Low Value,Low Value,0.0
Sushil & Kinjal,https://www.instagram.com/wanderingminds_india/,wanderingminds_india,289000,Macro,3.69,116224,92979.0,Male,35000.0,400000,240000.0,160000.0,0.04046182,No,Mumbai,West,Comedy,4.0,37.509025609287235,Low Value,Medium Value,0.13
Sabir Dhanwala,https://www.instagram.com/sabir_dhanwala2165/,sabir_dhanwala2165,289000,Macro,45.4,116224,92979.0,Male,,300000,180000.0,120000.0,,No,Jaipur,West,Comedy,4.0,2.2864808011828726,High Value,High Value,0.971
Sharanya Nambiar,https://www.instagram.com/nambyaar/?hl=en,nambyaar,289000,Macro,9.03,34680,27744.0,Female,16000.0,100000,60000.0,40000.0,,No,Delhi NCR,North,Comedy,4.0,3.8319021178923003,High Value,High Value,0.971
Mehak,https://www.instagram.com/_mehaksethi_?igsh=MWZpdHg2N2x3bHdoNg==,_mehaksethi_,287000,Macro,0.75,49800,39840.0,Female,,35000,25000.0,15000.0,1.666666667,No,Hyderabad,South,Beauty,4.0,16.260162601626018,Medium Value,Medium Value,0.06
belikeeaabirr,https://www.instagram.com/belikeeaabirr/,belikeeaabirr,286000,Macro,5.4,121000,96800.0,Male,16000.0,150000,100000.0,35000.0,,Yes,Mumbai,West,Beauty,4.0,9.712509712509712,High Value,High Value,0.667
Quick Bits,https://instagram.com/quick.bits,quick.bits,285000,Macro,12.31,121000,96800.0,Male,,500000,200000.0,300000.0,,No,Delhi NCR,North,Fashion & Lifestyle,4.0,14.251713768580672,Medium Value,Medium Value,0.2
Srishti,https://www.instagram.com/_srishittt,_srishittt,285000,Macro,2.0,1500000,1200000.0,Female,280000.0,200000,,,,No,Bangalore,South,Education,4.0,35.08771929824562,Low Value,Medium Value,0.13
Shripad Marathe,https://www.instagram.com/shripadmarathe7/,shripadmarathe7,285000,Macro,1.13,46100,36880.0,Male,3000.0,10000,4000.0,2000.0,0.153846154,No,Mumbai,West,Fashion & Lifestyle,4.0,3.105107902499612,High Value,Medium Value,0.411
Bhagyashree,https://www.instagram.com/bhagyabro/,bhagyabro,284000,Macro,3.25,124650,99720.0,Female,,165000,,,0.25,No,Assam,Northeast,Comedy,4.0,17.876489707475624,Medium Value,Medium Value,0.13
Tanaya,https://www.instagram.com/tanayagupta09/,tanayagupta09,283000,Macro,0.26,30100,24080.0,Female,15000.0,85000,55000.0,50000.0,0.2,No,Mumbai,West,Beauty,4.0,115.52052188094592,Low Value,Low Value,0.0
neetiandraman,https://www.instagram.com/neetiandraman/,neetiandraman,282000,Macro,0.47,124650,99720.0,Female,5000.0,275000,100000.0,30000.0,,Yes,Delhi NCR,North,Fashion & Lifestyle,4.0,207.4845329711785,Low Value,Low Value,0.0
Brainkrupt,https://www.instagram.com/brainkrupt/,brainkrupt,282000,Macro,2.71,150000,120000.0,Female,35000.0,170000,102000.0,30000.0,,No,Mumbai,West,Business & Marketing,4.0,22.24490330009683,Medium Value,Medium Value,0.13
Mumbai meri jaan,https://www.instagram.com/mumbai7merijaan?igsh=MWtsdndiNzBqM3hibA%3D%3D,mumbai7merijaan,279000,Macro,1.48,77100,61680.0,Male,,30000,25000.0,10000.0,,No,Meghalaya,Northeast,Fashion & Lifestyle,4.0,7.265329845975008,High Value,Medium Value,0.411
swati.rathi_,https://www.instagram.com/swati.rathi_,swati.rathi_,278317,Macro,13.83,134700,107760.0,Female,80000.0,50000,8000.0,15000.0,,No,Meghalaya,Northeast,Beauty,4.0,1.2989968255401356,High Value,High Value,1.0
Anupriya,https://www.instagram.com/anupriyakapur,anupriyakapur,278000,Macro,4.1,174338,139470.0,Female,50000.0,700000,420000.0,280000.0,0.286799206,No,Delhi NCR,North,Comedy,4.0,61.414283207580276,Low Value,Low Value,0.08
Omkar Bolke,https://www.instagram.com/omkarb12_50/,omkarb12_50,278000,Macro,4.07,33360,26688.0,Male,,120000,72000.0,48000.0,,No,Pune,West,Comedy,4.0,10.605766001449455,Medium Value,Medium Value,0.411
Meghana Kaushik,https://www.instagram.com/meghanakaushik/,meghanakaushik,278000,Macro,0.38,15100,12080.0,Female,6000.0,65000,50000.0,30000.0,,No,Mumbai,West,Beauty,4.0,61.529723589549405,Low Value,Low Value,0.0
Ashish Jangid,https://www.instagram.com/iamash.official/,iamash.official,277000,Macro,2.07,150000,120000.0,Male,20000.0,60000,90000.0,90000.0,,No,Jaipur,West,Fitness,4.0,10.464082038403182,Medium Value,Medium Value,0.411
aau.shhh,https://www.instagram.com/aau.shhh/,aau.shhh,276000,Macro,6.04,150000,120000.0,Male,,150000,100000.0,40000.0,0.210526316,Yes,West Bengal,East,Entertainment,4.0,8.997984451482868,High Value,High Value,0.667
Deepak Batra,https://www.instagram.com/thelostchefff/,thelostchefff,276000,Macro,0.2,46400,37120.0,Male,3000.0,15000,10000.0,5000.0,,No,Meghalaya,Northeast,Fashion & Lifestyle,4.0,27.17391304347826,Medium Value,Low Value,0.03
Finance is fun - (NISM certified),https://instagram.com/finance_isfun?igshid=YmMyMTA2M2Y=,finance_isfun,273000,Macro,0.13,15200,12160.0,Female,24000.0,60000,132000.0,18000.0,,No,Mumbai,West,Finance,4.0,169.06170752324599,Low Value,Low Value,0.0
Nisha,https://www.instagram.com/trendy_criminal?igsh=MXVhYjRxazFvMGx3bQ==,trendy_criminal,273000,Macro,2.34,53700,42960.0,Female,28000.0,5000,8000.0,21000.0,,No,Bangalore,South,Fashion & Lifestyle,4.0,0.7826930903853981,High Value,High Value,0.872
Gurdippunjj,https://www.instagram.com/gurdippunjj/,gurdippunjj,272000,Macro,1.19,272000,217600.0,Female,,200000,80000.0,120000.0,,No,Mumbai,West,Entertainment,4.0,61.78942165101334,Low Value,Low Value,0.053
Mandy,https://www.instagram.com/bemandy11,bemandy11,272000,Macro,5.68,32640,26112.0,Male,,170000,102000.0,68000.0,,Yes,West Bengal,East,Comedy,4.0,11.003521126760564,Medium Value,High Value,0.667
Sid Patil,https://www.instagram.com/sidpatill/,sidpatill,272000,Macro,1.5,95900,76720.0,Male,45000.0,50000,30000.0,10000.0,,No,Mumbai,West,Fashion & Lifestyle,4.0,12.254901960784315,Medium Value,Medium Value,0.411
Parul,https://instagram.com/parullchaudhry?igshid=OGQ5ZDc2ODk2ZA==,parullchaudhry,272000,Macro,0.94,175400,140320.0,Female,,50000,10000.0,25000.0,,No,Meghalaya,Northeast,Fashion & Lifestyle,4.0,19.555694618272838,Medium Value,Low Value,0.024
Aarti Shrisath,https://instagram.com/the.sleepyhead_?igshid=Yzg5MTU1MDY=,the.sleepyhead_,271000,Macro,8.5,250000,200000.0,Female,200000.0,650000,500000.0,100000.0,,No,Mumbai,West,Fashion & Lifestyle,4.0,28.21792923811591,Medium Value,Medium Value,0.2
Nany,https://www.instagram.com/a_girl_in_disguise/,a_girl_in_disguise,271000,Macro,2.11,150000,120000.0,Female,,105000,400000.0,600000.0,,No,Nagaland,Northeast,Comedy,4.0,18.362742869134852,Medium Value,Medium Value,0.411
anshkhuranaa,https://www.instagram.com/anshkhuranaa/,anshkhuranaa,268000,Macro,1.38,150000,120000.0,Male,,120000,80000.0,40000.0,,No,Delhi NCR,North,Entertainment,4.0,32.44646333549643,Medium Value,Medium Value,0.411
Manika Mishra,https://www.instagram.com/momnbabydiaries//,momnbabydiaries,266000,Macro,37.53,1007200,805760.0,Female,,1700000,680000.0,1020000.0,,No,Delhi NCR,North,Entertainment,4.0,17.028983329627025,Medium Value,Medium Value,0.2
Rida Khan,https://www.instagram.com/ridaculousssss/,ridaculousssss,266000,Macro,4.41,150000,120000.0,Female,,800000,400000.0,80000.0,,No,Bangalore,South,Comedy,4.0,68.1977051472218,Low Value,Low Value,0.08
City ka theka,https://www.instagram.com/citykatheka/,citykatheka,264000,Macro,8.43,150000,120000.0,Female,150000.0,650000,400000.0,150000.0,,No,Delhi NCR,North,Beauty,4.0,29.206657320536323,Medium Value,Medium Value,0.2
Aaisha,https://instagram.com/swaywithstyle?igshid=MzRlODBiNWFlZA==,swaywithstyle,264000,Macro,2.77,169100,135280.0,Female,40000.0,100000,60000.0,30000.0,,No,Assam,Northeast,Beauty,4.0,13.67465266382234,Medium Value,Medium Value,0.411
Karan Sehgal,https://www.instagram.com/karansehgal__/,karansehgal__,264000,Macro,4.6,399000,319200.0,Male,,100000,40000.0,60000.0,,No,Delhi NCR,North,Beauty,4.0,8.234519104084322,High Value,Medium Value,0.411
Nikhil & Sanket,https://www.instagram.com/socialruffian?igsh=ZXQxZmR3NG45bTcz,socialruffian,264000,Macro,1.72,179600,143680.0,Male,10000.0,18000,,5000.0,,No,Mumbai,West,Travel,4.0,3.964059196617336,High Value,Medium Value,0.411
Simpli stocks english,https://www.instagram.com/simplistocks/,simplistocks,263000,Macro,1.48,140600,112480.0,Male,24000.0,60000,75000.0,18000.0,,No,Mumbai,West,Finance,4.0,15.41465419792416,Medium Value,Medium Value,0.411
Rosangpui,https://www.instagram.com/rosangpuii_ralte/,rosangpuii_ralte,261000,Macro,3.25,150000,120000.0,Female,20000.0,35000,3500.0,15000.0,1.666666667,No,Mumbai,West,Fashion & Lifestyle,4.0,4.12614205717654,High Value,Medium Value,0.411
diksharawat22,https://www.instagram.com/diksharawat22,diksharawat22,260000,Macro,4.02,150000,120000.0,Female,,300000,200000.0,75000.0,0.2,No,Delhi NCR,North,Beauty,4.0,28.702640642939155,Medium Value,Medium Value,0.13
nishchay.verma,https://www.instagram.com/nishchay.verma,nishchay.verma,259000,Macro,1.01,150000,120000.0,Male,5000.0,140000,80000.0,40000.0,,Yes,Delhi NCR,North,Entertainment,4.0,53.518865400053514,Low Value,Low Value,0.0
Hardik Jain,https://www.instagram.com/about_every_damnthing?igsh=Z2M0a2ZlZGpha3Ru,about_every_damnthing,259000,Macro,1.4,140600,112480.0,Male,7200.0,40000,15000.0,5000.0,,No,Mumbai,West,Fashion & Lifestyle,4.0,11.031439602868174,Medium Value,Medium Value,0.411
eshaanduggal,https://www.instagram.com/eshaanduggal/,eshaanduggal,257000,Macro,5.23,150000,120000.0,Male,,90000,75000.0,30000.0,0.444444444,No,Delhi NCR,North,Entertainment,4.0,6.695880545491068,High Value,Medium Value,0.411
Swara,https://www.instagram.com/swaratheartist/,swaratheartist,256000,Macro,3.26,150000,120000.0,Female,150000.0,650000,250000.0,100000.0,0.363636364,No,Delhi NCR,North,Fashion & Lifestyle,4.0,77.8853527607362,Low Value,Low Value,0.08
allumariafelix03,https://www.instagram.com/allumariafelix03/,allumariafelix03,256000,Macro,10.5,250000,200000.0,Female,150000.0,400000,350000.0,100000.0,,No,Kochi,South,Fashion & Lifestyle,4.0,14.880952380952381,Medium Value,Medium Value,0.2
Khushbu Rajendra Tiwari,https://www.instagram.com/khushbu_rajendraa/,khushbu_rajendraa,256000,Macro,7.78,500000,400000.0,Female,70000.0,110000,60000.0,180000.0,,No,Mumbai,West,Beauty,4.0,5.52297557840617,High Value,High Value,0.971
Akanksha Rana,https://www.instagram.com/akankshaa_rana_/,akankshaa_rana_,254000,Macro,26.3,150000,120000.0,Female,,200000,80000.0,120000.0,,No,Dehradun,North,Entertainment,4.0,2.993922337654561,High Value,High Value,0.971
thesrishtidas,https://www.instagram.com/thesrishtidas/,thesrishtidas,254000,Macro,1.79,150000,120000.0,Female,,125000,70000.0,30000.0,,Yes,Mumbai,West,Entertainment,4.0,27.493071745920027,Medium Value,Medium Value,0.411
sonamcchhabra,https://www.instagram.com/sonamcchhabra/,sonamcchhabra,253000,Macro,2.15,150950,120760.0,Female,20000.0,130000,85000.0,30000.0,,No,Delhi NCR,North,Fashion & Lifestyle,4.0,23.899255446272637,Medium Value,Medium Value,0.411
Soumya Pathak,https://www.instagram.com/soumyapathakyoga/,soumyapathakyoga,252675,Macro,1.96,150950,120760.0,Female,,150000,60000.0,90000.0,,No,Pune,West,Fashion & Lifestyle,4.0,30.288161569169073,Medium Value,Medium Value,0.13
Mayank Shah,https://www.instagram.com/flavoursoftravels?utm_source=ig_web_button_share_sheet&igsh=ZDNlZDc0MzIxNw==,flavoursoftravels,252000,Macro,1.71,256800,205440.0,Male,1500.0,48500,25000.0,10500.0,,No,Delhi NCR,North,Fashion & Lifestyle,4.0,11.254989325164765,Medium Value,Medium Value,0.411
rrajeshyadav05,https://www.instagram.com/rrajeshyadav05/,rrajeshyadav05,251000,Macro,0.42,154000,123200.0,Male,6000.0,200000,150000.0,75000.0,,No,Delhi NCR,North,Comedy,4.0,189.71732119142476,Low Value,Low Value,0.0
Shobha Rana,https://www.instagram.com/iamshobharana/reels/,iamshobharana,251000,Macro,8.66,154000,123200.0,Female,280000.0,200000,40000.0,20000.0,,No,Assam,Northeast,Fashion & Lifestyle,4.0,9.201071004664943,High Value,High Value,0.971
Neetesh Praliya,https://www.instagram.com/neeteshpraliya/,neeteshpraliya,251000,Macro,2.82,30120,24096.0,Male,,150000,90000.0,60000.0,,No,Mumbai,West,Comedy,4.0,21.191828430957024,Medium Value,Medium Value,0.13
Geetanjali Chauhan,https://www.instagram.com/tashanbazz__billo/,tashanbazz__billo,251000,Macro,9.0,220000,176000.0,Female,25000.0,140000,,60000.0,,No,Delhi NCR,North,Comedy,4.0,6.19743249225321,High Value,High Value,0.971
Galcy,https://www.instagram.com/Galcy/,galcy,251000,Macro,2.0,300000,240000.0,Female,1000.0,25000,40000.0,50000.0,,No,Mumbai,West,Fashion & Lifestyle,4.0,4.9800796812749,High Value,Medium Value,0.411
Sahana Sarvesh,https://www.instagram.com/sahanasarvesh/,sahanasarvesh,250556,Macro,7.15,157000,125600.0,Female,,150000,60000.0,90000.0,,No,Chennai,South,Fashion & Lifestyle,4.0,8.372986868812154,High Value,High Value,0.971
Aakash Salunke,https://www.instagram.com/aakash_itis,aakash_itis,249000,Macro,21.7,829100,663280.0,Male,30000.0,150000,45000.0,10000.0,0.638433709,No,Indore,Central,Entertainment,4.0,2.7760812836599857,High Value,High Value,0.971
Priyal,https://www.instagram.com/priyalmittall?igsh=MTFvbHk1Z2pzcWI3Nw==,priyalmittall,248000,Macro,1.66,94300,75440.0,Female,30000.0,70000,50000.0,15000.0,,No,Mumbai,West,Fashion & Lifestyle,4.0,17.00349786241741,Medium Value,Medium Value,0.411
chetanngoel,https://www.instagram.com/chetanngoel/,chetanngoel,247000,Macro,4.29,169100,135280.0,Male,60000.0,280000,180000.0,50000.0,1.176470588,No,Delhi NCR,North,Comedy,4.0,26.424317922293632,Medium Value,Medium Value,0.13
Moon,https://www.instagram.com/moonkovers/,moonkovers,245000,Macro,3.62,162050,129640.0,Female,,70000,10000.0,3000.0,,No,Bangalore,South,Fashion & Lifestyle,4.0,7.892659826361484,High Value,Medium Value,0.411
Piyusha Patil,https://www.instagram.com/piyuchino/,piyuchino,244000,Macro,9.84,164100,131280.0,Female,35000.0,150000,90000.0,60000.0,1.0,No,Mumbai,West,Comedy,4.0,6.2475009996001605,High Value,High Value,0.971
Shabnam Fathima,https://www.instagram.com/shabostoc?igsh=aWIxaDN6emh2eGti,shabostoc,243000,Macro,0.63,45400,36320.0,Female,,60000,55000.0,25000.0,1.666666667,No,Delhi NCR,North,Beauty,4.0,39.19263178522438,Low Value,Low Value,0.024
Debashree,https://www.instagram.com/debashree.gogoi/,debashree.gogoi,243000,Macro,4.11,154000,123200.0,Female,,45000,,,,No,Assam,Northeast,Beauty,4.0,4.505722267279444,High Value,Medium Value,0.411
Financial Adda - (NISM certified),https://instagram.com/financialadda.in?igshid=YmMyMTA2M2Y=,financialadda.in,243000,Macro,1.46,154000,123200.0,Male,16000.0,40000,72000.0,12000.0,,No,Delhi NCR,North,Finance,4.0,11.274592705338518,Medium Value,Medium Value,0.411
Fourm,https://www.instagram.com/forumxx?igsh=MW9leGxjMjR0a2VvZg==,forumxx,242000,Macro,29.0,20100,16080.0,Female,4800.0,40000,30000.0,35000.0,,No,Delhi NCR,North,Fashion & Lifestyle,4.0,0.5699629524080935,High Value,High Value,1.0
Shivangi Sharma,https://www.instagram.com/shivangi_sharma.official/,shivangi_sharma.official,241000,Macro,4.37,247000,197600.0,Male,35000.0,700000,300000.0,100000.0,0.938312646,Yes,Delhi NCR,North,Comedy,4.0,66.46600263964982,Low Value,Low Value,0.08
Karan,https://www.instagram.com/karanjoshann/,karanjoshann,240000,Macro,2.66,146250,117000.0,Male,,120000,48000.0,72000.0,,No,Delhi NCR,North,Beauty,4.0,18.796992481203006,Medium Value,Medium Value,0.411
Pria Beniwal,https://www.instagram.com/priabeniwal/,priabeniwal,239000,Macro,2.66,136050,108840.0,Female,,300000,120000.0,180000.0,,No,Delhi NCR,North,Fashion & Lifestyle,4.0,47.18910246327115,Low Value,Medium Value,0.13
Surabhi Pisal,https://www.instagram.com/surabhi_littlereviews,surabhi_littlereviews,239000,Macro,2.0,136050,108840.0,Female,,150000,60000.0,90000.0,,No,Mumbai,West,Fashion & Lifestyle,4.0,31.380753138075313,Medium Value,Medium Value,0.13
Sandhya Naidu,https://instagram.com/neoteric_style?igshid=YmMyMTA2M2Y=,neoteric_style,239000,Macro,2.35,137100,109680.0,Female,,30000,15000.0,7500.0,,No,Mumbai,West,Beauty,4.0,5.341404789459628,High Value,Medium Value,0.411
Mridul Sharma,https://www.instagram.com/mridul_sharmaa/,mridul_sharmaa,238000,Macro,7.46,300000,240000.0,Female,1500.0,275000,190000.0,100000.0,,No,Nagaland,Northeast,Beauty,4.0,15.48876923423525,Medium Value,High Value,0.971
hemant_sharma10,https://www.instagram.com/hemant_sharma10/,hemant_sharma10,237000,Macro,2.33,139250,111400.0,Male,5000.0,120000,80000.0,40000.0,,No,Delhi NCR,North,Comedy,4.0,21.730863258542943,Medium Value,Medium Value,0.411
Parbin,https://www.instagram.com/parbinsultana7/,parbinsultana7,237000,Macro,9.13,139250,111400.0,Female,10000.0,35000,20000.0,40000.0,,No,Assam,Northeast,Beauty,4.0,1.6175172496660983,High Value,High Value,1.0
Bhargavi,https://www.instagram.com/bhargavivenkatram?igsh=MXZndHJmcjhobWd4ZA==,bhargavivenkatram,235000,Macro,2.31,200000,160000.0,Female,100000.0,200000,25000.0,250000.0,0.666666667,No,Bangalore,South,Fashion & Lifestyle,4.0,36.84259003407939,Low Value,Medium Value,0.13
Monisha mehta,https://instagram.com/itsmonishamehta?igshid=MmU2YjMzNjRlOQ==,itsmonishamehta,235000,Macro,2.8,164100,131280.0,Female,3000.0,69000,27000.0,9000.0,,No,Udaipur,West,Fashion & Lifestyle,4.0,10.486322188449847,Medium Value,Medium Value,0.411
Gagan,https://www.instagram.com/cricket.cardio/,cricket.cardio,233000,Macro,4.37,573571,458857.0,Male,50000.0,250000,,300000.0,0.087173166,No,Delhi NCR,North,Fitness,4.0,24.552891839600868,Medium Value,Medium Value,0.13
Yash Kadam,https://www.instagram.com/yash.kadam23/,yash.kadam23,233000,Macro,1.31,35900,28720.0,Male,,70000,30000.0,7000.0,0.444444444,No,Mumbai,West,Fashion & Lifestyle,4.0,22.933525538118793,Medium Value,Medium Value,0.411
Anjari Gangully,https://www.instagram.com/thatyellowtrunk?utm_source=ig_web_button_share_sheet&igsh=ZDNlZDc0MzIxNw==,thatyellowtrunk,232000,Macro,2.28,38300,30640.0,Female,,100000,40000.0,60000.0,,No,Delhi NCR,North,Beauty,4.0,18.905021173623712,Medium Value,Medium Value,0.411
Akanksha Singh Gaur,https://www.instagram.com/akanksha.singhgaurr/,akanksha.singhgaurr,232000,Macro,2.11,120000,96000.0,Female,20000.0,95000,2000.0,15000.0,,No,Lucknow,North,Fashion & Lifestyle,4.0,19.406765811407094,Medium Value,Medium Value,0.411
Radhika Sawant,https://www.instagram.com/radhikasawant.20?igsh=NWw1ejA1MWN6aGx4,radhikasawant.20,230000,Macro,4.07,367500,294000.0,Female,,40000,5000.0,35000.0,,No,Delhi NCR,North,Fashion & Lifestyle,4.0,4.27304775130862,High Value,Medium Value,0.411
lifeof_asif,https://www.instagram.com/lifeof_asif,lifeof_asif,230000,Macro,9.33,110000,88000.0,Male,8000.0,30000,4000.0,6000.0,,No,Delhi NCR,North,Fashion & Lifestyle,4.0,1.398014818957081,High Value,High Value,1.0
Sumeet Kamath,https://www.instagram.com/sumeet.69/,sumeet.69,229000,Macro,1.88,27480,21984.0,Male,500.0,150000,90000.0,60000.0,,No,Assam,Northeast,Comedy,4.0,34.8415869181455,Low Value,Medium Value,0.13
Manmeet Bajaj,https://www.instagram.com/sherlen/,sherlen,229000,Macro,1.03,179956,143965.0,Female,,150000,60000.0,90000.0,,No,Kanpur,North,Gaming,4.0,63.59435282146946,Low Value,Low Value,0.0
Aarti Samant ( The Sorted Girl),https://www.instagram.com/thesortedgirl/,thesortedgirl,229000,Macro,1.43,70000,56000.0,Female,40000.0,130000,1000.0,20000.0,,No,Mumbai,West,Business & Marketing,4.0,39.69829297340215,Low Value,Medium Value,0.411
Amaan Armaan,https://www.instagram.com/soboguys/,soboguys,229000,Macro,3.99,221900,177520.0,Male,,64000,30000.0,10000.0,,No,Nagaland,Northeast,Fashion & Lifestyle,4.0,7.0044105897932605,High Value,Medium Value,0.411
shonalii11,https://www.instagram.com/shonalii11/,shonalii11,228000,Macro,4.64,120000,96000.0,Female,1000.0,125000,85000.0,30000.0,,No,Chandigarh,North,Entertainment,4.0,11.815638233514822,Medium Value,Medium Value,0.411
Dhaval Zaveri,https://www.instagram.com/zaveri_dhaval?igsh=MWtuZzF5dDBjeWdyYQ==,zaveri_dhaval,227000,Macro,1.35,297800,238240.0,Male,,45000,9500.0,0.0,,No,Assam,Northeast,Fashion & Lifestyle,4.0,14.684287812041116,Medium Value,Medium Value,0.411
Aditya Thakare,https://www.instagram.com/aditya.thakare21/,aditya.thakare21,226000,Macro,1.71,27120,21696.0,Male,1500.0,150000,90000.0,60000.0,,No,West Bengal,East,Comedy,4.0,38.81384878124515,Low Value,Medium Value,0.13
Dinesh Kumar,https://www.instagram.com/dinos_vault/,dinos_vault,225000,Macro,2.86,20600,16480.0,Male,1500.0,25000,2500.0,1000.0,,No,Odisha,East,Beauty,4.0,3.885003885003885,High Value,Medium Value,0.411
Kalaivendan K,https://www.instagram.com/p_o_n_d_i_c_h_e_r_r_y/,p_o_n_d_i_c_h_e_r_r_y,223302,Macro,0.24,102261,81809.0,Male,1500.0,5000,3000.0,2000.0,,No,Delhi NCR,North,Beauty,4.0,9.329667147331119,High Value,Low Value,0.03
Himani Rawat,https://www.instagram.com/hiimani.rawat/,hiimani.rawat,222000,Macro,1.95,103323,82658.0,Female,200.0,35000,2000.0,0.0,,No,Delhi NCR,North,Beauty,4.0,8.085008085008084,High Value,Medium Value,0.411
Ipsa Shah,https://www.instagram.com/themusegirliee/,themusegirliee,221000,Macro,1.48,104300,83440.0,Female,,120000,48000.0,72000.0,,No,Ahmedabad,West,Music,4.0,36.68827198238963,Low Value,Medium Value,0.411
Prerna,https://www.instagram.com/prernapandaofficial?igsh=bDF5ZnJmYjY2Mmt3,prernapandaofficial,221000,Macro,3.09,62400,49920.0,Female,3000.0,60000,40000.0,15000.0,,No,Mumbai,West,Fashion & Lifestyle,4.0,8.786188112287485,High Value,Medium Value,0.411
Fury Bhai,https://www.instagram.com/fury_ff_01/,fury_ff_01,221000,Macro,13.0,26600,21280.0,Male,200.0,15000,20000.0,0.0,,No,Mumbai,West,Fashion & Lifestyle,4.0,0.5221023320570832,High Value,High Value,1.0
kritivij,https://www.instagram.com/kritivij,kritivij,220000,Macro,2.7,104300,83440.0,Male,1000.0,120000,80000.0,40000.0,0.2,No,Mumbai,West,Entertainment,4.0,20.2020202020202,Medium Value,Medium Value,0.411
Mohak Manglani,https://www.instagram.com/mohak.manghani?igsh=NWIyenB1ZXFjMThw,mohak.manghani,220000,Macro,4.94,225200,180160.0,Male,,75000,30000.0,10000.0,,No,Punjab,North,Fashion & Lifestyle,4.0,6.900993743099006,High Value,Medium Value,0.411
Sneha Paliwal,https://www.instagram.com/highstreetmommy?igsh=MXNlMGR6cWZmaXFrbA==,highstreetmommy,220000,Macro,4.57,364100,291280.0,Female,,60000,35000.0,20000.0,,No,Mumbai,West,Fashion & Lifestyle,4.0,5.967774020290431,High Value,Medium Value,0.411
Hemant,https://www.instagram.com/food_eternity/,food_eternity,219007,Macro,2.79,87220,69776.0,Male,100000.0,600000,450000.0,100000.0,0.363636364,Yes,Bhopal,Central,Comedy,4.0,98.19492684747985,Low Value,Low Value,0.08
Ashwarya Meena,https://www.instagram.com/juderaho/,juderaho,219000,Macro,5.16,104300,83440.0,Female,30000.0,500000,200000.0,300000.0,0.909366475,No,Jaipur,West,Fashion & Lifestyle,4.0,44.24622137269478,Low Value,Low Value,0.08
Wealthy fied,https://www.instagram.com/wealthy_fied/,wealthy_fied,219000,Macro,0.41,104300,83440.0,Male,16000.0,40000,1000.0,12000.0,,No,Delhi NCR,North,Finance,4.0,44.548390689386345,Low Value,Low Value,0.0
Bhumika,https://www.instagram.com/bhumika_zin?igsh=bzF6cTZ4M3BqeDU0,bhumika_zin,219000,Macro,0.53,45800,36640.0,Female,20000.0,35000,17000.0,9000.0,,No,Mumbai,West,Beauty,4.0,30.154217282674246,Medium Value,Medium Value,0.06
Robin Singh,https://www.instagram.com/robin_singh_23/,robin_singh_23,218657,Macro,1.55,103811,83049.0,Male,,100000,40000.0,60000.0,,No,Mumbai,West,Fashion & Lifestyle,4.0,29.505631666152034,Medium Value,Medium Value,0.411
Parvii,https://www.instagram.com/parviisharrma/,parviisharrma,216000,Macro,4.05,102261,81809.0,Female,30000.0,300000,120000.0,180000.0,0.219003679,No,Mumbai,West,Entertainment,4.0,34.29355281207133,Low Value,Medium Value,0.13
Sushmita,https://www.instagram.com/mysa_thehomedecor?utm_source=ig_web_button_share_sheet&igsh=ZDNlZDc0MzIxNw==,mysa_thehomedecor,216000,Macro,2.07,27500,22000.0,Female,,175000,70000.0,105000.0,,No,Bangalore,South,Entertainment,4.0,39.13938092682054,Low Value,Medium Value,0.13
Akshara Shivakumar,https://www.instagram.com/aksharashivakumar/,aksharashivakumar,216000,Macro,2.63,237800,190240.0,Female,150000.0,48000,8000.0,15000.0,,No,Mumbai,West,Beauty,4.0,8.449514152936207,High Value,Medium Value,0.411
Saiman Says,https://www.instagram.com/hisaimansays/,hisaimansays,215000,Macro,4.82,528140,422512.0,Male,30000.0,400000,160000.0,240000.0,0.6,Yes,Mumbai,West,Entertainment,4.0,38.598861333590655,Low Value,Medium Value,0.13
Shahid Khan,https://www.instagram.com/shahidkhan0911?igsh=ZDNlZDc0MzIxNw==,shahidkhan0911,213000,Macro,5.4,102261,81809.0,Male,16000.0,40000,45000.0,12000.0,,No,Mumbai,West,Business & Marketing,4.0,3.477656059815684,High Value,High Value,0.938
Yuvika arora,https://www.instagram.com/yuvika arora/,yuvika arora,212000,Macro,0.47,93500,74800.0,Female,5000.0,85000,55000.0,20000.0,,No,Ahmedabad,West,Entertainment,4.0,85.30710558008832,Low Value,Low Value,0.0
Jainaman Vorah,https://www.instagram.com/vorasahab?igsh=MXh2bmhtdzdqMzQ1bw==,vorasahab,212000,Macro,1.89,114800,91840.0,Male,,55000,35000.0,12000.0,0.2,No,Delhi NCR,North,Fashion & Lifestyle,4.0,13.726664670060895,Medium Value,Medium Value,0.411
Neha Das,https://www.instagram.com/neha_daas_here/,neha_daas_here,212000,Macro,3.25,101198,80958.0,Female,1000.0,13000,120000.0,50000.0,0.25,No,Assam,Northeast,Fashion & Lifestyle,4.0,1.8867924528301887,High Value,Medium Value,0.411
Prerna,https://www.instagram.com/i.preranadas,i.preranadas,211000,Macro,2.15,101200,80960.0,Female,,250000,200000.0,200000.0,0.363636364,No,West Bengal,East,Entertainment,4.0,55.10856387082553,Low Value,Medium Value,0.13
Amit Dwivedi,https://www.instagram.com/amit.dwivedi/,amit.dwivedi,211000,Macro,2.17,31100,24880.0,Male,,50000,40000.0,15000.0,,No,Delhi NCR,North,Beauty,4.0,10.920130167951603,Medium Value,Medium Value,0.411
Prannay,https://www.instagram.com/prannayjoshi/,prannayjoshi,209000,Macro,2.71,25080,20064.0,Male,,170000,102000.0,68000.0,,No,Bangalore,South,Comedy,4.0,30.014654213527784,Medium Value,Medium Value,0.13
Jaanvi Sadana,https://www.instagram.com/jaanvi_sadana/,jaanvi_sadana,208000,Macro,1.54,54447,43558.0,Female,,1000000,600000.0,400000.0,,No,Delhi NCR,North,Comedy,4.0,312.1878121878122,Low Value,Low Value,0.08
Akshita Rawat,https://www.instagram.com/akx.putf/,akx.putf,208000,Macro,2.13,100000,80000.0,Female,2000.0,35000,45000.0,3500.0,,No,Delhi NCR,North,Entertainment,4.0,7.899963885879379,High Value,Medium Value,0.411
Tasneem Shaikh,https://www.instagram.com/blogs_by_tazz?igsh=azMzajkxMGF6ZnYx,blogs_by_tazz,208000,Macro,1.19,104500,83600.0,Female,,12000,8000.0,15000.0,,No,Meghalaya,Northeast,Beauty,4.0,4.848093083387202,High Value,Medium Value,0.411
Shambhavi Mishra,https://www.instagram.com/talksassy/reels/,talksassy,207000,Macro,8.35,103323,82658.0,Female,,500000,200000.0,300000.0,,No,Delhi NCR,North,Entertainment,4.0,28.927651942491828,Medium Value,Medium Value,0.2
Shobhit,https://www.instagram.com/shobhit_naveen/,shobhit_naveen,207000,Macro,2.86,2212300,1769840.0,Male,,200000,80000.0,120000.0,,Yes,Lucknow,North,Entertainment,4.0,33.782642478294655,Low Value,Medium Value,0.13
Saptami,https://www.instagram.com/saptukuttualt/,saptukuttualt,207000,Macro,2.17,100000,80000.0,Female,6000.0,105000,40000.0,4500.0,,No,Delhi NCR,North,Fashion & Lifestyle,4.0,23.375409069658723,Medium Value,Medium Value,0.411
Priyanka D,https://instagram.com/priyankka_priii?r=nameta,priyankka_priii,207000,Macro,1.67,12400,9920.0,Female,,15000,15000.0,15000.0,,No,Meghalaya,Northeast,Beauty,4.0,4.339147791373774,High Value,Medium Value,0.411
Afryina Ashraf,https://www.instagram.com/afriiiiyy/,afriiiiyy,206991,Macro,39.78,100000,80000.0,Female,30000.0,180000,72000.0,108000.0,0.837030217,No,Bangalore,South,Entertainment,4.0,2.186030734586554,High Value,High Value,0.971
Prince,https://www.instagram.com/styleinspo_13/,styleinspo_13,206000,Macro,3.81,222000,177600.0,Male,,180000,7000.0,5000.0,0.6,No,Mumbai,West,Beauty,4.0,22.93402645057717,Medium Value,Medium Value,0.13
Radhika bhardwaj,https://www.instagram.com/_anandhika.official?igsh=MXVocWh4OXFveXdsdA==,_anandhika.official,206000,Macro,2.07,178700,142960.0,Female,,160000,90000.0,60000.0,,No,Mumbai,West,Fashion & Lifestyle,4.0,37.5216922283195,Low Value,Medium Value,0.13
Himanshu,https://www.instagram.com/thara_taau_ramphal/,thara_taau_ramphal,206000,Macro,2.16,100000,80000.0,Male,,125000,50000.0,75000.0,,No,Delhi NCR,North,Entertainment,4.0,28.09241280115066,Medium Value,Medium Value,0.411
Sharmila Tamang,https://www.instagram.com/sharmila_timsina_chettri/,sharmila_timsina_chettri,206000,Macro,4.1,100000,80000.0,Female,,35000,85000.0,30000.0,,No,Delhi NCR,North,Beauty,4.0,4.143973478569738,High Value,Medium Value,0.411
Raunak Mathur,https://www.instagram.com/raunakmathur1707,raunakmathur1707,205000,Macro,2.31,100000,80000.0,Male,,200000,80000.0,120000.0,0.454545455,No,Delhi NCR,North,Entertainment,4.0,42.23418857565199,Low Value,Medium Value,0.13
Abhinav Jha,https://www.instagram.com/swankyabhii/,swankyabhii,205000,Macro,1.73,40000,32000.0,Male,30000.0,50000,20000.0,22500.0,1.0,No,Bihar,East,Fashion & Lifestyle,4.0,14.098406880022557,Medium Value,Medium Value,0.411
Devansh Kamboj,https://www.instagram.com/devanshkamboj/,devanshkamboj,204902,Macro,59.74,100000,80000.0,Male,30000.0,225000,90000.0,135000.0,0.63525675,No,Delhi NCR,North,Entertainment,4.0,,,Not scored,
Sayli,https://www.instagram.com/sayliraut_/,sayliraut_,204000,Macro,3.15,24480,19584.0,Female,,220000,132000.0,88000.0,,No,Assam,Northeast,Comedy,4.0,34.23591658885776,Low Value,Medium Value,0.13
Neha & Thejas,https://www.instagram.com/smilesandpostcards?,smilesandpostcards,204000,Macro,10.2,200000,160000.0,Female,,200000,80000.0,120000.0,,No,Hyderabad,South,Entertainment,4.0,9.611687812379856,High Value,High Value,0.971
Merrylin Boro,https://www.instagram.com/merrylinboro/,merrylinboro,203319,Macro,0.24,100598,80478.0,Female,30000.0,300000,120000.0,180000.0,0.819266667,No,Delhi NCR,North,Entertainment,4.0,614.7974365406086,Low Value,Low Value,0.0
CA Ali - Talk Stock (SEBI registered),https://instagram.com/mr.talkstock?igshid=YmMyMTA2M2Y=,mr.talkstock,202000,Macro,0.95,100000,80000.0,Male,28000.0,70000,8000.0,21000.0,,No,Bangalore,South,Finance,4.0,36.477331943720685,Low Value,Low Value,0.024
Akshada Patil,https://www.instagram.com/overlydaa/,overlydaa,201000,Macro,5.28,100000,80000.0,Female,30000.0,300000,120000.0,180000.0,0.545454546,No,Mumbai,West,Entertainment,4.0,28.267752148349164,Medium Value,Medium Value,0.13
Kanika,https://www.instagram.com/kanikaluv/,kanikaluv,201000,Macro,3.02,70000,56000.0,Female,,200000,80000.0,120000.0,0.444444444,Yes,Pune,West,Fashion & Lifestyle,4.0,32.94784356363876,Medium Value,Medium Value,0.13
Banashree Palit Gala,https://www.instagram.com/bowtie_and_lipsticks/,bowtie_and_lipsticks,201000,Macro,0.86,70300,56240.0,Female,,35000,10000.0,7000.0,,No,West Bengal,East,Fashion & Lifestyle,4.0,20.247599213236146,Medium Value,Medium Value,0.06
Kritika Khurana,https://www.instagram.com/thatbohogirl/,thatbohogirl,200000,Macro,2.11,556000,444800.0,Female,,1000000,400000.0,600000.0,,No,Delhi NCR,North,Beauty,4.0,236.96682464454977,Low Value,Low Value,0.08
Radhika Bangia,https://www.instagram.com/radhika_bangia/,radhika_bangia,200000,Macro,1.38,104300,83440.0,Female,,700000,280000.0,420000.0,,No,Mumbai,West,Beauty,4.0,253.6231884057971,Low Value,Low Value,0.053
Jivachi Mumbai,https://www.instagram.com/jivachi_mumbai?igsh=NXhkZnplemhiaHVt,jivachi_mumbai,200000,Macro,0.69,58800,47040.0,Female,7000.0,9000,2000.0,2000.0,,No,Mumbai,West,Travel,4.0,6.521739130434782,High Value,Medium Value,0.06
saloni agarwal,https://www.instagram.com/plankbefore_pancakes,plankbefore_pancakes,199578,Macro,2.95,764057,611245.6,Female,50000.0,300000,120000.0,180000.0,0.065440144,No,Surat,West,Music,4.0,50.954972619345455,Low Value,Medium Value,0.13
Giri Swalkar,https://www.instagram.com/one.dapper.fox/?utm_medium=copy_link,one.dapper.fox,199000,Macro,5.15,307600,246080.0,Male,,200000,75000.0,50000.0,,No,Mumbai,West,Fashion & Lifestyle,4.0,19.51505098307069,Medium Value,Medium Value,0.13
Drishti Sharma,https://www.instagram.com/drishtiispeaks,drishtiispeaks,199000,Macro,1.02,150000,120000.0,Female,40000.0,120000,18000.0,35000.0,,Yes,Mumbai,West,Business & Marketing,4.0,59.119125036949455,Low Value,Low Value,0.024
Tanvee Dutta,https://www.instagram.com/tanveedutta._/,tanveedutta._,199000,Macro,0.48,100598,80478.0,Female,,20000,30000.0,50000.0,,No,Assam,Northeast,Fashion & Lifestyle,4.0,20.938023450586265,Medium Value,Low Value,0.03
Sahil Verma,https://instagram.com/its_sahilverma31?igshid=MGNiNDI5ZTU=,its_sahilverma31,198000,Macro,0.89,100000,80000.0,Male,20000.0,50000,3500.0,15000.0,,No,Delhi NCR,North,Finance,4.0,28.373623879241855,Medium Value,Low Value,0.024
Rehan alam,https://www.instagram.com/rt_gamer_bros/,rt_gamer_bros,197000,Macro,31.14,89000,71200.0,Male,22000.0,100000,60000.0,40000.0,,No,Delhi NCR,North,Comedy,4.0,1.6301034463647062,High Value,High Value,0.971
khushiiimalhotra,https://www.instagram.com/khushiiimalhotra,khushiiimalhotra,194595,Macro,3.53,100000,80000.0,Female,4000.0,20000,10000.0,25000.0,,No,Kochi,South,Beauty,4.0,2.911545712687068,High Value,Medium Value,0.411
Shubham Jadhav,https://www.instagram.com/shubhammjadhavv/,shubhammjadhavv,193615,Macro,23.2,97500,78000.0,Male,30000.0,100000,40000.0,45000.0,1.0,No,Mumbai,West,Gaming,4.0,2.2262452948305693,High Value,High Value,0.971
Lina,https://www.instagram.com/ahouse_to_myhome?utm_source=ig_web_button_share_sheet&igsh=ZDNlZDc0MzIxNw==,ahouse_to_myhome,193000,Macro,2.22,29500,23600.0,Male,,300000,120000.0,180000.0,,No,Hyderabad,South,Entertainment,4.0,70.01820473323063,Low Value,Medium Value,0.13
Tavleen Kaur,https://www.instagram.com/tavleenkaurrrrrr/,tavleenkaurrrrrr,193000,Macro,3.09,20640,16512.0,Female,,150000,60000.0,90000.0,,Yes,Mumbai,West,Entertainment,4.0,25.15217063232557,Medium Value,Medium Value,0.13
Hetal Chheda,https://www.instagram.com/nutritionisthetalchheda?igsh=MXg2dDhsbWZpc2wwdA==,nutritionisthetalchheda,192446,Macro,2.3,55000,32000.0,Female,50000.0,300000,120000.0,180000.0,0.909090909,No,Mumbai,West,Fashion & Lifestyle,4.0,67.77734149252032,Low Value,Medium Value,0.13
Ashutosh Chauhan,https://www.instagram.com/_.ashu.5/,_.ashu.5,192000,Macro,6.59,256400,205120.0,Male,,200000,80000.0,120000.0,0.363636364,No,Bhopal,Central,Fashion & Lifestyle,4.0,15.80677794638341,Medium Value,High Value,0.667
Devang Ubale,https://www.instagram.com/effigy.music/?hl=en,effigy.music,191000,Macro,4.24,22920,18336.0,Male,,250000,150000.0,100000.0,,No,Assam,Northeast,Comedy,4.0,30.870295366986074,Medium Value,Medium Value,0.13
girlinagarb,https://www.instagram.com/girlinagarb,girlinagarb,190212,Macro,16.42,89000,71200.0,Female,60000.0,45000,,,,No,West Bengal,East,Fashion & Lifestyle,4.0,1.4407925327142508,High Value,High Value,1.0
Komal Pandey,https://www.instagram.com/komalpandeyofficial/,komalpandeyofficial,190000,Macro,4.56,1400000,1120000.0,Female,4000.0,1000000,400000.0,600000.0,,No,Mumbai,West,Fashion & Lifestyle,4.0,115.4201292705448,Low Value,Low Value,0.08
Astuti,https://www.instagram.com/astuti_mw/,astuti_mw,190000,Macro,17.5,6500000,5200000.0,Female,,200000,80000.0,120000.0,,No,Mumbai,West,Fashion & Lifestyle,4.0,6.015037593984962,High Value,High Value,0.971
Ankita Kariya,https://www.instagram.com/ankitakariya?igsh=dm10aWMwazNmNXJp,ankitakariya,190000,Macro,1.23,85800,68640.0,Female,7200.0,180000,90000.0,70000.0,,No,Chhattisgarh,Central,Beauty,4.0,77.02182284980745,Low Value,Low Value,0.053
Jatin Sapru,https://www.instagram.com/jatin_sapru/,jatin_sapru,190000,Macro,7.78,1030000,824000.0,Male,6000.0,150000,60000.0,90000.0,,No,Mumbai,West,Entertainment,4.0,10.14747666080368,High Value,High Value,0.971
Ronak Rathod,https://www.instagram.com/spoonsofmumbai/,spoonsofmumbai,190000,Macro,1.01,84300,67440.0,Male,5000.0,35000,12000.0,0.0,,No,Mumbai,West,Travel,4.0,18.238665971860343,Medium Value,Medium Value,0.06
Shivani Rai,https://www.instagram.com/_thefashion__hub/,_thefashion__hub,189000,Macro,2.15,88000,70400.0,Female,20000.0,75000,5000.0,5000.0,,No,Lucknow,North,Beauty,4.0,18.456995201181247,Medium Value,Medium Value,0.411
Susmita,https://www.instagram.com/susmita_sapam_mangang/,susmita_sapam_mangang,189000,Macro,0.46,100000,80000.0,Female,,35000,25000.0,10000.0,,No,Manipur,Northeast,Beauty,4.0,40.25764895330113,Low Value,Low Value,0.0
Sejal Sharma,https://www.instagram.com/SejalSharma/,sejalsharma,188000,Macro,1.33,110000,88000.0,Female,,200000,80000.0,120000.0,,No,Chandigarh,North,Entertainment,4.0,79.98720204767237,Low Value,Low Value,0.053
Khaliid,https://instagram.com/khalidwalb?igshid=YmMyMTA2M2Y=,khalidwalb,187000,Macro,3.86,88000,70400.0,Male,30000.0,300000,180000.0,120000.0,0.940645283,No,Delhi NCR,North,Entertainment,4.0,41.5616081571583,Low Value,Medium Value,0.13
Shiwangi Singh,https://www.instagram.com/shiwangisinghh/,shiwangisinghh,186000,Macro,16.42,86900,69520.0,Female,,175000,70000.0,105000.0,,No,Delhi NCR,North,Entertainment,4.0,5.7299647689023345,High Value,High Value,0.971
Belly Kanungo,https://www.instagram.com/bellykanungo?igsh=dnNwYWlyOXNidGJv,bellykanungo,185000,Macro,9.18,85260,68208.0,Female,30000.0,155000,62000.0,93000.0,1.2,No,Mumbai,West,Entertainment,4.0,9.126773832656186,High Value,High Value,0.971
Shivam Rathi,https://www.instagram.com/nonstopgaming_325/,nonstopgaming_325,185000,Macro,17.0,372000,297600.0,Male,800.0,4500,160000.0,240000.0,,No,Delhi NCR,North,Fashion & Lifestyle,4.0,0.14308426073131955,High Value,High Value,1.0
Richa Shahi,https://www.instagram.com/richashahii/,richashahii,184000,Macro,1.95,741071,592857.0,Female,,200000,80000.0,120000.0,,No,Mumbai,West,Entertainment,4.0,55.74136008918617,Low Value,Medium Value,0.13
Raju Bose,http://www.instagram.com/thedappercheck,thedappercheck,182000,Macro,8.66,561700,449360.0,Male,,80000,40000.0,20000.0,,No,Mumbai,West,Fashion & Lifestyle,4.0,5.075755653122858,High Value,High Value,0.971
D Thamman,https://www.instagram.com/_hometownflavours_?utm_source=ig_web_button_share_sheet&igsh=ZDNlZDc0MzIxNw==,_hometownflavours_,182000,Macro,0.42,48500,38800.0,Female,15000.0,20000,18000.0,300000.0,,No,Mumbai,West,Travel,4.0,26.164311878597594,Medium Value,Low Value,0.03
Ayush Shukla,https://www.instagram.com/ayushshukl.a,ayushshukl.a,181000,Macro,1.06,80000,64000.0,Male,50000.0,150000,25000.0,60000.0,,No,Mumbai,West,Business & Marketing,4.0,78.1820077139581,Low Value,Low Value,0.0
Ruchi Soni,https://www.instagram.com/dentistduos/,dentistduos,181000,Macro,1.46,69000,55200.0,Female,40000.0,60000,15000.0,10000.0,,No,Mumbai,West,Beauty,4.0,22.704911829259064,Medium Value,Medium Value,0.411
Raghav,https://www.instagram.com/raghav_sharmaaaaa/,raghav_sharmaaaaa,180000,Macro,9.93,85530,68424.0,Male,,225000,90000.0,135000.0,0.206185567,No,Delhi NCR,North,Entertainment,4.0,12.58811681772407,Medium Value,High Value,0.516
Satya saggar,https://www.instagram.com/satyasaggar?igsh=MXJ4YnBraTMzcGtmaA==,satyasaggar,180000,Macro,2.0,21200,16960.0,Male,1000.0,125000,40000.0,50000.0,,No,Mumbai,West,Fashion & Lifestyle,4.0,34.72222222222222,Low Value,Medium Value,0.411
Rahul Kesari,https://www.instagram.com/bhookkad_baba/,bhookkad_baba,180000,Macro,1.12,113100,90480.0,Male,5000.0,45000,30000.0,20000.0,,No,Nagaland,Northeast,Fashion & Lifestyle,4.0,22.32142857142857,Medium Value,Medium Value,0.411
Soha Ali,https://www.instagram.com/sohaa.__.ly/,sohaa.__.ly,179000,Macro,2.0,95000,76000.0,Female,30000.0,90000,3000.0,,,No,Delhi NCR,North,Beauty,4.0,25.139664804469273,Medium Value,Medium Value,0.411
Mansi,https://www.instagram.com/mansi01khare,mansi01khare,178000,Macro,5.5,84945,67956.0,Female,,300000,120000.0,180000.0,0.363636364,No,Delhi NCR,North,Entertainment,4.0,30.643513789581206,Medium Value,High Value,0.516
Shivani Parihar,https://www.instagram.com/shivani__parihar/,shivani__parihar,178000,Macro,5.07,154000,123200.0,Female,,250000,100000.0,150000.0,0.363636364,No,Jaipur,West,Entertainment,4.0,27.70205881701128,Medium Value,Medium Value,0.13
Adarsh,https://www.instagram.com/adarshsolankiii/,adarshsolankiii,178000,Macro,9.33,600000,480000.0,Male,60000.0,170000,15000.0,5000.0,,Yes,Meghalaya,Northeast,Entertainment,4.0,10.236400640678252,Medium Value,High Value,0.516
Shreeja,https://www.instagram.com/shreeja.b,shreeja.b,177000,Macro,3.26,85800,68640.0,Female,,250000,100000.0,150000.0,0.363636364,No,Mumbai,West,Entertainment,4.0,43.3260545561679,Low Value,Medium Value,0.13
Vishal,https://www.instagram.com/thefernandist/,thefernandist,176000,Macro,2.34,200000,160000.0,Male,,200000,80000.0,120000.0,,No,Hyderabad,South,Entertainment,4.0,48.562548562548564,Low Value,Medium Value,0.13
Omkar Kadam,https://www.instagram.com/omi_2609/,omi_2609,176000,Macro,1.46,21120,16896.0,Male,,120000,72000.0,48000.0,,No,Chandigarh,North,Comedy,4.0,46.699875466998755,Low Value,Medium Value,0.411
Kanika khatri,https://www.instagram.com/kanika_kh?igsh=aTMwYjNtdDEyejB4,kanika_kh,176000,Macro,1.19,61700,49360.0,Female,,110000,65000.0,20000.0,,No,Mumbai,West,Beauty,4.0,52.52100840336134,Low Value,Medium Value,0.411
lifeofshariq,https://www.instagram.com/lifeofshariq,lifeofshariq,176000,Macro,4.11,50000,40000.0,Male,,7000,,,,No,Nagaland,Northeast,Fashion & Lifestyle,4.0,0.9677062596770626,High Value,Medium Value,0.411
Joydipto Ghosh,https://www.instagram.com/joy___things/,joy___things,175000,Macro,46.61,85530,68424.0,Male,,600000,240000.0,360000.0,,No,West Bengal,East,Entertainment,4.0,7.355870904465626,High Value,Medium Value,0.2
Shital Rindhe,https://www.instagram.com/Shittal Rindhe/,shittal rindhe,175000,Macro,3.99,60000,48000.0,Male,,150000,60000.0,67500.0,0.909090909,No,Mumbai,West,Entertainment,4.0,21.482277121374867,Medium Value,Medium Value,0.13
Rohit Godse,https://www.instagram.com/dhating_rohitt/,dhating_rohitt,174325,Macro,1.67,20919,16735.0,Male,,150000,90000.0,60000.0,,No,Guwahati,Northeast,Comedy,4.0,51.52465755424473,Low Value,Medium Value,0.13
gorgeouspotaahto,https://www.instagram.com/gorgeouspotaahto/,gorgeouspotaahto,173000,Macro,0.53,85800,68640.0,Female,,160000,90000.0,40000.0,,Yes,Delhi NCR,North,Beauty,4.0,174.50103609990185,Low Value,Low Value,0.0
hahahahardikkk,https://www.instagram.com/hahahahardikkk/,hahahahardikkk,173000,Macro,6.63,85800,68640.0,Male,10000.0,150000,90000.0,35000.0,,No,Delhi NCR,North,Fashion & Lifestyle,4.0,13.07770773938744,Medium Value,High Value,0.516
Rahul,https://www.instagram.com/random__rathore,random__rathore,173000,Macro,4.32,67000,53600.0,Male,1500.0,85000,4000.0,4000.0,,No,Mumbai,West,Entertainment,4.0,11.37336758724042,Medium Value,Medium Value,0.411
Mehul Nisar,https://www.instagram.com/mehulnisar?igsh=ZGQ2MWh2d2w0OHpy,mehulnisar,173000,Macro,1.23,24400,19520.0,Male,,25000,20000.0,10000.0,,No,Mumbai,West,Entertainment,4.0,11.748672400018798,Medium Value,Medium Value,0.411
Susmitha,https://www.instagram.com/brown_girl_susmitha/,brown_girl_susmitha,172000,Macro,2.05,84465,67572.0,Female,,12000,5000.0,2000.0,,No,Mumbai,West,Beauty,4.0,3.4032898468519575,High Value,Medium Value,0.411
Rupa,https://www.instagram.com/rupa.devaliya?igsh=OWx5MnYzaTFxZmE0,rupa.devaliya,171000,Macro,5.7,70000,56000.0,Female,,300000,120000.0,180000.0,,No,Mumbai,West,Entertainment,4.0,30.778701138811943,Medium Value,High Value,0.516
Mihir Arora,https://www.instagram.com/cyberstructor/,cyberstructor,171000,Macro,2.51,84630,67704.0,Male,,85000,34000.0,38250.0,0.185185185,No,Delhi NCR,North,Entertainment,4.0,19.803825633139958,Medium Value,Medium Value,0.411
Sriman Kotaru,https://www.instagram.com/srimankotaru/,srimankotaru,171000,Macro,4.34,254300,203440.0,Male,,25000,7000.0,2000.0,,No,Bangalore,South,Beauty,4.0,3.3686366453768835,High Value,Medium Value,0.411
Prapti Shukla,https://instagram.com/praptishukla25,praptishukla25,171000,Macro,10.03,250400,200320.0,Female,8000.0,20000,20000.0,40000.0,,No,Bangalore,South,Fashion & Lifestyle,4.0,1.166092366176325,High Value,High Value,1.0
Hannah Sim,https://www.instagram.com/hay_nah_fit,hay_nah_fit,170384,Macro,7.71,198023,158418.4,Female,50000.0,220000,88000.0,132000.0,0.252495922,No,Mumbai,West,Entertainment,4.0,16.747095353332654,Medium Value,High Value,0.516
Varun Buddhadev,https://www.instagram.com/buddhadevvarun/,buddhadevvarun,170000,Macro,2.33,97400,77920.0,Male,5000.0,50000,40000.0,30000.0,,No,Mumbai,West,Fashion & Lifestyle,4.0,12.623074981065388,Medium Value,Medium Value,0.411
nikita_choudhary1509,https://www.instagram.com/nikita_choudhary1509?igsh=Z3o1Zzd1NXJib3oy,nikita_choudhary1509,170000,Macro,0.18,35000,28000.0,Female,12000.0,30000,35000.0,9000.0,,No,Mumbai,West,Finance,4.0,98.03921568627452,Low Value,Low Value,0.0
Subiksha Shivakumar,https://www.instagram.com/subikshashivakumar/,subikshashivakumar,169562,Macro,3.98,95000,76000.0,Female,20000.0,170000,68000.0,102000.0,0.324617357,No,Mumbai,West,Entertainment,4.0,25.19053080241798,Medium Value,Medium Value,0.13
namrataaaaaa_,https://www.instagram.com/namrataaaaaa_,namrataaaaaa_,168971,Macro,15.88,95000,76000.0,Female,14000.0,52000,8000.0,7000.0,,No,Delhi NCR,North,Beauty,4.0,1.9379415366865675,High Value,High Value,0.516
Bhoomika,https://instagram.com/iambhooms?igshid=MzRlODBiNWFlZA==,iambhooms,168000,Macro,0.41,85260,68208.0,Female,,125000,50000.0,75000.0,,No,Delhi NCR,North,Entertainment,4.0,181.47502903600466,Low Value,Low Value,0.0
Pratik Talreja,https://www.instagram.com/sadak_chap/,sadak_chap,168000,Macro,1.6,20800,16640.0,Male,,120000,48000.0,72000.0,,No,Mumbai,West,Entertainment,4.0,44.642857142857146,Low Value,Medium Value,0.411
Sapna Rai,https://www.instagram.com/sapnaraich/,sapnaraich,166000,Macro,0.44,81824,65459.0,Female,,350000,140000.0,210000.0,,No,Delhi NCR,North,Entertainment,4.0,479.18948521358163,Low Value,Low Value,0.0
Reshma,https://www.instagram.com/preciousmomentss_?utm_source=ig_web_button_share_sheet&igsh=ZDNlZDc0MzIxNw==,preciousmomentss_,166000,Macro,0.56,45500,36400.0,Female,1000.0,70000,25000.0,10000.0,0.75,No,Mumbai,West,Beauty,4.0,75.3012048192771,Low Value,Low Value,0.024
Ankit Gupta,https://www.instagram.com/xx_anxntpvt_xx/,xx_anxntpvt_xx,165000,Macro,7.13,81000,64800.0,Male,180000.0,600000,400000.0,250000.0,,No,West Bengal,East,Comedy,4.0,51.00089251561902,Low Value,Low Value,0.0
Accent Bay,https://www.instagram.com/accentbaydesignstudio?igsh=YnYwY3FvNTRzaDNx,accentbaydesignstudio,165000,Macro,2.54,84300,67440.0,Male,,85000,34000.0,51000.0,,No,Mumbai,West,Entertainment,4.0,20.28155571462658,Medium Value,Medium Value,0.411
Archana Shivaji,https://www.instagram.com/shivarchana_arsh/,shivarchana_arsh,165000,Macro,1.52,196350,157080.0,Female,1800.0,35000,15000.0,7000.0,,No,Mumbai,West,Fashion & Lifestyle,4.0,13.955342902711324,Medium Value,Medium Value,0.411
Zaid Bin Zaffar,https://www.instagram.com/binzaidgaming/,binzaidgaming,165000,Macro,36.5,60000,48000.0,Male,10000.0,25000,65000.0,7500.0,,No,Mumbai,West,Finance,4.0,0.41511000415110005,High Value,High Value,1.0
Aryaki Joon,https://www.instagram.com/aryakijoon/,aryakijoon,164884,Macro,17.34,81000,64800.0,Female,,70000,28000.0,42000.0,,No,Mumbai,West,Entertainment,4.0,2.4483326952278803,High Value,High Value,0.516
Akanksha,https://www.instagram.com/akankshaupnejaa?igsh=MTNqZDc0dGIwOGZobg==,akankshaupnejaa,164000,Macro,21.0,81824,65459.0,Female,,30000,,,,No,Delhi NCR,North,Fashion & Lifestyle,4.0,0.8710801393728222,High Value,High Value,1.0
Anirudh,https://www.instagram.com/anirudhsharmaa_/,anirudhsharmaa_,163170,Macro,3.63,1121325,897060.0,Male,50000.0,800000,550000.0,250000.0,0.044590105,No,Delhi NCR,North,Entertainment,4.0,135.0650701300052,Low Value,Low Value,0.08
Anusmita Dutta,https://www.instagram.com/miss_dutta1/,miss_dutta1,163144,Macro,13.5,81000,64800.0,Female,,800000,320000.0,480000.0,,No,West Bengal,East,Beauty,4.0,36.32328449667733,Low Value,Low Value,0.0
Shubhajeet,https://www.instagram.com/calmchorofficial,calmchorofficial,163000,Macro,99.3,81000,64800.0,Male,,120000,48000.0,72000.0,,No,Mumbai,West,Beauty,4.0,,,Not scored,
Arpan Kukreja (SEBI registered),https://instagram.com/arpan.kukreja?igshid=OGQ5ZDc2ODk2ZA==,arpan.kukreja,163000,Macro,1.83,81000,64800.0,Male,20000.0,50000,2000.0,15000.0,,No,Delhi NCR,North,Finance,4.0,16.762211270910857,Medium Value,Medium Value,0.411
Anurag,https://www.instagram.com/trainwithanuragg/,trainwithanuragg,162679,Macro,2.42,52000,41080.0,Male,50000.0,50000,20000.0,30000.0,0.961538462,No,Delhi NCR,North,Beauty,4.0,12.700568004962772,Medium Value,Medium Value,0.411
Shamin,https://www.instagram.com/iamshamin/,iamshamin,162380,Macro,1.7,81000,64800.0,Female,3000.0,25000,4000.0,3000.0,,No,Mumbai,West,Beauty,4.0,9.056461604225383,High Value,Medium Value,0.411
Pranav Panpalia,https://www.instagram.com/pranavpun/,pranavpun,162000,Macro,2.38,292000,233600.0,Male,,200000,80000.0,120000.0,0.181818182,No,Delhi NCR,North,Entertainment,4.0,51.87260089220874,Low Value,Medium Value,0.13
Aanchal Tewani,https://www.instagram.com/aanchaljtewani/,aanchaljtewani,162000,Macro,3.5,250000,200000.0,Female,,87000,34800.0,52200.0,,No,Mumbai,West,Fashion & Lifestyle,4.0,15.343915343915343,Medium Value,Medium Value,0.411
divanshuvermaaa,https://www.instagram.com/divanshuvermaaa/,divanshuvermaaa,161000,Macro,2.77,81000,64800.0,Male,,140000,90000.0,35000.0,,Yes,Delhi NCR,North,Beauty,4.0,31.392246115209545,Medium Value,Medium Value,0.13
Gopal Goyal,https://www.instagram.com/gopalgoyal/,gopalgoyal,160000,Macro,32.33,772080,617664.0,Male,,40000,3500.0,15000.0,,Yes,Assam,Northeast,Beauty,4.0,0.7732755954222085,High Value,High Value,1.0
Kuhi Pathak,https://www.instagram.com/_____kuhi_____p/,_____kuhi_____p,160000,Macro,1.43,81824,65459.0,Female,500.0,15000,1000.0,500.0,,No,Assam,Northeast,Fashion & Lifestyle,4.0,6.555944055944056,High Value,Medium Value,0.411
Rani Deepa Gupta,https://www.instagram.com/_.ranideepa._/,_.ranideepa._,159000,Macro,3.03,81824,65459.0,Female,11200.0,55000,25000.0,12000.0,,No,West Bengal,East,Fashion & Lifestyle,4.0,11.416235963218964,Medium Value,Medium Value,0.411
prabh_virk_official,https://www.instagram.com/prabh_virk_official/,prabh_virk_official,159000,Macro,0.42,81824,65459.0,Male,10000.0,35000,8000.0,6000.0,,No,Mumbai,West,Food,4.0,52.41090146750525,Low Value,Low Value,0.0
palaksoni_2301,https://www.instagram.com/palaksoni_2301,palaksoni_2301,158985,Macro,86.56,81824,65459.0,Male,10000.0,25000,,7500.0,,No,West Bengal,East,Business & Marketing,4.0,,,Not scored,
Yashica Malhotra,https://www.instagram.com/yaasssxsass/,yaasssxsass,158000,Macro,9.93,38300,34736.0,Female,50000.0,85000,34000.0,51000.0,1.151543068,No,J & K,North,Entertainment,4.0,5.417670529147068,High Value,High Value,0.516
Tanvi Sharma,https://www.instagram.com/tanvi_sharma_106/,tanvi_sharma_106,158000,Macro,12.0,81000,64800.0,Female,,25000,,,,No,J & K,North,Fashion & Lifestyle,4.0,1.3185654008438819,High Value,High Value,1.0
Ansh Dhote,https://www.instagram.com/anshhdhote/,anshhdhote,157896,Macro,32.18,22920,18336.0,Male,500.0,100000,60000.0,40000.0,,No,Mumbai,West,Comedy,4.0,1.9680803813151015,High Value,High Value,0.516
Karan Kapoor,https://www.instagram.com/mekarankapoor,mekarankapoor,157783,Macro,2.91,352852,282281.6,Male,50000.0,150000,60000.0,90000.0,0.14170247,No,Kanpur,North,Entertainment,4.0,32.66916699047256,Medium Value,Medium Value,0.13
Priya (PriPri) Banerjee,https://www.instagram.com/pripribanerjee/,pripribanerjee,157369,Macro,8.61,81824,65459.0,Female,20000.0,125000,50000.0,75000.0,0.01149989,No,Mumbai,West,Entertainment,4.0,9.22545248611885,High Value,High Value,0.516
Sahil Gupta,https://www.instagram.com/sahil_the9to5/,sahil_the9to5,157000,Macro,2.96,84465,67572.0,Male,,200000,80000.0,120000.0,0.181818182,No,Delhi NCR,North,Fashion & Lifestyle,4.0,43.036667240488896,Low Value,Low Value,0.0
Muskaan,https://www.instagram.com/muuskkann?igsh=MTk4NjU2Y2Z3aGNobw%3D%3D,muuskkann,156000,Macro,1.54,286250,229000.0,Female,1500.0,35000,25000.0,30000.0,,No,Mumbai,West,Beauty,4.0,14.568764568764568,Medium Value,Medium Value,0.411
Gungun,https://www.instagram.com/shin_chann__/,shin_chann__,156000,Macro,4.64,83062,66450.0,Female,1000.0,25000,3000.0,1000.0,,No,Assam,Northeast,Beauty,4.0,3.453801945181256,High Value,Medium Value,0.411
Natural fitness,https://www.instagram.com/for_you_s9?igsh=bTliMzdtbjY0YTU0,for_you_s9,156000,Macro,2.89,184000,147200.0,Male,5000.0,15000,15000.0,5000.0,,No,Bihar,East,Fashion & Lifestyle,4.0,3.327122704285334,High Value,Medium Value,0.411
Shwetambari Shetty,https://www.instagram.com/shweshetty/,shweshetty,155984,Macro,1.83,83062,66450.0,Female,20000.0,160000,,,,No,Bangalore,South,Comedy,4.0,56.051706578284325,Low Value,Low Value,0.0
Chandana Vajja,https://www.instagram.com/Preety much my passion/,preety much my passion,155000,Macro,2.0,18100,14480.0,Female,,400000,240000.0,160000.0,,No,Mumbai,West,Comedy,4.0,129.03225806451613,Low Value,Low Value,0.0
namankapooooor,https://www.instagram.com/namankapooooor/,namankapooooor,155000,Macro,4.98,81000,64800.0,Male,1500.0,100000,70000.0,30000.0,,No,Delhi NCR,North,Comedy,4.0,12.955045990413264,Medium Value,Medium Value,0.411
Simran Pattnaik,https://www.instagram.com/_simranpattnaikofficial_/,_simranpattnaikofficial_,155000,Macro,5.69,81000,64800.0,Female,1500.0,75000,2500.0,1000.0,,No,Odisha,East,Fashion & Lifestyle,4.0,8.503883440104312,High Value,High Value,0.516
Nimarta Bindra,https://www.instagram.com/the_momster?igsh=MWRsa25ndTNhdXl2aw%3D%3D,the_momster,155000,Macro,1.88,74100,59280.0,Female,,25000,7500.0,6000.0,,No,Mumbai,West,Fashion & Lifestyle,4.0,8.579272477693891,High Value,Medium Value,0.411
Buvana Balaji,https://www.instagram.com/buvana_balaji/,buvana_balaji,155000,Macro,3.2,71529,57223.0,Female,,16000,,,,No,Chennai,South,Fashion & Lifestyle,4.0,3.225806451612903,High Value,Medium Value,0.411
The Great Indian Blogger,https://www.instagram.com/thegreatindianblogger_?utm_source=ig_web_button_share_sheet&igsh=ZDNlZDc0MzIxNw==,thegreatindianblogger_,155000,Macro,1.95,134700,107760.0,Male,200.0,5000,2000.0,0.0,,No,Mumbai,West,Fashion & Lifestyle,4.0,1.6542597187758479,High Value,High Value,0.872
ayeshadhule_,https://www.instagram.com/ayeshadhule_,ayeshadhule_,154456,Macro,71.45,110000,88000.0,Female,,120000,48000.0,72000.0,,No,Mumbai,West,Beauty,4.0,,,Not scored,
Sakshi,https://www.instagram.com/_sakshhiiii/,_sakshhiiii,154000,Macro,6.95,50000,39500.0,Female,50000.0,220000,,60000.0,1.0,No,Chandigarh,North,Finance,4.0,20.554984583761563,Medium Value,High Value,0.516
Ankita Mestry,https://www.instagram.com/glow_girl__//,glow_girl__,154000,Macro,3.88,103120,82496.0,Female,200.0,40000,20000.0,0.0,,Yes,Mumbai,West,Fashion & Lifestyle,4.0,6.6943365912438075,High Value,Medium Value,0.411
Dr.Tarandeep,https://www.instagram.com/dr.tarandeepofficial/reels/,dr.tarandeepofficial,153000,Macro,3.82,96462,77170.0,Female,50000.0,200000,75000.0,50000.0,0.518338828,No,Delhi NCR,North,Beauty,4.0,34.21962153098587,Low Value,Low Value,0.0
Gauri Bhasin,https://www.instagram.com/gauribhasin_/,gauribhasin_,153000,Macro,2.52,80300,64240.0,Female,60000.0,200000,,70000.0,0.666666667,No,Mumbai,West,Finance,4.0,51.87260089220874,Low Value,Low Value,0.0
Chandana Vajja,https://www.instagram.com/prettymuchmypassions?utm_source=ig_web_button_share_sheet&igsh=ZDNlZDc0MzIxNw==,prettymuchmypassions,151000,Macro,2.0,18100,14480.0,Female,20000.0,300000,180000.0,120000.0,0.444444444,No,Goa,West,Comedy,4.0,99.33774834437087,Low Value,Low Value,0.0
Natasha Desai,https://www.instagram.com/beautyandthelook7?igsh=dHdxM3ZiZXh1N2Rj,beautyandthelook7,151000,Macro,1.4,40000,32000.0,Female,10000.0,35000,20000.0,0.0,,No,Mumbai,West,Beauty,4.0,16.556291390728475,Medium Value,Medium Value,0.411
Dolly Singh,https://www.instagram.com/dollysingh,dollysingh,150000,Macro,2.76,319200,255360.0,Female,150000.0,650000,400000.0,50000.0,,No,Mumbai,West,Fashion & Lifestyle,4.0,157.00483091787444,Low Value,Low Value,0.0
Rahul & Ishita,https://www.instagram.com/thestreetstalkers/,thestreetstalkers,150000,Macro,2.35,81824,65459.0,Male,,350000,210000.0,140000.0,,No,Delhi NCR,North,Comedy,4.0,99.29078014184397,Low Value,Low Value,0.0
Manasi Satish Vajantri,https://www.instagram.com/rani_vajantri?igsh=ajNhenVwajB6bWkx,rani_vajantri,150000,Macro,1.61,81824,65459.0,Female,,150000,60000.0,90000.0,,No,Mumbai,West,Fashion & Lifestyle,4.0,62.11180124223601,Low Value,Low Value,0.0
CA Mahima Vachhrajani | Money & Finance,https://www.instagram.com/ca.mahima.vachhrajani,ca.mahima.vachhrajani,150000,Macro,2.71,20000,16000.0,Female,20000.0,55000,2000.0,20000.0,,No,Mumbai,West,Finance,4.0,13.530135301353013,Medium Value,Medium Value,0.411
Sangrilla,https://instagram.com/sangrilla_hijam/,sangrilla_hijam,150000,Macro,1.2,81824,65459.0,Female,60000.0,30000,,40000.0,,No,Manipur,Northeast,Fashion & Lifestyle,4.0,16.666666666666668,Medium Value,Medium Value,0.411
Soumita,https://www.instagram.com/ ?igsh=MTB6Njk4OHFtanNvZA==, ,150000,Macro,0.41,901,721.0,Female,5000.0,15000,1000.0,20000.0,,No,Mumbai,West,Beauty,4.0,24.39024390243903,Medium Value,Low Value,0.03
vritti,https://www.instagram.com/vrittikhawani?igsh=ZTdiZjV1N2d6YnR6,vrittikhawani,149000,Macro,2.02,47600,38080.0,Female,30000.0,90000,45000.0,30000.0,,No,Mumbai,West,Fashion & Lifestyle,4.0,29.9023190909695,Medium Value,Medium Value,0.411
Adi arora (Faad guy),https://www.instagram.com/adi__arora/,adi__arora,149000,Macro,2.0,81824,65459.0,Male,22000.0,55000,80000.0,16500.0,,No,Delhi NCR,North,Business & Marketing,4.0,18.456375838926174,Medium Value,Medium Value,0.411
Mansi,https://www.instagram.com/mansichavan.jpg/,mansichavan.jpg,149000,Macro,1.03,81824,65459.0,Female,,50000,20000.0,50000.0,,No,Mumbai,West,Beauty,4.0,32.579657262005604,Medium Value,Low Value,0.024
Manav sharma,https://www.instagram.com/heymanav07/,heymanav07,148020,Macro,2.04,50000,14000.0,Male,20000.0,120000,48000.0,72000.0,0.4,No,Mumbai,West,Fashion & Lifestyle,4.0,39.740257675830776,Low Value,Medium Value,0.411
Utkarsh Singh,https://www.instagram.com/techbonkers,techbonkers,148000,Macro,1.46,30000,24000.0,Male,15000.0,40000,3000.0,35000.0,,No,Mumbai,West,Technology,4.0,18.511662347278783,Medium Value,Medium Value,0.411
Neha Samuel,https://www.instagram.com/itsnehasamuel,itsnehasamuel,147890,Macro,2.71,544657,435726.0,Female,50000.0,100000,40000.0,60000.0,0.0,No,Bangalore,South,Beauty,4.0,24.95122658982354,Medium Value,Medium Value,0.411
tanishpall,https://www.instagram.com/tanishpall/,tanishpall,147000,Macro,3.4,77350,61880.0,Male,1000.0,200000,120000.0,50000.0,,No,Delhi NCR,North,Travel,4.0,40.016006402561025,Low Value,Low Value,0.0
manshu chaurasia,https://www.instagram.com/yashukigaming/,yashukigaming,147000,Macro,2.0,25000,20000.0,Male,2000.0,8000,,,,No,Delhi NCR,North,Fashion & Lifestyle,4.0,2.7210884353741496,High Value,Medium Value,0.411
tejasvirajput2008,https://www.instagram.com/tejasvirajput2008,tejasvirajput2008,146854,Macro,4.47,76700,61360.0,Male,600.0,5000,,,,No,West Bengal,East,Fashion & Lifestyle,4.0,0.76168727624865,High Value,High Value,0.872
Bhanu Pathak,https://www.instagram.com/batlaiye,batlaiye,146000,Macro,9.33,52000,41600.0,Male,350000.0,250000,,,,Yes,Delhi NCR,North,Entertainment,4.0,18.352934267130628,Medium Value,High Value,0.516
Kritleen,https://www.instagram.com/sidhu_vlogs?igsh=bjVkMzc4eTU2NG5o,sidhu_vlogs,146000,Macro,3.57,72814,58251.0,Female,20000.0,200000,80000.0,120000.0,0.909545682,No,Chandigarh,North,Beauty,4.0,38.371512988757146,Low Value,Low Value,0.0
Ishna Batra,https://www.instagram.com/mammaslifestyle/,mammaslifestyle,146000,Macro,0.23,26400,21120.0,Female,,80000,60000.0,15000.0,,No,Mumbai,West,Fashion & Lifestyle,4.0,238.23704586063133,Low Value,Low Value,0.0
Anuj,https://www.instagram.com/21600/,21600,146000,Macro,2.32,52000,41600.0,Male,,50000,5000.0,5000.0,,No,Chandigarh,North,Beauty,4.0,14.76145488899386,Medium Value,Medium Value,0.411
Sachin Deshwal,https://www.instagram.com/18000/,18000,145358,Macro,11.37,52000,41600.0,Male,12000.0,15000,20000.0,10000.0,,No,Delhi NCR,North,Travel,4.0,0.90759450028228,High Value,High Value,1.0
Aparna,https://www.instagram.com/Apaarna/,apaarna,145000,Macro,16.56,615100,492080.0,Female,150000.0,550000,275000.0,100000.0,,No,West Bengal,East,Comedy,4.0,22.905214059636847,Medium Value,Low Value,0.0
Rhea Gadoo,https://www.instagram.com/rhegadoo/,rhegadoo,145000,Macro,1.8,67500,54000.0,Female,,110000,,,,No,Delhi NCR,North,Beauty,4.0,42.1455938697318,Low Value,Medium Value,0.411
Araba Laitonjam,https://www.instagram.com/araba_laitonjam/,araba_laitonjam,145000,Macro,2.26,67500,54000.0,Male,5000.0,40000,10000.0,10000.0,,No,Manipur,Northeast,Fashion & Lifestyle,4.0,12.20628623741227,Medium Value,Medium Value,0.411
"HEMACHANDIRAN
 pondy updates",https://www.instagram.com/pondy.updates/,pondy.updates,145000,Macro,0.81,67500,54000.0,Male,5000.0,18000,2000.0,5000.0,,No,Delhi NCR,North,Food,4.0,15.325670498084289,Medium Value,Medium Value,0.06
gayatrisisodiya027,https://www.instagram.com/gayatrisisodiya027,gayatrisisodiya027,144354,Macro,29.08,70000,56000.0,Female,,19000,,5000.0,,No,Manipur,Northeast,Beauty,4.0,0.4526164940044324,High Value,High Value,1.0
Tanya Bedi,https://www.instagram.com/_tanyabedi_/,_tanyabedi_,144000,Macro,4.28,70000,56000.0,Female,,700000,420000.0,280000.0,0.454545455,No,Delhi NCR,North,Comedy,4.0,113.57736240913812,Low Value,Low Value,0.0
Diksha Vohra,https://www.instagram.com/dikshavohra/,dikshavohra,144000,Macro,6.19,19099,15279.0,Female,,300000,180000.0,120000.0,0.181818182,No,Delhi NCR,North,Comedy,4.0,33.656435110393105,Medium Value,High Value,0.516
Vatsal Shethia,https://www.instagram.com/vatsal_shethia?igsh=bXlhM2V3OGVob25l,vatsal_shethia,144000,Macro,18.87,823300,658640.0,Male,,180000,60000.0,50000.0,,No,Bangalore,South,Music,4.0,6.624271330153683,High Value,High Value,0.516
Vishal Bora,https://www.instagram.com/oye_bora/,oye_bora,144000,Macro,2.51,26640,21312.0,Male,,175000,105000.0,70000.0,,No,Delhi NCR,North,Comedy,4.0,48.4174413457282,Low Value,Low Value,0.0
Ritu Singh,https://www.instagram.com/babelicious_indiana?igsh=dHE2dHNjeWNlOTI3,babelicious_indiana,144000,Macro,2.13,102400,81920.0,Female,2000.0,65000,45000.0,3500.0,,No,Mumbai,West,Beauty,4.0,21.191966614501826,Medium Value,Medium Value,0.411
Rishabh Surana,https://www.instagram.com/42000/,42000,144000,Macro,2.46,52000,41600.0,Male,,20000,,,,No,Bangalore,South,Fashion & Lifestyle,4.0,5.645889792231255,High Value,Medium Value,0.411
Aadhya,https://www.instagram.com/hello_aadhya?igsh=MXh1aGVtamNvd3hibA==,hello_aadhya,143000,Macro,9.25,71264,57011.0,Female,35000.0,215000,,,,No,Delhi NCR,North,Comedy,4.0,16.254016254016253,Medium Value,High Value,0.516
Neha Jalan,https://www.instagram.com/thepinkumbrella_diaries?utm_source=ig_web_button_share_sheet&igsh=ZDNlZDc0MzIxNw==,thepinkumbrella_diaries,143000,Macro,2.17,53600,42880.0,Female,3000.0,60000,40000.0,8000.0,,No,Mumbai,West,Beauty,4.0,19.33550320647095,Medium Value,Medium Value,0.411
TR Jelly,https://www.instagram.com/ig_justjelly/,ig_justjelly,143000,Macro,12.92,71000,56800.0,Female,,21000,2000.0,7000.0,,No,West Bengal,East,Fashion & Lifestyle,4.0,1.1366342635692481,High Value,High Value,1.0
Soumya Malani,https://www.instagram.com/50400/,50400,143000,Macro,1.46,52000,41600.0,Male,,10000,80000.0,120000.0,,No,Delhi NCR,North,Beauty,4.0,4.789730817128077,High Value,Medium Value,0.411
Harjinder Singh Kukreja,https://www.instagram.com/57600/,57600,142606,Macro,11.1,52000,41600.0,Male,,100000,45000.0,20000.0,,No,Mumbai,West,Entertainment,4.0,6.317412317159874,High Value,High Value,0.516
Prasad Anjali Ashok More,https://www.instagram.com/kaccha.limboo,kaccha.limboo,142000,Macro,20.84,92200,73760.0,Male,,50000,3000.0,2000.0,,No,Mumbai,West,Entertainment,4.0,1.6896001730150578,High Value,High Value,1.0
Shrima Rai,https://www.instagram.com/shrimarai/,shrimarai,141000,Macro,0.61,62100,49680.0,Female,,100000,60000.0,20000.0,,No,Mumbai,West,Beauty,4.0,116.2655505173817,Low Value,Low Value,0.024
Anshu Mor,https://www.instagram.com/anshu_mor/?hl=en,anshu_mor,141000,Macro,2.11,52000,41600.0,Female,60000.0,80000,75000.0,10000.0,,No,Delhi NCR,North,Food,4.0,26.889852441934725,Medium Value,Medium Value,0.411
Govind Menon,https://www.instagram.com/agovindmenon,agovindmenon,141000,Macro,0.85,52000,41600.0,Male,40000.0,80000,50000.0,50000.0,,No,Delhi NCR,North,Fashion & Lifestyle,4.0,66.75010429703796,Low Value,Low Value,0.024
Manoj Prabakar,https://www.instagram.com/pmanojprabakar,pmanojprabakar,141000,Macro,2.5,52000,41600.0,Male,50000.0,75000,100000.0,30000.0,,No,Mumbai,West,Beauty,4.0,21.27659574468085,Medium Value,Medium Value,0.411
Kajal and Kshitij,https://www.instagram.com/kajal_and_kshitij/,kajal_and_kshitij,141000,Macro,2.5,34000,27200.0,Male,20000.0,60000,,,,No,Mumbai,West,Fashion & Lifestyle,4.0,17.02127659574468,Medium Value,Medium Value,0.411
Shreyas,https://www.instagram.com/gainsbyzooz,gainsbyzooz,140000,Macro,4.74,720055,576044.0,Male,50000.0,130000,,39000.0,0.06943914,No,Trivandrum,South,Finance,4.0,19.59011452682339,Medium Value,Medium Value,0.411
gulsheen.anand,https://www.instagram.com/gulsheen.anand/,gulsheen.anand,140000,Macro,4.1,65000,52000.0,Female,,125000,85000.0,30000.0,,Yes,Mumbai,West,Entertainment,4.0,21.777003484320556,Medium Value,Medium Value,0.411
Aalekh Kapoor,https://www.instagram.com/aalekhkapoor/,aalekhkapoor,140000,Macro,4.74,52000,41600.0,Male,50000.0,100000,90000.0,40000.0,0.06943914,No,Trivandrum,South,Fashion & Lifestyle,4.0,15.06931886678722,Medium Value,Medium Value,0.411
Antara Asthana,https://www.instagram.com/nanakiasthana07?igsh=MWJ4bGw4aGRiMTU0eg%3D%3D&utm_source=qr,nanakiasthana07,140000,Macro,1.33,42100,33680.0,Female,,50000,10000.0,5000.0,,No,Delhi NCR,North,Fashion & Lifestyle,4.0,26.852846401718583,Medium Value,Medium Value,0.411
Shreya Tamang,https://www.instagram.com/shreyy15/,shreyy15,140000,Macro,2.3,50000,42500.0,Female,,15000,3000.0,2000.0,0.6,No,Delhi NCR,North,Fashion & Lifestyle,4.0,4.658385093167702,High Value,Medium Value,0.411
whatifitcomestruee,https://www.instagram.com/whatifitcomestruee,whatifitcomestruee,139186,Macro,20.32,67500,54000.0,Female,,60000,35000.0,15000.0,,Yes,Mumbai,West,Beauty,4.0,2.1214460545685707,High Value,High Value,0.516
Aditi Mittal,https://www.instagram.com/addymitzy/,addymitzy,139000,Macro,6.04,52000,41600.0,Female,75000.0,100000,125000.0,50000.0,,No,Mumbai,West,Comedy,4.0,11.911001000524083,Medium Value,High Value,0.516
Dr. Akshaya Reddy,https://www.instagram.com/dr.akshayareddykasturi/reels/,dr.akshayareddykasturi,139000,Macro,0.09,63050,50440.0,Female,,70000,10000.0,5000.0,,No,Hyderabad,South,Beauty,4.0,559.5523581135092,Low Value,Low Value,0.0
shatakshitomar,https://instagram.com/shatakshitomar,shatakshitomar,138267,Macro,9.12,13319,10655.0,Male,,80000,48000.0,32000.0,,No,Delhi NCR,North,Comedy,4.0,6.344196246798878,High Value,High Value,0.516
Desi Crime Podcast,https://www.instagram.com/desicrime,desicrime,138224,Macro,8.68,52000,41600.0,Female,40000.0,100000,85000.0,45000.0,,No,Dehradun,North,Entertainment,4.0,8.334831380360097,High Value,High Value,0.516
Sail Shelar,https://www.instagram.com/sail_shelar?igsh=NjlpYzVzN3hveXlm,sail_shelar,138100,Macro,8.53,191000,152800.0,Male,,35000,5000.0,5000.0,,No,Bangalore,South,Entertainment,4.0,2.971155176643664,High Value,High Value,1.0
Nehal,https://www.instagram.com/notwithoutoregano?igsh=MWlubTZyNzVubnlwYg==,notwithoutoregano,138000,Macro,1.01,109500,87600.0,Female,7000.0,20000,12000.0,5000.0,,No,Delhi NCR,North,Fashion & Lifestyle,4.0,14.349261013057829,Medium Value,Medium Value,0.06
jyotsana3579,https://www.instagram.com/jyotsana3579,jyotsana3579,137212,Macro,1.62,66860,53488.0,Male,40000.0,70000,,80000.0,,No,Pune,West,Fashion & Lifestyle,4.0,31.491324769852397,Medium Value,Medium Value,0.411
Arpita gupta,https://www.instagram.com/arpitaguptaa/,arpitaguptaa,137000,Macro,2.02,66860,53488.0,Female,56000.0,140000,,42000.0,,No,Delhi NCR,North,Technology,4.0,50.589000505890006,Low Value,Low Value,0.0
Akash Mahale,https://www.instagram.com/akasheyess,akasheyess,137000,Macro,3.54,174000,139200.0,Male,,115000,70000.0,155000.0,,No,Mumbai,West,Fashion & Lifestyle,4.0,23.71231803373335,Medium Value,Medium Value,0.411
Harpriya Bains,https://www.instagram.com/harpriyabains,harpriyabains,137000,Macro,8.69,52000,41600.0,Female,50000.0,100000,100000.0,25000.0,,No,Bangalore,South,Beauty,4.0,8.39962033716076,High Value,High Value,0.516
Janice Sequeira,https://www.instagram.com/janiceseq85,janiceseq85,137000,Macro,0.53,52000,41600.0,Female,50000.0,100000,125000.0,50000.0,,No,Delhi NCR,North,Entertainment,4.0,137.72207684891887,Low Value,Low Value,0.024
Tejaswi Madivada,https://www.instagram.com/tejaswimadivada,tejaswimadivada,137000,Macro,7.32,52000,41600.0,Female,50000.0,100000,120000.0,20000.0,,No,Mumbai,West,Entertainment,4.0,9.971680427585657,High Value,High Value,0.516
Meera (Pinoshi),https://www.instagram.com/pinoshi_?igsh=MzFzbG43bDgyaWE4,pinoshi_,137000,Macro,0.48,132700,106160.0,Female,,40000,30000.0,50000.0,,No,Mumbai,West,Beauty,4.0,60.82725060827251,Low Value,Low Value,0.0
TechMumbaikar,https://www.instagram.com/techmumbaikar/,techmumbaikar,137000,Macro,0.36,66860,53488.0,Female,,35000,12000.0,5000.0,,Yes,Delhi NCR,North,Beauty,4.0,70.96512570965126,Low Value,Low Value,0.0
ree_lifestyle_,https://www.instagram.com/ree_lifestyle_,ree_lifestyle_,136722,Macro,1.56,66860,53488.0,Female,15000.0,18000,,,,No,Pune,West,Fashion & Lifestyle,4.0,8.439359823921196,High Value,Medium Value,0.411
Aavi Vadekar,https://www.instagram.com/wakeup_aavi?igsh=bDJ5d2l4c3NuaGRr,wakeup_aavi,136000,Macro,1.87,128900,103120.0,Male,12000.0,20000,5000.0,5000.0,,No,Andhra Pradesh,South,Fashion & Lifestyle,4.0,7.864108210128972,High Value,Medium Value,0.411
Pranali Khedekar,https://www.instagram.com/pranali_khedekar?igshid=YmMyMTA2M2Y%3D,pranali_khedekar,136000,Macro,1.75,91600,73280.0,Female,20000.0,12000,6000.0,3000.0,,No,Mysore,South,Beauty,4.0,5.042016806722689,High Value,Medium Value,0.411
Zuola,https://www.instagram.com/_zuola_,_zuola_,135393,Macro,14.34,52000,41600.0,Female,40000.0,120000,80000.0,40000.0,,No,Mumbai,West,Beauty,4.0,6.180674655868534,High Value,High Value,0.516
Janhvi Singh,https://www.instagram.com/janhvsingh/?hl=en,janhvsingh,135000,Macro,1.36,52000,41600.0,Male,50000.0,150000,100000.0,30000.0,,No,Delhi NCR,North,Fashion & Lifestyle,4.0,81.69934640522875,Low Value,Low Value,0.0
Jatin J,https://www.instagram.com/thestyledoodler/,thestyledoodler,135000,Macro,0.43,26600,21280.0,Male,,75000,60000.0,75000.0,,No,Mumbai,West,Fashion & Lifestyle,4.0,129.19896640826875,Low Value,Low Value,0.0
Rhea Gurnani,https://www.instagram.com/rheagurnanii/,rheagurnanii,135000,Macro,5.63,52000,41600.0,Female,25000.0,75000,60000.0,75000.0,,No,Mumbai,West,Fashion & Lifestyle,4.0,9.867771857114663,High Value,High Value,0.516
Rakesh Kiran,https://www.instagram.com/rakesh.pulapa/,rakesh.pulapa,134000,Macro,1.11,21900,17520.0,Male,,500000,200000.0,300000.0,,No,Hyderabad,South,Beauty,4.0,336.157052574963,Low Value,Low Value,0.0
Anmol Raina,https://www.instagram.com/anmolraina13,anmolraina13,134000,Macro,1.11,52000,41600.0,Male,75000.0,175000,120000.0,10000.0,,No,Hyderabad,South,Finance,4.0,117.65496840123706,Low Value,Low Value,0.0
Manish Kharage,https://www.instagram.com/manishkharage,manishkharage,134000,Macro,3.67,52000,41600.0,Male,50000.0,175000,60000.0,50000.0,,No,Mumbai,West,Fashion & Lifestyle,4.0,35.58501769083737,Low Value,Low Value,0.0
Veer,https://www.instagram.com/iamveerrrrrrrr/,iamveerrrrrrrr,134000,Macro,18.0,30700,24560.0,Male,,43000,8000.0,10000.0,,No,Nagaland,Northeast,Fashion & Lifestyle,4.0,1.7827529021558872,High Value,High Value,1.0
thenancydrewcrossword_,https://www.instagram.com/thenancydrewcrossword_/,thenancydrewcrossword_,134000,Macro,18.0,52000,41600.0,Male,,43000,8000.0,10000.0,,No,Delhi NCR,North,Fashion & Lifestyle,4.0,1.7827529021558872,High Value,High Value,1.0
Aarchi Gandhi,https://www.instagram.com/aarchigandhi/,aarchigandhi,134000,Macro,1.69,28700,22960.0,Male,15000.0,29900,5000.0,3500.0,,No,Pune,West,Beauty,4.0,13.20321469575201,Medium Value,Medium Value,0.411
yessica_mathur,https://www.instagram.com/yessica_mathur/,yessica_mathur,134000,Macro,1.69,52000,41600.0,Male,,29900,5000.0,3500.0,,No,Delhi NCR,North,Beauty,4.0,13.20321469575201,Medium Value,Medium Value,0.411
Khyati,https://www.instagram.com/skins_with_kay/,skins_with_kay,133000,Macro,5.2,76700,61360.0,Female,,70000,30000.0,10000.0,0.181818182,Yes,Delhi NCR,North,Entertainment,4.0,10.121457489878543,High Value,Medium Value,0.411
Maths with Mansi,https://www.instagram.com/themansichopra?igsh=aGlpanczYmNjeDhq,themansichopra,133000,Macro,2.17,76700,61360.0,Female,22000.0,55000,,16500.0,,No,Delhi NCR,North,Education,4.0,19.05685873670351,Medium Value,Medium Value,0.411
Pallavi,https://www.instagram.com/eat.around.the.city?igsh=MWlxZWl6OWdnNDRkdQ==,eat.around.the.city,133000,Macro,0.67,42500,34000.0,Female,4000.0,45000,15000.0,7000.0,,No,Kochi,South,Food,4.0,50.49938278532151,Low Value,Low Value,0.024
Tanishka Malvankar,https://www.instagram.com/tanishkamalvankar/,tanishkamalvankar,133000,Macro,0.67,52000,41600.0,Female,4000.0,45000,15000.0,7000.0,,No,Mumbai,West,Food,4.0,50.49938278532151,Low Value,Low Value,0.024
Harsh Nagar,https://www.instagram.com/i_harsh_nagar?igsh=MWNkNWU5cXljY2V3ZA==,i_harsh_nagar,133000,Macro,0.6,13400,10720.0,Male,,20000,15000.0,30000.0,,No,Delhi NCR,North,Entertainment,4.0,25.06265664160401,Medium Value,Medium Value,0.06
Anushaya Singh_,https://www.instagram.com/anushayaaa_/,anushayaaa_,133000,Macro,0.6,52000,41600.0,Male,,20000,15000.0,30000.0,,No,Mumbai,West,Entertainment,4.0,25.06265664160401,Medium Value,Medium Value,0.06
Priya,https://www.instagram.com/priyaxagg,priyaxagg,132859,Macro,2.64,49000,41650.0,Female,,250000,150000.0,100000.0,0.612244898,No,Delhi NCR,North,Comedy,4.0,71.27629268395042,Low Value,Low Value,0.0
Moses Koul,https://www.instagram.com/moseskoul,moseskoul,132859,Macro,2.64,52000,41600.0,Female,75000.0,200000,150000.0,75000.0,0.612244898,No,Delhi NCR,North,Comedy,4.0,57.021034147160336,Low Value,Low Value,0.0
Samir Rishu Mohanty (Rapper Big Deal),https://www.instagram.com/rapperbigdeal,rapperbigdeal,132287,Macro,5.01,52000,41600.0,Female,75000.0,200000,100000.0,50000.0,1.00506553,No,Pune,West,Music,4.0,30.176933244112213,Medium Value,Low Value,0.0
Amit Tandon,https://instagram.com/amitandon17,amitandon17,132000,Macro,0.16,52000,41600.0,Male,100000.0,250000,225000.0,50000.0,,No,Mumbai,West,Comedy,4.0,1183.7121212121212,Low Value,Low Value,0.0
Dhruv Sehgal,https://www.instagram.com/sehgaldhruv90,sehgaldhruv90,132000,Macro,2.65,52000,41600.0,Male,50000.0,250000,250000.0,50000.0,,No,Mumbai,West,Entertainment,4.0,71.4694110920526,Low Value,Low Value,0.0
Vivek Keshari,https://www.instagram.com/vivekkeshari1/,vivekkeshari1,132000,Macro,1.22,52000,41600.0,Male,75000.0,200000,150000.0,40000.0,,No,Delhi NCR,North,Beauty,4.0,124.1927471435668,Low Value,Low Value,0.0
Rishika,https://www.instagram.com/rishikaaaaa_d?igsh=MWdvOWxpMnMzNHBteg==,rishikaaaaa_d,132000,Macro,2.98,119700,95760.0,Female,,15000,10000.0,25000.0,,No,Mumbai,West,Fashion & Lifestyle,4.0,3.8133007931665652,High Value,Medium Value,0.411
Karina Rai,https://www.instagram.com/_.heyworld/,_.heyworld,132000,Macro,1.12,73000,58400.0,Female,,10000,60000.0,40000.0,,No,West Bengal,East,Fashion & Lifestyle,4.0,6.7640692640692635,High Value,Medium Value,0.411
Naman Arora,https://www.instagram.com/namanarorax/profilecard/?igsh=anBzMWs2ZmNrbGpu,namanarorax,131000,Macro,5.2,52000,41600.0,Male,50000.0,250000,100000.0,50000.0,,No,Jaipur,West,Beauty,4.0,36.69994128009395,Low Value,Low Value,0.0
Simran Poddar,https://www.instagram.com/bellisimo__simran/,bellisimo__simran,131000,Macro,0.46,38000,30400.0,Female,,60000,25000.0,10000.0,,No,Mumbai,West,Beauty,4.0,99.56853634251576,Low Value,Low Value,0.0
whoishussain04,https://www.instagram.com/whoishussain04,whoishussain04,131000,Macro,6.84,180000,144000.0,Male,6000.0,24000,12000.0,5000.0,,No,Udaipur,West,Fashion & Lifestyle,4.0,2.6784518548279097,High Value,High Value,1.0
Bhaswati,https://www.instagram.com/bhaswatii24_/,bhaswatii24_,131000,Macro,3.2,70500,56400.0,Female,50000.0,20000,,,0.294117647,No,Assam,Northeast,Fashion & Lifestyle,4.0,4.770992366412214,High Value,Medium Value,0.411
Stephanie Timmins,https://www.instagram.com/feistyfoxdiaries,feistyfoxdiaries,130890,Macro,4.56,52000,41600.0,Male,65000.0,275000,125000.0,70000.0,,No,West Bengal,East,Fashion & Lifestyle,4.0,46.074579833340714,Low Value,Low Value,0.0
Masoom Minawala Mehta,https://www.instagram.com/masoomminawala/,masoomminawala,130000,Macro,2.42,276500,221200.0,Female,,500000,200000.0,300000.0,,No,Mumbai,West,Fashion & Lifestyle,4.0,158.93197711379528,Low Value,Low Value,0.0
Yashi Tank,https://www.instagram.com/yashitank05/,yashitank05,130000,Macro,3.52,1100000,880000.0,Female,,400000,160000.0,240000.0,,No,Delhi NCR,North,Fashion & Lifestyle,4.0,87.41258741258741,Low Value,Low Value,0.0
Muskaan,https://www.instagram.com/muskaandchandra/,muskaandchandra,130000,Macro,3.52,52000,41600.0,Female,,400000,160000.0,240000.0,,No,Mumbai,West,Fashion & Lifestyle,4.0,87.41258741258741,Low Value,Low Value,0.0
Anshuka Yoga,https://www.instagram.com/anshukayoga,anshukayoga,130000,Macro,1.23,52000,41600.0,Female,65000.0,300000,285000.0,75000.0,,No,Mumbai,West,Fitness,4.0,187.6172607879925,Low Value,Low Value,0.0
Mansi Ugale,https://www.instagram.com/mansiugale/?hl=en,mansiugale,130000,Macro,0.59,52000,41600.0,Female,100000.0,300000,200000.0,200000.0,0.416562526,No,Punjab,North,Beauty,4.0,391.1342894393742,Low Value,Low Value,0.0
Prableen Kaur Bomrah,https://www.instagram.com/prableenkaurbhomrah,prableenkaurbhomrah,130000,Macro,1.35,52000,41600.0,Female,65000.0,280000,100000.0,65000.0,,No,Delhi NCR,North,Fashion & Lifestyle,4.0,159.54415954415956,Low Value,Low Value,0.0
Mehak Kalra,https://www.instagram.com/oyeemahakk_/,oyeemahakk_,130000,Macro,4.8,70000,56000.0,Female,50000.0,250000,,,,No,Delhi NCR,North,Beauty,4.0,40.06410256410256,Low Value,Low Value,0.0
Jayesh,https://www.instagram.com/unemployedmarwadi/,unemployedmarwadi,130000,Macro,1.54,15600,12480.0,Male,,200000,120000.0,80000.0,,No,Jaipur,West,Comedy,4.0,99.9000999000999,Low Value,Low Value,0.0
Shivya Nath,https://www.instagram.com/shivya,shivya,130000,Macro,1.23,37000,29600.0,Female,,170000,102000.0,68000.0,,No,Mumbai,West,Comedy,4.0,106.31644777986241,Low Value,Low Value,0.0
Vaishali Jain,https://www.instagram.com/thevaishalidiaries?igsh=Y2c5YmU5cHljcHF0,thevaishalidiaries,130000,Macro,2.87,65000,52000.0,Female,,140000,75000.0,0.0,,No,Mumbai,West,Fashion & Lifestyle,4.0,37.5234521575985,Low Value,Low Value,0.0
Kajal,https://www.instagram.com/hookedtoskincare,hookedtoskincare,130000,Macro,4.79,63550,50840.0,Female,15000.0,120000,,36000.0,0.822,No,Punjab,North,Finance,4.0,19.270916974466036,Medium Value,Medium Value,0.411
Mayur Diwan,https://www.instagram.com/diwanmayur?&igsh=ZDNlZDc0MzIxNw==,diwanmayur,130000,Macro,7.58,63550,50840.0,Male,16000.0,40000,54000.0,12000.0,,No,Mumbai,West,Business & Marketing,4.0,4.05926527298559,High Value,High Value,1.0
_simranbajwaa_,https://www.instagram.com/_simranbajwaa_?igsh=MXgwbzBseHUwYm80aA==,_simranbajwaa_,130000,Macro,13.0,63550,50840.0,Female,,20000,2000.0,2000.0,,No,J & K,North,Fashion & Lifestyle,4.0,1.183431952662722,High Value,High Value,1.0
Himani,https://www.instagram.com/being__himani,being__himani,130000,Macro,13.0,52000,41600.0,Female,,20000,2000.0,2000.0,,No,Mumbai,West,Fashion & Lifestyle,4.0,1.183431952662722,High Value,High Value,1.0
Aditya Bhat,https://www.instagram.com/bhat.tech/,bhat.tech,129000,Macro,6.42,79000,63200.0,Male,15000.0,400000,240000.0,160000.0,0.833333333,No,Bangalore,South,Comedy,4.0,48.2986790311285,Low Value,Low Value,0.0
Tanya,https://www.instagram.com/tanyakhannaa?igsh=MTloaG5kZ3l2cW1keg==,tanyakhannaa,129000,Macro,1.06,48200,38560.0,Female,,90000,25000.0,15000.0,,No,Mumbai,West,Beauty,4.0,65.81834137779728,Low Value,Medium Value,0.411
Varun Duggirala,https://www.instagram.com/varunduggi,varunduggi,128900,Macro,2.15,52000,41600.0,Male,75000.0,300000,300000.0,75000.0,,No,Delhi NCR,North,Business & Marketing,4.0,108.25049163764953,Low Value,Low Value,0.0
Rohan Shrestha,https://www.instagram.com/rohanshrestha,rohanshrestha,128425,Macro,5.01,52000,41600.0,Male,50000.0,300000,250000.0,100000.0,0.99262,No,Delhi NCR,North,Beauty,4.0,46.626622169326915,Low Value,Low Value,0.0
Funyaasi,https://www.instagram.com/funyaasi?igsh=MXNhcW10NmVzd3RlYg==,funyaasi,128249,Macro,2.32,52000,41600.0,Female,100000.0,300000,150000.0,30000.0,,No,Mumbai,West,Fashion & Lifestyle,4.0,100.82756577250989,Low Value,Low Value,0.0
Tanishk Rajput,https://www.instagram.com/tanishkkrajput/,tanishkkrajput,128000,Macro,1.8,150000,120000.0,Male,40000.0,80000,5000.0,100000.0,,No,Delhi NCR,North,Fashion & Lifestyle,4.0,34.72222222222222,Low Value,Medium Value,0.411
Ritcha Verma,https://www.instagram.com/ritcha?utm_source=ig_web_button_share_sheet&igsh=ZDNlZDc0MzIxNw==,ritcha,128000,Macro,0.49,35800,28640.0,Female,,55000,30000.0,15000.0,,No,Mumbai,West,Comedy,4.0,87.69132653061224,Low Value,Low Value,0.0
Archit Shokeen,https://www.instagram.com/architshokeen/,architshokeen,128000,Macro,3.99,141641,113313.0,Male,50000.0,5000,,9000.0,0.353005133,No,Delhi NCR,North,Fashion & Lifestyle,4.0,0.9790100250626567,High Value,High Value,0.872
Khusro Khan,https://www.instagram.com/techknight_yt/,techknight_yt,127000,Macro,1.94,65000,52000.0,Male,,600000,360000.0,240000.0,,No,Delhi NCR,North,Comedy,4.0,243.52626024839677,Low Value,Low Value,0.0
Santanu Hazarika,https://www.instagram.com/santanu_hazarika_art,santanu_hazarika_art,127000,Macro,32.33,52000,41600.0,Male,100000.0,350000,250000.0,100000.0,,No,Delhi NCR,North,Beauty,4.0,8.524297902292062,High Value,High Value,0.516
Sachinker Sagolsem,https://www.instagram.com/sachinker_sagolsem/,sachinker_sagolsem,127000,Macro,1.94,65000,52000.0,Male,,30000,8000.0,7000.0,,No,Manipur,Northeast,Fashion & Lifestyle,4.0,12.176313012419838,Medium Value,Medium Value,0.411
Divya,https://www.instagram.com/fittlicious?igsh=MTE5YTd1cmF6MzlxZw==,fittlicious,127000,Macro,1.35,17000,13600.0,Female,10000.0,25000,15000.0,5000.0,,No,Lucknow,North,Fitness,4.0,14.581510644502771,Medium Value,Medium Value,0.411
Anish deshmukh,https://www.instagram.com/chefanishdeshmukh200?igsh=dHYxeHh5Y2dsM2cw,chefanishdeshmukh200,127000,Macro,2.01,129000,103200.0,Male,2000.0,15000,3000.0,,,No,Bangalore,South,Fashion & Lifestyle,4.0,5.876131155247386,High Value,Medium Value,0.411
Danny Pandit,https://www.instagram.com/dannyypandit,dannyypandit,126788,Macro,11.85,52000,41600.0,Female,75000.0,400000,275000.0,75000.0,,No,Mumbai,West,Food,4.0,26.62339831971746,Medium Value,Low Value,0.0
Sarah Todd,https://www.instagram.com/sarahtodd,sarahtodd,126546,Macro,4.31,52000,41600.0,Female,100000.0,400000,300000.0,100000.0,0.6,No,Delhi NCR,North,Business & Marketing,4.0,73.33888435349006,Low Value,Low Value,0.0
Tanya Ghavri,https://www.instagram.com/tanghavri,tanghavri,126154,Macro,3.53,52000,41600.0,Female,200000.0,400000,350000.0,150000.0,0.230769231,No,Chandigarh,North,Fashion & Lifestyle,4.0,89.82231842990946,Low Value,Low Value,0.0
Trinetra Halder,https://www.instagram.com/trintrin?igsh=MWl1eXhhZjF2YnA3bQ==,trintrin,126000,Macro,1.3,52000,41600.0,Male,150000.0,400000,375000.0,100000.0,,No,Meghalaya,Northeast,Fashion & Lifestyle,4.0,244.2002442002442,Low Value,Low Value,0.0
Mansu,https://www.instagram.com/mansurathore97?igsh=MW5scW93M3o2a2t1Yg==,mansurathore97,126000,Macro,4.74,68720,54976.0,Female,5000.0,40000,,,,No,Jaipur,West,Beauty,4.0,6.697475051905432,High Value,Medium Value,0.411
Kevin Zingkhai,https://www.instagram.com/kevin.zingkhai/,kevin.zingkhai,125755,Macro,5.95,52000,41600.0,Male,150000.0,400000,,,0.3125,No,Hyderabad,South,Fashion & Lifestyle,4.0,53.45862252499107,Low Value,Low Value,0.0
Atul Khatri,https://www.instagram.com/one_by_two,one_by_two,125000,Macro,2.56,52000,41600.0,Male,150000.0,550000,450000.0,100000.0,,No,Delhi NCR,North,Fashion & Lifestyle,4.0,171.875,Low Value,Low Value,0.0
Arissa Khan,https://www.instagram.com/arissakhan,arissakhan,125000,Macro,6.32,52000,41600.0,Female,200000.0,450000,450000.0,100000.0,,No,Delhi NCR,North,Fashion & Lifestyle,4.0,56.962025316455694,Low Value,Low Value,0.0
Arvind Krishna,https://www.instagram.com/arvindkrishna5,arvindkrishna5,125000,Macro,4.5,52000,41600.0,Female,180000.0,450000,300000.0,90000.0,,No,Mumbai,West,Food,4.0,80.0,Low Value,Low Value,0.0
Tarini Shah,https://www.instagram.com/tarini_shah,tarini_shah,125000,Macro,0.59,52000,41600.0,Female,100000.0,450000,180000.0,100000.0,,No,Mumbai,West,Beauty,4.0,610.1694915254237,Low Value,Low Value,0.0
Barkha Rana,https://www.instagram.com/amelia_ig20/,amelia_ig20,125000,Macro,7.39,66860,53488.0,Female,15000.0,400000,240000.0,160000.0,0.882352941,No,Mumbai,West,Comedy,4.0,43.301759133964815,Low Value,Low Value,0.0
Harun Robert (Rob),https://www.instagram.com/artguyrob,artguyrob,124000,Macro,9.44,52000,41600.0,Female,200000.0,600000,500000.0,100000.0,0.612244898,No,West Bengal,East,Fashion & Lifestyle,4.0,51.25751776927282,Low Value,Low Value,0.0
Sahiba Bali,https://www.instagram.com/sahibabali,sahibabali,124000,Macro,2.43,52000,41600.0,Female,250000.0,600000,450000.0,150000.0,0.545454546,No,Mumbai,West,Beauty,4.0,199.12385503783355,Low Value,Low Value,0.0
Karishma Mehta,https://www.instagram.com/karimehta05/?hl=en,karimehta05,124000,Macro,2.29,52000,41600.0,Female,200000.0,600000,400000.0,200000.0,,No,Bangalore,South,Fashion & Lifestyle,4.0,211.2973658261727,Low Value,Low Value,0.0
Harshita Pandey,https://www.instagram.com/Harshitahahah/,harshitahahah,124000,Macro,9.44,68720,41650.0,Female,350000.0,250000,,,0.612244898,No,West Bengal,East,Education,4.0,21.357299070530345,Medium Value,High Value,0.516
Leepika,https://instagram.com/leepikarora?igshid=OGQ5ZDc2ODk2ZA==,leepikarora,124000,Macro,2.1,66860,53488.0,Female,60000.0,150000,,50000.0,,No,Bangalore,South,Finance,4.0,57.6036866359447,Low Value,Low Value,0.0
Sristi,https://www.instagram.com/shrewiish/,shrewiish,124000,Macro,4.81,66860,53488.0,Female,,110000,,,,No,West Bengal,East,Fashion & Lifestyle,4.0,18.44276037824425,Medium Value,Medium Value,0.411
Alisha Jain,https://www.instagram.com/thetastyelements?igsh=OWJwaTFwejQ1OWdx,thetastyelements,124000,Macro,0.53,59300,47440.0,Female,,20000,8000.0,30000.0,,No,Mumbai,West,Fashion & Lifestyle,4.0,30.43213633597078,Medium Value,Medium Value,0.06
Siddharth Batra,https://www.instagram.com/siddharth93batra,siddharth93batra,123000,Macro,40.2,52000,41600.0,Male,200000.0,700000,600000.0,200000.0,,No,Delhi NCR,North,Beauty,4.0,14.156857986490312,Medium Value,Low Value,0.0
Harshita Gupta,https://www.instagram.com/soharshi_,soharshi_,123000,Macro,13.0,52000,41600.0,Female,150000.0,650000,250000.0,100000.0,,No,Jaipur,West,Fashion & Lifestyle,4.0,40.65040650406504,Low Value,Low Value,0.0
Ayush Chaurasiya,https://www.instagram.com/ishowayuu/,ishowayuu,123000,Macro,2.74,270000,216000.0,Male,,55000,10000.0,35000.0,,No,Delhi NCR,North,Fashion & Lifestyle,4.0,16.31950626075604,Medium Value,Medium Value,0.411
Annjali sharma,https://www.instagram.com/kingaanj/,kingaanj,123000,Macro,0.35,3500,2800.0,Female,,45000,7000.0,20000.0,,No,Assam,Northeast,Beauty,4.0,104.52961672473867,Low Value,Low Value,0.0
Ayush Jain,https://instagram.com/letsbrandindia?igshid=MzRlODBiNWFlZA==,letsbrandindia,123000,Macro,6.63,66860,53488.0,Male,10000.0,25000,,7500.0,,No,Mumbai,West,Business & Marketing,4.0,3.0656415161436685,High Value,High Value,1.0
Tage Tunia,https://www.instagram.com/tuniaa___/,tuniaa___,123000,Macro,36.7,130000,104000.0,Female,,20000,5000.0,3500.0,,Yes,Goa,West,Beauty,4.0,0.443056201679183,High Value,High Value,1.0
Ashna narang,https://instagram.com/getglamwithaashna?igshid=MmU2YjMzNjRlOQ==,getglamwithaashna,123000,Macro,0.17,12200,9760.0,Female,10000.0,7000,5000.0,1500.0,,No,Delhi NCR,North,Fashion & Lifestyle,4.0,33.47680535628886,Medium Value,Low Value,0.03
Silkeena Kaur,https://www.instagram.com/silkzdiaries?igsh=MXRuZDdtZ2gxeWF4bw%3D%3D,silkzdiaries,123000,Macro,0.08,5500,4400.0,Female,,6000,3000.0,3000.0,,No,Himachal,North,Fashion & Lifestyle,4.0,60.975609756097555,Low Value,Low Value,0.03
Vinesh Johnny,https://www.instagram.com/vineshjohny,vineshjohny,122698,Macro,2.03,52000,41600.0,Female,350000.0,700000,600000.0,350000.0,,No,Pune,West,Fashion & Lifestyle,4.0,281.0376584841616,Low Value,Low Value,0.0
Bruised Passports,https://www.instagram.com/bruisedpassports,bruisedpassports,122000,Macro,2.1,52000,41600.0,Female,200000.0,750000,300000.0,100000.0,,No,Mumbai,West,Beauty,4.0,292.7400468384075,Low Value,Low Value,0.0
Wing It with Ankush,https://www.instagram.com/wingitwithankush,wingitwithankush,122000,Macro,2.02,52000,41600.0,Female,200000.0,700000,450000.0,350000.0,,No,Delhi NCR,North,Fashion & Lifestyle,4.0,284.04479792241517,Low Value,Low Value,0.0
Aisha Ahmed,https://www.instagram.com/aisharahmed/,aisharahmed,121670,Macro,20.52,52000,41600.0,Female,200000.0,800000,600000.0,200000.0,1.666666667,No,West Bengal,East,Fashion & Lifestyle,4.0,32.042701385574475,Medium Value,Low Value,0.0
Byounick,https://www.instagram.com/beyounick,beyounick,121493,Macro,4.88,52000,41600.0,Male,200000.0,800000,350000.0,150000.0,0.81338,No,Delhi NCR,North,Beauty,4.0,134.93322761764728,Low Value,Low Value,0.0
Debojyoti,https://www.instagram.com/sagarchoudhury_arts/,sagarchoudhury_arts,121302,Macro,3.74,235600,188480.0,Male,50000.0,200000,180000.0,50000.0,,No,Assam,Northeast,Beauty,4.0,44.08495806242024,Low Value,Low Value,0.0
Ahsaas Channa,https://www.instagram.com/ahsaassy_/,ahsaassy_,121009,Macro,29.3,52000,41600.0,Male,200000.0,900000,700000.0,200000.0,,No,Dehradun,North,Fashion & Lifestyle,4.0,25.3838338879654,Medium Value,Low Value,0.0
Anushka Sen,https://www.instagram.com/anushkasen0408,anushkasen0408,121000,Macro,2.41,52000,41600.0,Female,450000.0,1000000,900000.0,450000.0,,No,Mumbai,West,Travel,4.0,342.9237680463633,Low Value,Low Value,0.0
Barkha Singh,https://www.instagram.com/barkhasingh0308,barkhasingh0308,121000,Macro,3.24,52000,41600.0,Female,400000.0,1000000,700000.0,200000.0,,No,Chennai,South,Fashion & Lifestyle,4.0,255.0760126517702,Low Value,Low Value,0.0
Uorfi Javed,https://www.instagram.com/urf7i,urf7i,121000,Macro,2.64,52000,41600.0,Female,200000.0,1000000,600000.0,200000.0,0.444444444,No,Delhi NCR,North,Beauty,4.0,313.0478337089907,Low Value,Low Value,0.0
Rishi raj,https://www.instagram.com/rishi.dancer.photographer/,rishi.dancer.photographer,121000,Macro,3.24,185000,148000.0,Male,50000.0,400000,,,,No,Chennai,South,Fashion & Lifestyle,4.0,102.03040506070809,Low Value,Low Value,0.0
Rutuja Kulkarni,https://www.instagram.com/rutuja.coolkarni/,rutuja.coolkarni,121000,Macro,2.7,305100,244080.0,Female,,45000,30000.0,10000.0,,No,Delhi NCR,North,Fashion & Lifestyle,4.0,13.774104683195592,Medium Value,Medium Value,0.411
Anushka Thapa,https://www.instagram.com/_anushkaa.t/,_anushkaa.t,121000,Macro,27.8,65000,52000.0,Female,,20000,2500.0,3000.0,,No,Mumbai,West,Beauty,4.0,0.594565669778227,High Value,High Value,1.0
Ankush Kumar Yadav,https://www.instagram.com/go_techy/,go_techy,121000,Macro,1.17,176110,140888.0,Male,,5000,2500.0,3000.0,,No,Delhi NCR,North,Fashion & Lifestyle,4.0,3.5318217136398955,High Value,High Value,0.872
Vir Das,https://www.instagram.com/virdas,virdas,120305,Macro,14.07,52000,41600.0,Male,500000.0,1300000,500000.0,100000.0,,No,Mumbai,West,Beauty,4.0,76.80077055985427,Low Value,Low Value,0.0
Allu Sneha Reddy,https://www.instagram.com/allusnehareddy/,allusnehareddy,120000,Macro,1.84,52000,41600.0,Female,800000.0,1400000,1100000.0,185000.0,,No,Himachal,North,Beauty,4.0,634.0579710144928,Low Value,Low Value,0.0
Nash,https://www.instagram.com/nashreels/,nashreels,120000,Macro,8.53,1400000,1120000.0,Female,,150000,60000.0,90000.0,,No,Bangalore,South,Fashion & Lifestyle,4.0,14.654161781946076,Medium Value,High Value,0.516
Sunayana,https://www.instagram.com/sunayanaf/,sunayanaf,120000,Macro,2.42,140000,112000.0,Female,,100000,40000.0,60000.0,,No,Delhi NCR,North,Fashion & Lifestyle,4.0,34.43526170798898,Low Value,Medium Value,0.411
Sweetie Jain,https://www.instagram.com/iamsweetieofficial/,iamsweetieofficial,119000,Macro,0.08,9500,7600.0,Female,30000.0,150000,,,,No,Mumbai,West,Fashion & Lifestyle,4.0,1575.6302521008404,Low Value,Low Value,0.0
Sagar Sheldekar Official,https://www.instagram.com/sagarsheldekar/,sagarsheldekar,119000,Macro,2.35,62100,49680.0,Male,30000.0,55000,35000.0,35000.0,0.638433709,No,Indore,Central,Fashion & Lifestyle,4.0,19.667441444662973,Medium Value,Medium Value,0.411
Priyanka Bharwani,https://www.instagram.com/priyanka_bharwani?utm_source=ig_web_button_share_sheet&igsh=ZDNlZDc0MzIxNw==,priyanka_bharwani,119000,Macro,0.18,13400,10720.0,Female,6000.0,50000,35000.0,15000.0,,No,Mumbai,West,Beauty,4.0,233.42670401493933,Low Value,Low Value,0.0
CA Astha Vijjan,https://www.instagram.com/ca.asthavijjan/reels/?hl=en,ca.asthavijjan,119000,Macro,2.33,81500,65200.0,Female,14000.0,35000,,10500.0,,No,Delhi NCR,North,Finance,4.0,12.623074981065388,Medium Value,Medium Value,0.411
Susmita,https://www.instagram.com/susmita_127/,susmita_127,118000,Macro,1.2,81500,65200.0,Female,200000.0,120000,,,,No,Pune,West,Finance,4.0,84.7457627118644,Low Value,Medium Value,0.411
thekrupapatel,https://instagram.com/thekrupapatel/,thekrupapatel,118000,Macro,100.0,52000,41600.0,Female,,20000,20000.0,20000.0,,No,Mumbai,West,Beauty,4.0,,,Not scored,
Shipa Singh,https://www.instagram.com/gharaonda?utm_source=ig_web_button_share_sheet&igsh=ZDNlZDc0MzIxNw==,gharaonda,117000,Macro,2.0,10000,8000.0,Female,,100000,45000.0,15000.0,,No,Goa,West,Beauty,4.0,42.73504273504273,Low Value,Medium Value,0.411
Rinhlui Hrahsel,https://www.instagram.com/rinhlu_hrahsel/,rinhlu_hrahsel,117000,Macro,6.33,40000,34000.0,Female,,25000,,,0.75,No,Hyderabad,South,Fashion & Lifestyle,4.0,3.375595792657404,High Value,High Value,1.0
Saloni,https://www.instagram.com/_heresmyfood?igsh=MWdhMmMyamszNHRubQ==,_heresmyfood,117000,Macro,0.15,9900,7920.0,Female,2000.0,12000,3000.0,5000.0,,Yes,Mumbai,West,Travel,4.0,68.37606837606837,Low Value,Low Value,0.03
Rishab Karanwal,https://www.instagram.com/rakazonegaming/,rakazonegaming,117000,Macro,5.59,95200,76160.0,Male,,10000,,,1.666666667,No,Delhi NCR,North,Comedy,4.0,1.5289818509854287,High Value,High Value,0.938
Gayathri Mohan,https://www.instagram.com/gayu_inkb/,gayu_inkb,116717,Macro,11.66,84000,67200.0,Female,,300000,180000.0,120000.0,,No,Bangalore,South,Comedy,4.0,22.043907908135864,Medium Value,High Value,0.516
Avani rai,https://www.instagram.com/avani.rai/,avani.rai,116000,Macro,3.01,32800,26240.0,Female,15000.0,75000,35000.0,100000.0,0.669066667,No,Mumbai,West,Fashion & Lifestyle,4.0,21.48012372551266,Medium Value,Medium Value,0.411
Kresna,https://www.instagram.com/realkresnaa,realkresnaa,115000,Macro,5.2,55000,46750.0,Male,,550000,330000.0,220000.0,0.545454546,No,Delhi NCR,North,Comedy,4.0,91.97324414715719,Low Value,Low Value,0.0
Abhishek Tiwari,https://www.instagram.com/abhishek_tiwari20/,abhishek_tiwari20,115000,Macro,8.48,75000,60000.0,Male,14000.0,35000,7000.0,10500.0,,No,Chhattisgarh,Central,Finance,4.0,3.589007383100902,High Value,High Value,1.0
Aditi dash,https://www.instagram.com/aditidashofficial/,aditidashofficial,115000,Macro,21.0,75000,60000.0,Female,,30000,,,,No,Odisha,East,Fashion & Lifestyle,4.0,1.2422360248447204,High Value,High Value,1.0
Rughveda Wagh,https://www.instagram.com/rugvedawagh?igsh=MXVzeG8wMTFtdXg4Yg%3D%3D&utm_source=qr,rugvedawagh,115000,Macro,3.69,42000,33600.0,Female,,30000,20000.0,10000.0,,No,Mumbai,West,Fashion & Lifestyle,4.0,7.069635913750441,High Value,Medium Value,0.411
Roopamm Lakhanpal,https://www.instagram.com/roopamm_lakhanpal?igsh=cmtpbXRxZGxucWx3,roopamm_lakhanpal,115000,Macro,2.77,8500,6800.0,Female,4800.0,20000,10000.0,10000.0,,No,Bangalore,South,Fashion & Lifestyle,4.0,6.278449223041909,High Value,Medium Value,0.411
Rajani Dhar,https://www.instagram.com/bontuwithbows/,bontuwithbows,114187,Macro,53.3,70400,56320.0,Female,24000.0,60000,,18000.0,0.181818182,No,Mumbai,West,Business & Marketing,4.0,,,Not scored,
Kundan,https://www.instagram.com/kundan_kd_23/,kundan_kd_23,114000,Macro,2.14,885720,708576.0,Male,,200000,120000.0,80000.0,,Yes,Mumbai,West,Entertainment,4.0,81.98065256599443,Low Value,Low Value,0.0
Ritika,https://www.instagram.com/ritika24rai/,ritika24rai,114000,Macro,7.84,70400,56320.0,Female,,25000,7000.0,5000.0,,No,Assam,Northeast,Fashion & Lifestyle,4.0,2.7971715001790187,High Value,High Value,1.0
Rudra Jaisara,https://www.instagram.com/jaisara_finance?igsh=NzVkdzVpcXpyY3Zz,jaisara_finance,113000,Macro,10.0,69873,55898.0,Male,11200.0,28000,,8400.0,,No,Delhi NCR,North,Finance,4.0,2.47787610619469,High Value,High Value,1.0
Rhea Khanna,https://www.instagram.com/dr.rheee/,dr.rheee,113000,Macro,5.67,44500,35600.0,Female,,21000,15000.0,4200.0,,No,Mumbai,West,Fashion & Lifestyle,4.0,3.2776138970829236,High Value,High Value,0.938
Malika Chopra,https://instagram.com/malachopra81,malachopra81,112196,Macro,5.32,89757,71806.0,Male,5000.0,20000,,,,No,West Bengal,East,Fashion & Lifestyle,4.0,3.3507420017118266,High Value,Medium Value,0.411
Mohit Bisht and Hemalika,https://www.instagram.com/brownwanderers/,brownwanderers,112000,Macro,8.63,42000,33600.0,Male,15000.0,85000,22000.0,10000.0,0.75,No,Delhi NCR,North,Beauty,4.0,8.794073828836286,High Value,High Value,0.516
Hamjakma,https://www.instagram.com/hamjakmareangmusic/,hamjakmareangmusic,112000,Macro,12.0,66500,53200.0,Female,3000.0,35000,,,,No,Delhi NCR,North,Fashion & Lifestyle,4.0,2.6041666666666665,High Value,High Value,1.0
Divitya Dalwni,https://www.instagram.com/divitya_dalwani?igsh=NXpnMjI0bHkxc2xq,divitya_dalwani,112000,Macro,2.02,109400,87520.0,Female,10000.0,20000,3000.0,10000.0,,No,Mumbai,West,Fashion & Lifestyle,4.0,8.84016973125884,High Value,Medium Value,0.411
Priyanka,https://www.instagram.com/alex_thegoldendog/,alex_thegoldendog,111000,Macro,1.97,100000,80000.0,Female,,275000,,,,No,Delhi NCR,North,Beauty,4.0,125.76027804454202,Low Value,Low Value,0.0
Bhavya Vighnesh,https://www.instagram.com/soulgirl_official/,soulgirl_official,111000,Macro,1.02,61050,48840.0,Male,,55000,2000.0,40000.0,,No,Bangalore,South,Fashion & Lifestyle,4.0,48.57798975446034,Low Value,Low Value,0.024
Tanurima Hazra,https://www.instagram.com/tanurimahazra/,tanurimahazra,111000,Macro,0.22,61050,48840.0,Female,,45000,7000.0,5000.0,,No,West Bengal,East,Beauty,4.0,184.27518427518427,Low Value,Low Value,0.0
Ali Roshan,https://www.instagram.com/ali_rockzzz._,ali_rockzzz._,111000,Macro,5.18,103684,82947.0,Male,50000.0,40000,30000.0,50000.0,0.482234482,No,Trivandrum,South,Fashion & Lifestyle,4.0,6.95676371352047,High Value,Medium Value,0.411
Kalyani Rajput,https://www.instagram.com/rajputkalyanidr/,rajputkalyanidr,111000,Macro,0.95,50000,40000.0,Female,,35000,10000.0,15000.0,,No,Mumbai,West,Beauty,4.0,33.19108582266477,Medium Value,Medium Value,0.06
pooja parihar,https://www.instagram.com/zeenu17_/,zeenu17_,111000,Macro,1.52,113700,90960.0,Female,3000.0,30000,15000.0,5000.0,,No,Bihar,East,Beauty,4.0,17.780938833570413,Medium Value,Medium Value,0.411
Nilakshee Sarma,https://www.instagram.com/nilaksheesarma?igsh=MWV4MWU5Z2FmZm9paQ%3D%3D&utm_source=qr,nilaksheesarma,111000,Macro,0.44,23700,18960.0,Female,,25000,15000.0,5000.0,0.666666667,No,Mumbai,West,Beauty,4.0,51.18755118755119,Low Value,Low Value,0.0
Lyra Vlogs,https://www.instagram.com/lyra_vlogs?igsh=MWVmaXFwZ2s0d3J4dg==,lyra_vlogs,111000,Macro,2.33,61050,48840.0,Female,,7000,8000.0,10000.0,,No,Bangalore,South,Food,4.0,2.70656923017438,High Value,Medium Value,0.411
Shrine Tania,https://www.instagram.com/shrinetania/,shrinetania,110463,Macro,2.19,62100,49680.0,Female,,35000,,,0.444444444,No,Pune,West,Beauty,4.0,14.467953214938351,Medium Value,Medium Value,0.411
Prakriti Pavani,https://www.instagram.com/prakritipavani/,prakritipavani,110000,Macro,2.3,203900,163120.0,Female,,400000,160000.0,240000.0,,No,Mumbai,West,Fashion & Lifestyle,4.0,158.102766798419,Low Value,Low Value,0.0
Shiny Doshi,https://www.instagram.com/shinydoshi15/,shinydoshi15,110000,Macro,2.13,197100,157680.0,Female,8000.0,300000,120000.0,180000.0,,No,Mumbai,West,Beauty,4.0,128.04097311139566,Low Value,Low Value,0.0
Shibasish Saha,https://www.instagram.com/shibasishsaha.official/,shibasishsaha.official,110000,Macro,1.6,15,12.0,Male,,25000,,,,No,Delhi NCR,North,Beauty,4.0,14.204545454545455,Medium Value,Medium Value,0.411
Ayush Jain,https://www.instagram.com/letsbrandbharat?utm_source=ig_web_button_share_sheet&igsh=ZDNlZDc0MzIxNw==,letsbrandbharat,110000,Macro,3.5,63550,50840.0,Male,8000.0,20000,,6000.0,,No,Mumbai,West,Business & Marketing,4.0,5.194805194805195,High Value,Medium Value,0.411
Parishmita,https://www.instagram.com/parishmita_sharma_/,parishmita_sharma_,110000,Macro,2.29,63550,50840.0,Female,,15000,10000.0,7000.0,,No,Assam,Northeast,Fashion & Lifestyle,4.0,5.954743946010321,High Value,Medium Value,0.411
Granthika Sharma,https://www.instagram.com/granthika.sharma?igsh=bzhjdjlhZ2VpMDE3&utm_source=qr,granthika.sharma,109211,Macro,6.23,52000,44200.0,Female,,500000,300000.0,200000.0,0.576923077,No,Mumbai,West,Comedy,4.0,73.48785546314524,Low Value,Low Value,0.0
Tharun Speaks,https://www.instagram.com/tharunnaik.0/,tharunnaik.0,109000,Macro,1.2,350000,280000.0,Male,60000.0,200000,,40000.0,,No,Mumbai,West,Fashion & Lifestyle,4.0,152.9051987767584,Low Value,Low Value,0.0
Rishabh Rai,https://www.instagram.com/rrishabhraii/?hl=en,rrishabhraii,109000,Macro,1.16,13080,10464.0,Male,,200000,120000.0,80000.0,,No,Delhi NCR,North,Comedy,4.0,158.17779183802597,Low Value,Low Value,0.0
Libeni Ezung,https://www.instagram.com/libe_ezung/,libe_ezung,109000,Macro,11.25,60000,48000.0,Female,,45000,,,,No,Nagaland,Northeast,Fashion & Lifestyle,4.0,3.669724770642202,High Value,High Value,1.0
Khushi singh official,https://www.instagram.com/financewithsonal_/profilecard/?igsh=cW92MjJ0aTlzYWli,financewithsonal_,109000,Macro,2.1,60000,48000.0,Female,10000.0,25000,7500.0,7500.0,,No,Delhi NCR,North,Finance,4.0,10.9217999126256,Medium Value,Medium Value,0.411
Suruchi,https://www.instagram.com/blissful.living12?utm_source=ig_web_button_share_sheet&igsh=ZDNlZDc0MzIxNw==,blissful.living12,109000,Macro,2.39,30900,24720.0,Female,,15000,10000.0,0.0,,No,Delhi NCR,North,Beauty,4.0,5.757936355610149,High Value,Medium Value,0.411
Jyoti thakur,https://instagram.com/thakur_jyotii?igshid=1byw1gfyrvyk7,thakur_jyotii,109000,Macro,4.5,7600,6080.0,Male,50000.0,10000,5000.0,5000.0,0.053970269,No,Bangalore,South,Fashion & Lifestyle,4.0,2.038735983690112,High Value,Medium Value,0.411
Amita Singh,https://www.instagram.com/amitasinghh/,amitasinghh,108000,Macro,14.05,134200,107360.0,Female,,200000,80000.0,50000.0,,No,Mumbai,West,Gaming,4.0,13.180440226703572,Medium Value,High Value,0.516
Sarah,https://www.instagram.com/sarahbabu__?igsh=MThxMm13cXVmbGpkMg==,sarahbabu__,108000,Macro,10.6,101000,80800.0,Female,,100000,70000.0,25000.0,,No,Kochi,South,Beauty,4.0,8.735150244584206,High Value,High Value,0.516
Mannat Pathania,https://www.instagram.com/ma.nna.t?igsh=bWdlZXVsdm41a2Zh,ma.nna.t,108000,Macro,4.38,55000,44000.0,Male,15000.0,100000,100000.0,40000.0,0.30224264,No,Delhi NCR,North,Beauty,4.0,21.139861322509727,Medium Value,Medium Value,0.411
Bidushi Sukanya,https://www.instagram.com/bidushi_sukanya/,bidushi_sukanya,108000,Macro,6.7,55000,44000.0,Female,10000.0,20000,,7500.0,,No,Assam,Northeast,Fashion & Lifestyle,4.0,2.7639579878385847,High Value,High Value,1.0
yajatdhingraa,https://www.instagram.com/yajatdhingraa/,yajatdhingraa,107000,Macro,2.0,55000,44000.0,Male,,150000,80000.0,40000.0,,No,Mumbai,West,Entertainment,4.0,70.09345794392523,Low Value,Low Value,0.0
Karan Singha,https://www.instagram.com/karan_yendrembam/,karan_yendrembam,107000,Macro,2.11,55000,44000.0,Male,,55000,,,,No,Delhi NCR,North,Comedy,4.0,24.36107543074811,Medium Value,Medium Value,0.411
Sandra Robinson,https://www.instagram.com/sandraarobinson/,sandraarobinson,107000,Macro,2.39,55000,44000.0,Female,16000.0,40000,,12000.0,,No,Lucknow,North,Business & Marketing,4.0,15.641496891252492,Medium Value,Medium Value,0.411
Ritika betala,https://www.instagram.com/foodiesofindia?igsh=dm54dHM1dW9naWRl,foodiesofindia,107000,Macro,0.37,120300,96240.0,Female,5000.0,30000,10000.0,20000.0,0.112359551,No,Hyderabad,South,Travel,4.0,75.77671129072999,Low Value,Low Value,0.0
Home Decor Ideas,https://www.instagram.com/Home decor Ideas/,home decor ideas,106000,Macro,2.12,24100,19280.0,Male,250000.0,200000,,,,No,Bihar,East,Education,4.0,88.999644001424,Low Value,Low Value,0.0
Aradhna Sharma,https://www.instagram.com/aradhnaofficial?igsh=azAyZWZyYzZjbnFo,aradhnaofficial,106000,Macro,0.53,57062,45650.0,Female,,150000,,,,No,Delhi NCR,North,Beauty,4.0,266.998932004272,Low Value,Low Value,0.0
Aarti Vaibhaarti,https://www.instagram.com/vaibhaarti/,vaibhaarti,106000,Macro,8.16,100000,80000.0,Male,30000.0,75000,,,,No,West Bengal,East,Comedy,4.0,8.670921198668147,High Value,High Value,0.516
Aishelia,https://www.instagram.com/aisheliia/,aisheliia,106000,Macro,8.0,57062,45650.0,Female,,20000,,,,No,Manipur,Northeast,Fashion & Lifestyle,4.0,2.358490566037736,High Value,High Value,1.0
Dhwani Bhatt,https://www.instagram.com/dhwaniibhatt/,dhwaniibhatt,105424,Macro,9.6,59125,47300.0,Female,15000.0,200000,120000.0,80000.0,0.724933333,No,Mumbai,West,Comedy,4.0,19.76147113876663,Medium Value,High Value,0.516
Mahak,https://www.instagram.com/mahaksharmaa_,mahaksharmaa_,105000,Macro,1.46,69346,55477.0,Female,,200000,120000.0,80000.0,,No,Mumbai,West,Comedy,4.0,130.4631441617743,Low Value,Low Value,0.0
himika_bose,https://www.instagram.com/himika_bose/,himika_bose,105000,Macro,1.0,59562,47650.0,Female,,120000,75000.0,30000.0,,No,Mumbai,West,Fashion & Lifestyle,4.0,114.28571428571429,Low Value,Low Value,0.024
Khushboo Bhola,https://www.instagram.com/khushboobhola0610/,khushboobhola0610,105000,Macro,4.65,49714,39771.0,Female,50000.0,90000,30000.0,35000.0,1.005752907,No,Delhi NCR,North,Beauty,4.0,18.4331797235023,Medium Value,Medium Value,0.411
Vansh Gandhi,https://www.instagram.com/vanshgandhii,vanshgandhii,105000,Macro,9.33,320000,256000.0,Male,10000.0,70000,,,,No,Delhi NCR,North,Entertainment,4.0,7.145409074669525,High Value,High Value,0.516
zoi,https://www.instagram.com/zoishms/,zoishms,105000,Macro,0.49,59562,47650.0,Female,,65000,45000.0,60000.0,,No,Delhi NCR,North,Fashion & Lifestyle,4.0,126.33624878522838,Low Value,Low Value,0.0
Swarali Kulkarni,https://www.instagram.com/mumbaifoodjunkie?igsh=MTkzNGZ0MHdkbnM1cQ==,mumbaifoodjunkie,105000,Macro,0.42,16300,13040.0,Female,12000.0,28000,20000.0,10000.0,,No,West Bengal,East,Travel,4.0,63.492063492063494,Low Value,Low Value,0.0
Mayuri Kalita,https://www.instagram.com/kalita.mayuri/,kalita.mayuri,105000,Macro,0.25,59562,47650.0,Female,,25000,5000.0,,,No,Assam,Northeast,Fashion & Lifestyle,4.0,95.23809523809524,Low Value,Low Value,0.0
Aarushi Abrol,https://www.instagram.com/aarushi.abrol?igsh=MTVveWR1d25jMXY4Mw==,aarushi.abrol,105000,Macro,29.5,59562,47650.0,Female,,16000,15000.0,,,No,Delhi NCR,North,Travel,4.0,0.516545601291364,High Value,High Value,1.0
Ruchi Mehta,https://www.instagram.com/ruchiimehta_?igsh=MXgydm9hNmJuNXFyOQ==,ruchiimehta_,105000,Macro,0.19,15500,12400.0,Female,,15000,,,,No,Delhi NCR,North,Beauty,4.0,75.18796992481202,Low Value,Low Value,0.03
Amna,https://www.instagram.com/theglitterwings,theglitterwings,105000,Macro,2.32,16700,13360.0,Female,,10000,5000.0,5000.0,,No,Mumbai,West,Beauty,4.0,4.1050903119868645,High Value,Medium Value,0.411
Aseno Ayemi,https://www.instagram.com/aseno_vili_ayemi/,aseno_vili_ayemi,104632,Macro,1.0,59125,47300.0,Female,,65000,,,,No,Mumbai,West,Comedy,4.0,62.12248642862605,Low Value,Low Value,0.024
Neha Gupta,https://www.instagram.com/drnehagupta17,drnehagupta17,103870,Macro,3.62,150000,120000.0,Female,50000.0,100000,,,0.333333333,No,Delhi NCR,North,Beauty,4.0,26.595079803855967,Medium Value,Medium Value,0.411
Chirag Karekar,https://www.instagram.com/chiragkarekar_?,chiragkarekar_,103000,Macro,5.2,60000,48000.0,Male,40000.0,150000,,,,No,Mumbai,West,Beauty,4.0,28.005974607916354,Medium Value,Low Value,0.0
Ananya,https://www.instagram.com/ananyastouchofhealth,ananyastouchofhealth,103000,Macro,4.35,55000,30000.0,Female,50000.0,100000,25000.0,10000.0,0.909090909,No,Chennai,South,Fashion & Lifestyle,4.0,22.31893761856936,Medium Value,Medium Value,0.411
Sajad Ahmad Wani,https://www.instagram.com/rocky__kashmir/,rocky__kashmir,103000,Macro,1.2,8200,6560.0,Male,,100000,60000.0,40000.0,,No,J & K,North,Comedy,4.0,80.90614886731392,Low Value,Medium Value,0.411
Shreya Subba,https://www.instagram.com/shreya.subba_10/,shreya.subba_10,103000,Macro,2.56,59562,47650.0,Female,3000.0,25000,,,,No,West Bengal,East,Beauty,4.0,9.48118932038835,High Value,Medium Value,0.411
Samarine Wankhar,https://www.instagram.com/samarine_wankhar_sohtun/,samarine_wankhar_sohtun,103000,Macro,1.8,59562,47650.0,Female,,20000,5000.0,2000.0,,No,Meghalaya,Northeast,Fashion & Lifestyle,4.0,10.787486515641856,Medium Value,Medium Value,0.411
Things to explore in Mumbai,https://www.instagram.com/things2exploreinmumbai?igsh=MXUwZzNqZm1mbDBzdg%3D%3D,things2exploreinmumbai,103000,Macro,1.37,52000,41600.0,Female,,18000,8000.0,,,No,Mumbai,West,Travel,4.0,12.756005952802779,Medium Value,Medium Value,0.411
shalu sharma,https://www.instagram.com/sweelife_shalu?igsh=MzVkd2l0ajQ1ZmY0,sweelife_shalu,103000,Macro,9.64,71800,57440.0,Female,15000.0,8000,4000.0,3000.0,,No,Bangalore,South,Fashion & Lifestyle,4.0,0.8057043870603875,High Value,High Value,1.0
Miloni Jhonsa,https://www.instagram.com/milonijhonsa/,milonijhonsa,102743,Macro,1.2,59000,47200.0,Female,,35000,25000.0,15000.0,,No,Mumbai,West,Beauty,4.0,28.387984258457188,Medium Value,Medium Value,0.411
Rupa Deb,https://www.instagram.com/rupadebs?igsh=cjEwdnRhYTBwNWV6,rupadebs,102000,Macro,1.17,96900,77520.0,Female,,55000,25000.0,10000.0,,No,Bangalore,South,Beauty,4.0,46.08681079269314,Low Value,Medium Value,0.411
Dhaval,https://www.instagram.com/staywowdiaries?igsh=anBjZ2dhMXN4djRv,staywowdiaries,102000,Macro,5.06,79500,63600.0,Male,,45000,25000.0,15000.0,,No,Mumbai,West,Fashion & Lifestyle,4.0,8.718902580795165,High Value,Medium Value,0.411
Sweta Dadich,https://www.instagram.com/rooprashmi0807?igsh=MTg1Nmd1M3hiano1Nw==,rooprashmi0807,102000,Macro,0.09,18721,14977.0,Female,3000.0,9000,,,,No,Delhi NCR,North,Fashion & Lifestyle,4.0,98.03921568627452,Low Value,Low Value,0.03
Dimple,https://instagram.com/dimplemangal?igshid=YmMyMTA2M2Y=,dimplemangal,101819,Macro,3.69,6500,5200.0,Female,,32000,15000.0,5000.0,,No,West Bengal,East,Fitness,4.0,8.517159587962176,High Value,Medium Value,0.411
Shivangi & Arjun,https://www.instagram.com/shivangiandarjun/,shivangiandarjun,101128,Macro,11.98,55000,44000.0,Male,,30000,25000.0,10000.0,,No,Mumbai,West,Fashion & Lifestyle,4.0,2.4762416172617945,High Value,High Value,1.0
Aayushi,https://www.instagram.com/aayushii_sharmaa_/,aayushii_sharmaa_,101000,Macro,2.56,30000,25500.0,Female,,120000,72000.0,48000.0,0.545454546,No,Delhi NCR,North,Comedy,4.0,46.410891089108915,Low Value,Medium Value,0.411
Motoxtrends by amarinder,https://www.instagram.com/amarinder_virdi/,amarinder_virdi,101000,Macro,2.17,22100,17680.0,Male,,70000,42000.0,28000.0,,No,Delhi NCR,North,Comedy,4.0,31.938677738741617,Medium Value,Medium Value,0.411
Aishwarya,https://www.instagram.com/sassyaish?igsh=MTR0NHkxOXdleTN3YQ==,sassyaish,101000,Macro,0.55,6400,5120.0,Female,,18000,15000.0,20000.0,1.666666667,No,Mumbai,West,Fashion & Lifestyle,4.0,32.403240324032396,Medium Value,Medium Value,0.06
Kumar,https://www.instagram.com/kumarschronicles/,kumarschronicles,101000,Macro,6.7,300000,255000.0,Male,15000.0,15000,10000.0,5000.0,0.545454546,No,Chennai,South,Fashion & Lifestyle,4.0,2.216639574405202,High Value,High Value,1.0
Snehal Uttekar,https://www.instagram.com/snehal_a_uttekar?igsh=MWhpaG02MmZodGFwZQ%3D%3D&utm_source=qr,snehal_a_uttekar,101000,Macro,0.15,17700,14160.0,Female,3000.0,10000,6000.0,2000.0,,No,Indore,Central,Fashion & Lifestyle,4.0,66.00660066006601,Low Value,Low Value,0.03
Juhi Godambe,https://www.instagram.com/juhigodambe,juhigodambe,100000,Macro,1.51,70000,56000.0,Female,85000.0,475000,350000.0,75000.0,0.25,No,Delhi NCR,North,Fashion & Lifestyle,4.0,314.56953642384104,Low Value,Low Value,0.0
Rajvee Gandhi,https://www.instagram.com/rxjvee/?hl=en,rxjvee,100000,Macro,4.02,476900,381520.0,Female,100000.0,250000,275000.0,50000.0,,No,Delhi NCR,North,Beauty,4.0,62.18905472636817,Low Value,Low Value,0.0
Ria Amin,https://www.instagram.com/theriaamin/,theriaamin,100000,Macro,1.46,595800,476640.0,Female,,200000,80000.0,120000.0,0.2,No,Chandigarh,North,Beauty,4.0,136.986301369863,Low Value,Low Value,0.0
Tanya Rawat,https://www.instagram.com/Tanya__Rawat/,tanya__rawat,100000,Macro,5.68,40000,32000.0,Female,,170000,102000.0,68000.0,,No,Delhi NCR,North,Comedy,4.0,29.929577464788732,Medium Value,High Value,0.516
Kratika Gupta,https://www.instagram.com/@kratika.gupta.12,kratika.gupta.12,100000,Macro,2.38,92000,78200.0,Male,,105000,,,0.326086957,No,Dehradun,North,Comedy,4.0,44.11764705882353,Low Value,Medium Value,0.411
Muskan,https://www.instagram.com/muskanonair/,muskanonair,100000,Macro,0.94,195000,156000.0,Female,,50000,10000.0,25000.0,,No,Delhi NCR,North,Fashion & Lifestyle,4.0,53.191489361702125,Low Value,Low Value,0.024
Be curious,https://instagram.com/be._.curious_?igshid=YmMyMTA2M2Y=,be._.curious_,100000,Macro,1.3,54982,43986.0,Female,8000.0,20000,10000.0,6000.0,,No,Lucknow,North,Finance,4.0,15.384615384615385,Medium Value,Medium Value,0.411
Anjusha Bhattacharyya,https://www.instagram.com/anjushabhattacharyya/,anjushabhattacharyya,100000,Macro,1.5,52400,41920.0,Female,6000.0,20000,10000.0,6000.0,,No,J & K,North,Beauty,4.0,13.333333333333334,Medium Value,Medium Value,0.411
Himani Jain,https://www.instagram.com/himanistyleunplug?igsh=YmpmbTM5cjh0YzBq,himanistyleunplug,100000,Macro,1.94,100900,80720.0,Female,,12000,5000.0,2000.0,,No,Bangalore,South,Beauty,4.0,6.185567010309279,High Value,Medium Value,0.411
Yoden,https://www.instagram.com/yoden_sangchoju/,yoden_sangchoju,100000,Macro,2.9,54982,43986.0,Female,,10000,,,0.153846154,No,Mumbai,West,Fashion & Lifestyle,4.0,3.4482758620689653,High Value,Medium Value,0.411
Dipti Prakash,https://www.instagram.com/itsdeepyg?igsh=dmpnZGx1b3RicGVh,itsdeepyg,100000,Macro,0.01,37000,29600.0,Female,8000.0,5000,2000.0,1500.0,,No,Mumbai,West,Beauty,4.0,500.0,Low Value,Low Value,0.03
Shraddha Mojidra,https://www.instagram.com/travelmomdiariess,travelmomdiariess,99900,Micro,1.6,14000,11200.0,Female,,100000,60000.0,30000.0,,No,Mumbai,West,Beauty,3.0,62.56256256256256,Low Value,Medium Value,0.411
Pranav_SP,https://www.instagram.com/pranav_sp/,pranav_sp,99900,Micro,2.4,25000,20000.0,Female,5000.0,15000,,,,No,Ahmedabad,West,Fashion & Lifestyle,3.0,6.256256256256257,High Value,Medium Value,0.411
Zorawar Ahluwalia,https://www.instagram.com/zorawarahluwalia/,zorawarahluwalia,99862,Micro,13.56,52400,41920.0,Male,24000.0,60000,,18000.0,,No,Delhi NCR,North,Finance,3.0,4.430893393945592,High Value,High Value,0.516
Saranga Deka,https://www.instagram.com/txsarang?utm_source=ig_web_button_share_sheet&igsh=ZDNlZDc0MzIxNw==,txsarang,99700,Micro,36.56,442400,353920.0,Female,,25000,3500.0,3500.0,,No,Bangalore,South,Beauty,3.0,0.6858650349297345,High Value,High Value,1.0
Sanchi Jain,https://www.instagram.com/sanchijain._/,sanchijain._,99600,Micro,3.46,59125,47300.0,Female,4000.0,20000,5000.0,3000.0,,No,Delhi NCR,North,Food,3.0,5.803561065069527,High Value,Medium Value,0.411
Varsha,https://www.instagram.com/varshamall/,varshamall,99000,Micro,1.31,82900,66320.0,Female,,55000,,7000.0,,Yes,West Bengal,East,Beauty,3.0,42.40882103477523,Medium Value,Medium Value,0.411
Harsha,https://www.instagram.com/harsha.happiness/,harsha.happiness,98900,Micro,1.0,5600,4480.0,Male,,40000,15000.0,5000.0,,No,Bangalore,South,Fashion & Lifestyle,3.0,40.44489383215369,Medium Value,Medium Value,0.06
_yogittaa,https://www.instagram.com/_yogittaa,_yogittaa,98376,Micro,1.21,54991,43993.0,Female,10000.0,30000,7000.0,5000.0,,No,Mumbai,West,Food,3.0,25.202679952175394,Medium Value,Medium Value,0.411
rjvidit,https://www.instagram.com/rjvidit/,rjvidit,98000,Micro,1.77,52400,41920.0,Male,,80000,45000.0,20000.0,,No,Delhi NCR,North,Entertainment,3.0,46.12014297244322,Medium Value,Medium Value,0.411
Heena Dhedhi,https://www.instagram.com/heenadhedhi?igsh=MXM2d3Excm9yODJoNQ%3D%3D,heenadhedhi,98000,Micro,1.67,13400,10720.0,Female,,25000,15000.0,5000.0,,No,Delhi NCR,North,Fashion & Lifestyle,3.0,15.275571306366858,Medium Value,Medium Value,0.411
Pulkit Kochar,https://www.instagram.com/pulkitkochar/,pulkitkochar,97809,Micro,9.3,12000,9600.0,Male,,150000,90000.0,60000.0,,No,Mumbai,West,Fashion & Lifestyle,3.0,16.4903355090682,Medium Value,High Value,0.516
Ekta Mohnani,https://www.instagram.com/ektamohananikamra/reels/,ektamohananikamra,97800,Micro,1.8,36200,28960.0,Male,15000.0,48500,25000.0,10500.0,0.6,No,Mumbai,West,Fashion & Lifestyle,3.0,27.550556691660983,Medium Value,Medium Value,0.411
Richa Pradhan,https://www.instagram.com/richapradhan01?igsh=MXgzZ2phd28zZWo5NQ%3D%3D,richapradhan01,97800,Micro,0.58,3700,2960.0,Female,5000.0,30000,10000.0,20000.0,,No,Chandigarh,North,Beauty,3.0,52.887666596149785,Medium Value,Medium Value,0.06
Sarthak Academy,https://www.instagram.com/sarthak_academyy/,sarthak_academyy,97400,Micro,2.03,52200,41760.0,Male,10000.0,25000,3000.0,7500.0,,No,Delhi NCR,North,Finance,3.0,12.644015334661798,High Value,Medium Value,0.411
DivyaJyoti Singh,https://www.instagram.com/dr.garbyal/,dr.garbyal,97200,Micro,2.55,144500,115600.0,Female,6000.0,6000,4500.0,2000.0,,No,Delhi NCR,North,Beauty,3.0,2.420721374969741,High Value,High Value,0.872
Devyani Jadia,https://www.instagram.com/pans_and_platters/,pans_and_platters,97144,Micro,0.43,52000,41600.0,Female,25000.0,140000,,,,No,Mumbai,West,Comedy,3.0,335.1533757605588,Low Value,Low Value,0.0
Siddharth Bhawsar,https://www.instagram.com/thesept_boy?igsh=MWxhcWszdGxrOG05cA%3D%3D,thesept_boy,96700,Micro,2.82,52200,41760.0,Male,,150000,90000.0,60000.0,,No,Indore,Central,Comedy,3.0,55.00671081871988,Medium Value,Low Value,0.0
Ankit,https://instagram.com/akmffitt,akmffitt,96062,Micro,5.48,100733,80586.0,Male,50000.0,150000,45000.0,10000.0,0.496361669,No,Delhi NCR,North,Entertainment,3.0,28.49437110795385,Medium Value,High Value,0.516
Nandani,https://www.instagram.com/nutritionbynandini,nutritionbynandini,95400,Micro,4.72,426867,341494.0,Female,50000.0,40000,30000.0,35000.0,0.117132503,No,Jaipur,West,Fashion & Lifestyle,3.0,8.883203638560211,High Value,Medium Value,0.411
annie_hazarika,https://www.instagram.com/annie_hazarika/,annie_hazarika,95000,Micro,8.52,54982,43986.0,Male,,75000,45000.0,30000.0,,No,Delhi NCR,North,Comedy,3.0,9.266123054114159,High Value,High Value,0.516
Diya Lulla,https://www.instagram.com/diyalulla8?igsh=M2JjaDV4MGZsbzJl,diyalulla8,95000,Micro,1.27,14400,11520.0,Female,,55000,40000.0,15000.0,,No,Mumbai,West,Fashion & Lifestyle,3.0,45.58640696228761,Medium Value,Medium Value,0.411
Sumit Mishra,https://www.instagram.com/sumit_so_wit/,sumit_so_wit,94900,Micro,3.62,194430,155544.0,Female,15000.0,275000,190000.0,100000.0,0.652713111,No,Bhopal,Central,Beauty,3.0,80.04936862879798,Low Value,Low Value,0.0
anjali_archives,https://www.instagram.com/anjali_archives,anjali_archives,94639,Micro,28.88,55000,44000.0,Male,,25000,7000.0,5000.0,,No,Meghalaya,Northeast,Fashion & Lifestyle,3.0,0.9146873588363,High Value,High Value,1.0
Avantika Sarmal,https://www.instagram.com/avantika_sarmal/,avantika_sarmal,94500,Micro,8.26,150000,120000.0,Male,15000.0,69000,27000.0,9000.0,0.833333333,No,J & K,North,Fashion & Lifestyle,3.0,8.839694069718282,High Value,High Value,0.516
Cric Toons,https://www.instagram.com/crictoons/,crictoons,94335,Micro,15.9,55000,44000.0,Male,8000.0,30000,,,,No,Mumbai,West,Fashion & Lifestyle,3.0,2.0000980048022354,High Value,High Value,1.0
Harsh Gandhi,https://www.instagram.com/harshhgandhii/,harshhgandhii,93801,Micro,2.63,55000,44000.0,Male,20000.0,50000,,15000.0,,No,Mumbai,West,Business & Marketing,3.0,20.267808279342937,Medium Value,Medium Value,0.411
Jaina Shah Doshi,https://www.instagram.com/jainashah_?igsh%3DMXVoeXhnN3FuN29obQ%3D%3D&sa=D&source=calendar&ust=1720602766034571&usg=AOvVaw2MlcDXfWApftQMzMI9pfHc,jainashah_,93600,Micro,5.37,54300,43440.0,Male,,150000,90000.0,60000.0,,No,Mumbai,West,Comedy,3.0,29.842906937879008,Medium Value,Low Value,0.0
Arfath naseer,https://www.instagram.com/arfathnaseerfilms/,arfathnaseerfilms,93600,Micro,1.46,6000,4800.0,Male,,64000,30000.0,10000.0,,No,Mumbai,West,Fashion & Lifestyle,3.0,46.832923545252314,Medium Value,Medium Value,0.411
Riddhi,https://www.instagram.com/getfitwithrid?igsh=bjZkMXB1N3Fpc2o4,getfitwithrid,93500,Micro,2.48,54300,43440.0,Female,,70000,,,,No,Jaipur,West,Beauty,3.0,30.18802829049508,Medium Value,Medium Value,0.411
Kanchi Sharma,https://www.instagram.com/kanchi.sharma/?hl=en,kanchi.sharma,93500,Micro,7.74,146100,116880.0,Female,15000.0,45000,9500.0,0.0,0.945933333,No,Mumbai,West,Fashion & Lifestyle,3.0,6.218132073125234,High Value,High Value,1.0
Vinay Manglani,https://www.instagram.com/vmfit24,vmfit24,93100,Micro,4.22,694008,555206.0,Male,50000.0,150000,90000.0,60000.0,0.072045279,No,Mumbai,West,Comedy,3.0,38.17940246689846,Medium Value,Low Value,0.0
Supriya,https://www.instagram.com/supriya.nutritionist,supriya.nutritionist,92800,Micro,5.26,27000,21600.0,Female,,15000,2000.0,2000.0,,No,Mumbai,West,Beauty,3.0,3.072964468336174,High Value,Medium Value,0.411
surbhi_chawan_,https://www.instagram.com/surbhi_chawan_,surbhi_chawan_,92300,Micro,3.2,25000,20000.0,Male,,75000,30000.0,10000.0,,No,Mumbai,West,Fashion & Lifestyle,3.0,25.392741061755146,Medium Value,Medium Value,0.411
Shreya Sanghvi,https://www.instagram.com/theunoplate/,theunoplate,92300,Micro,1.93,63800,51040.0,Female,15000.0,70000,15000.0,30000.0,,No,Mumbai,West,Food,3.0,39.29515715256064,Medium Value,Medium Value,0.411
Rinkal Parekh,https://www.instagram.com/riinkal/,riinkal,92026,Micro,1.28,53350,42680.0,Female,3000.0,15000,15000.0,7000.0,,No,Delhi NCR,North,Comedy,3.0,12.734172951122508,High Value,Medium Value,0.411
Rumi Murasing,https://www.instagram.com/rumimurasing/,rumimurasing,92000,Micro,0.85,53350,42680.0,Female,,18000,5000.0,3500.0,,No,Delhi NCR,North,Fashion & Lifestyle,3.0,23.017902813299234,Medium Value,Medium Value,0.06
Akanksha Thakur,https://www.instagram.com/akankshout/,akankshout,91906,Micro,3.84,53350,42680.0,Female,16000.0,40000,,12000.0,,No,Mumbai,West,Finance,3.0,11.334044204585846,High Value,Medium Value,0.411
Krish Saini,https://www.instagram.com/krishhh/,krishhh,91400,Micro,0.22,97690,78152.0,Female,,15000,7000.0,5000.0,,No,Delhi NCR,North,Fashion & Lifestyle,3.0,74.5971752536304,Low Value,Low Value,0.03
Sai Borgave,https://www.instagram.com/saili_borgave?igsh=MWFlcG55MWNpeTdz,saili_borgave,91200,Micro,1.06,54300,43440.0,Female,,5000,3000.0,2000.0,,No,Mumbai,West,Fashion & Lifestyle,3.0,5.17212843429328,High Value,High Value,0.872
Charvi Sharma,https://www.instagram.com/charvisharmaaaaa/,charvisharmaaaaa,91100,Micro,1.89,50000,40000.0,Male,,55000,35000.0,12000.0,,No,Delhi NCR,North,Fashion & Lifestyle,3.0,31.943500659197696,Medium Value,Medium Value,0.411
Saniya Mirwani,https://www.instagram.com/saniyamirwani/,saniyamirwani,91000,Micro,9.44,10920,8736.0,Female,,100000,60000.0,40000.0,,No,Kerala,South,Comedy,3.0,11.640901471409947,High Value,High Value,0.516
Deepak,https://www.instagram.com/vashisthfitness,vashisthfitness,90700,Micro,5.18,629122,503298.0,Male,50000.0,85000,55000.0,20000.0,0.079475841,No,Delhi NCR,North,Entertainment,3.0,18.09180419985271,Medium Value,Medium Value,0.411
Afreen Ishrat,https://www.instagram.com/mermaidista_,mermaidista_,90700,Micro,0.81,51838,41470.0,Female,,30000,,,,No,West Bengal,East,Beauty,3.0,40.83466045979828,Medium Value,Medium Value,0.06
Geetika Bajaj,https://www.instagram.com/geetikabajaj_nutritionist_,geetikabajaj_nutritionist_,90000,Micro,2.09,20000,15000.0,Female,50000.0,170000,102000.0,68000.0,1.25,No,Mumbai,West,Comedy,3.0,90.37745879851143,Low Value,Low Value,0.0
Himanshu,https://instagram.com/vipin_rathore_fitness,vipin_rathore_fitness,89946,Micro,5.78,51677,41342.0,Male,47500.0,12000,8000.0,15000.0,0.919171005,No,Delhi NCR,North,Beauty,3.0,2.3081899889645436,High Value,High Value,0.938
Greeshma,https://www.instagram.com/greeshma_pillai01,greeshma_pillai01,89900,Micro,6.38,22000,18700.0,Female,,15000,15000.0,15000.0,1.363636364,No,Mumbai,West,Beauty,3.0,2.6152360163330206,High Value,High Value,1.0
Nishkarsh,https://www.instagram.com/nishletics/,nishletics,89100,Micro,5.41,50945,40756.0,Male,47500.0,35000,,,0.932378055,No,Delhi NCR,North,Beauty,3.0,7.2609437982204454,High Value,High Value,0.938
Isheeta Yadav,https://www.instagram.com/isheeta_yadav/,isheeta_yadav,89000,Micro,1.3,54300,43440.0,Female,,220000,132000.0,88000.0,,No,Delhi NCR,North,Comedy,3.0,190.14693171996544,Low Value,Low Value,0.0
Chhanchhani Marilyn,https://www.instagram.com/marilyn_chhanchhani/,marilyn_chhanchhani,89000,Micro,7.15,54300,43440.0,Female,,30000,,,,No,Mumbai,West,Beauty,3.0,4.714386736858647,High Value,High Value,1.0
Bhumika Jaishi,https://www.instagram.com/_suzane.jaishi_/,_suzane.jaishi_,89000,Micro,20.4,54300,43440.0,Female,,20000,,,,No,Chandigarh,North,Fashion & Lifestyle,3.0,1.101564221194096,High Value,High Value,1.0
Harsha Pardasani,https://www.instagram.com/harsha_pardasani?igsh=MTRxMXcxNnc1Y3p6Mg==,harsha_pardasani,88500,Micro,0.09,22100,17680.0,Female,,20000,10000.0,5000.0,,No,Mumbai,West,Fashion & Lifestyle,3.0,251.09855618330192,Low Value,Low Value,0.03
Kimmi Kuki,https://www.instagram.com/kimmikhongsai/,kimmikhongsai,88000,Micro,6.04,59000,47200.0,Female,,15000,4000.0,6000.0,,No,Meghalaya,Northeast,Fashion & Lifestyle,3.0,2.822095123419627,High Value,High Value,0.938
Sumit,https://www.instagram.com/sumitsourav_official/,sumitsourav_official,87900,Micro,1.69,10548,8438.0,Male,,150000,90000.0,60000.0,,No,Delhi NCR,North,Comedy,3.0,100.97542258214351,Low Value,Low Value,0.0
_dona_de,https://www.instagram.com/_dona_de,_dona_de,87555,Micro,10.25,59350,47480.0,Male,,40000,10000.0,7000.0,,No,Mumbai,West,Fashion & Lifestyle,3.0,4.45712868984095,High Value,High Value,1.0
aalibfazal,https://www.instagram.com/aalibfazal/,aalibfazal,87300,Micro,4.92,1000000,800000.0,Female,,35000,10000.0,7000.0,,No,Bangalore,South,Fashion & Lifestyle,3.0,8.148706916622432,High Value,Medium Value,0.411
Khuci,https://www.instagram.com/khucy_nambrm/,khucy_nambrm,87000,Micro,2.19,59350,47480.0,Female,,15000,2500.0,1000.0,,No,Manipur,Northeast,Fashion & Lifestyle,3.0,7.872775940796725,High Value,Medium Value,0.411
Aman,https://www.instagram.com/theamansethi/,theamansethi,86900,Micro,4.18,57500,46000.0,Male,15000.0,1000000,400000.0,600000.0,0.6882,No,Mumbai,West,Beauty,3.0,275.2985612897187,Low Value,Low Value,0.0
Vardaan Malhan,https://www.instagram.com/vardaanmalhan/,vardaanmalhan,86800,Micro,1.38,551300,441040.0,Female,,700000,280000.0,420000.0,,Yes,Delhi NCR,North,Beauty,3.0,584.385226741468,Low Value,Low Value,0.0
Siddhant rai,https://www.instagram.com/siddhantraisikand,siddhantraisikand,86800,Micro,4.75,50146,40117.0,Male,47500.0,200000,75000.0,50000.0,0.947234076,No,Mumbai,West,Fashion & Lifestyle,3.0,48.50836769342712,Medium Value,Low Value,0.0
Durba Dey,https://www.instagram.com/durbadey14/,durbadey14,86000,Micro,21.74,56000,44800.0,Female,,25000,18000.0,1000.0,,No,West Bengal,East,Fashion & Lifestyle,3.0,1.3371558160929378,High Value,High Value,1.0
Sohini Sharma,https://instagram.com/stylewithsohu,stylewithsohu,85494,Micro,3.79,65500,52400.0,Female,5000.0,3000,700.0,1500.0,,No,Mumbai,West,Fashion & Lifestyle,3.0,0.9258623157557138,High Value,High Value,0.872
ruchikahissaria,https://www.instagram.com/ruchikahissaria,ruchikahissaria,85344,Micro,71.47,54300,43440.0,Male,,15000,10000.0,5000.0,,No,Delhi NCR,North,Fashion & Lifestyle,3.0,,,Not scored,
Ksenija Krstic,https://www.instagram.com/xendzoo,xendzoo,85272,Micro,2.64,47755,38204.0,Female,47500.0,250000,150000.0,100000.0,0.994660245,No,Delhi NCR,North,Comedy,3.0,111.05283058561977,Low Value,Low Value,0.0
Kunal Thakur,https://www.instagram.com/whokunalthakur/,whokunalthakur,85200,Micro,1.15,93900,75120.0,Male,,3500,8000.0,16000.0,,No,Delhi NCR,North,Fashion & Lifestyle,3.0,3.5721575831802412,High Value,High Value,0.872
Anuj,https://www.instagram.com/anujtyagi160523/,anujtyagi160523,85000,Micro,9.21,80000,64000.0,Male,47500.0,180000,90000.0,70000.0,0.59375,No,Mumbai,West,Beauty,3.0,22.99291051925656,Medium Value,High Value,0.516
akslyv,https://www.instagram.com/akslyv/reels/,akslyv,85000,Micro,1.19,54650,43720.0,Female,,20000,8000.0,3000.0,,No,Pune,West,Fashion & Lifestyle,3.0,19.77261492832427,Medium Value,Medium Value,0.411
Nisha Ahuja,https://www.instagram.com/nishh.ahuja/,nishh.ahuja,84500,Micro,1.75,49100,39280.0,Female,,70000,35000.0,15000.0,,No,Hyderabad,South,Beauty,3.0,47.337278106508876,Medium Value,Medium Value,0.411
Ashif,https://www.instagram.com/ashifitt/,ashifitt,84000,Micro,4.56,51470,41176.0,Female,,1000000,400000.0,600000.0,,No,Hyderabad,South,Fashion & Lifestyle,3.0,261.06934001670845,Low Value,Low Value,0.0
Nikita Malik,https://www.instagram.com/nikitamalik/,nikitamalik,84000,Micro,1.7,8364,6691.0,Female,,200000,80000.0,120000.0,,No,Delhi NCR,North,Fashion & Lifestyle,3.0,140.0560224089636,Low Value,Low Value,0.0
Ana Tamang,https://www.instagram.com/ana_tamang_/,ana_tamang_,84000,Micro,1.02,54300,43440.0,Female,,60000,18000.0,15000.0,,No,West Bengal,East,Beauty,3.0,70.0280112044818,Low Value,Low Value,0.024
Vikas,https://www.instagram.com/kovaifoodvlog?igsh=MWw5bGQ5ZXBxMHRyOA==,kovaifoodvlog,84000,Micro,1.75,54300,43440.0,Female,2500.0,10000,7500.0,5000.0,,No,Delhi NCR,North,Beauty,3.0,6.802721088435374,High Value,Medium Value,0.411
Ikisvon Jamang,https://www.instagram.com/ikisvon/,ikisvon,83906,Micro,15.3,55000,44000.0,Female,,150000,60000.0,90000.0,,No,Delhi NCR,North,Entertainment,3.0,11.684410612622996,High Value,High Value,0.516
Madhur Rajput,https://www.instagram.com/madhur.rajputt/,madhur.rajputt,83800,Micro,40.95,85955,68764.0,Male,,25000,,,,No,Mumbai,West,Beauty,3.0,0.7285210149171962,High Value,High Value,1.0
Divyanshi Tripathi,https://www.instagram.com/divyanshitripathii?igsh=bDR5aHdmdnZydm42,divyanshitripathii,83700,Micro,0.53,13900,11120.0,Female,,50000,25000.0,45000.0,,No,Chennai,South,Beauty,3.0,112.71161605915105,Low Value,Low Value,0.024
Rajasthaniladoo,https://www.instagram.com/rajasthaniladoo,rajasthaniladoo,83400,Micro,7.32,30000,24000.0,Male,3000.0,12000,,,0.087173166,No,Mumbai,West,Fashion & Lifestyle,3.0,1.9656406022722805,High Value,High Value,1.0
shtjjz,https://www.instagram.com/shtjjz/,shtjjz,83000,Micro,14.53,55000,44000.0,Male,,80000,60000.0,20000.0,,No,Delhi NCR,North,Entertainment,3.0,6.633554175407756,High Value,High Value,0.516
Sanjeevani,https://www.instagram.com/thatpinterestgirl.__/?hl=en,thatpinterestgirl.__,83000,Micro,3.83,55000,44000.0,Female,15000.0,45000,30000.0,20000.0,1.0,No,Mumbai,West,Fashion & Lifestyle,3.0,14.155840070464626,Medium Value,Medium Value,0.411
Bhumi Bhavsar,https://www.instagram.com/bhumi_bhavsar_12/,bhumi_bhavsar_12,82700,Micro,5.68,250000,200000.0,Male,15000.0,50000,3500.0,3000.0,,No,Pune,West,Entertainment,3.0,10.644276785258104,High Value,High Value,0.938
Renuka kriplani,https://www.instagram.com/renukakirpalani/,renukakirpalani,82700,Micro,2.2,23200,18560.0,Female,,15000,5000.0,5000.0,,No,Assam,Northeast,Travel,3.0,8.244476200945366,High Value,Medium Value,0.411
rude.rii,https://www.instagram.com/rude.rii/,rude.rii,82000,Micro,7.14,74000,59200.0,Male,20000.0,70000,,,,No,Mumbai,West,Comedy,3.0,11.956001912960305,High Value,High Value,0.516
Lisha Jain,https://www.instagram.com/lisha.jainn?igsh=MTdlbnN3Ym8yZTV2dg==,lisha.jainn,81700,Micro,1.08,70300,56240.0,Female,,60000,15000.0,10000.0,,No,Delhi NCR,North,Beauty,3.0,67.99945600435197,Low Value,Medium Value,0.411
Esha Shetty,https://www.instagram.com/esha_shetty?igsh=cG02eXB3N3g3bHcw,esha_shetty,81600,Micro,5.97,137700,110160.0,Female,8000.0,70000,10000.0,10000.0,,No,Mumbai,West,Beauty,3.0,14.369231779814102,Medium Value,High Value,0.516
Akash Sahu,https://www.instagram.com/akaashh12_/,akaashh12_,81600,Micro,5.2,42660,34128.0,Male,10000.0,25000,,7500.0,,No,Chhattisgarh,Central,Finance,3.0,5.891779788838613,High Value,Medium Value,0.411
Reshma,https://instagram.com/reshmafitness,reshmafitness,81439,Micro,4.44,48900,39120.0,Female,47500.0,120000,72000.0,48000.0,0.971370143,No,Delhi NCR,North,Comedy,3.0,33.186835578809934,Medium Value,Medium Value,0.411
Pria Sethi,https://www.instagram.com/jhalli_bypriasethi/,jhalli_bypriasethi,81300,Micro,2.45,67000,53600.0,Female,4000.0,20000,12000.0,6000.0,,No,Mumbai,West,Fashion & Lifestyle,3.0,10.04091673569797,High Value,Medium Value,0.411
Teesha,https://www.instagram.com/_teeshha_/,_teeshha_,81263,Micro,5.2,56000,47600.0,Female,15000.0,150000,90000.0,60000.0,0.535714286,No,Pune,West,Comedy,3.0,35.497279015239215,Medium Value,Low Value,0.0
Bhavya Krishnan,https://www.instagram.com/bhavyaa.krishnan?igsh=MnVlcHh4a2QwNHdx,bhavyaa.krishnan,81100,Micro,1.0,54000,43200.0,Male,,85000,,,,No,Mumbai,West,Entertainment,3.0,104.80887792848335,Low Value,Low Value,0.024
Aanya,https://www.instagram.com/aanyasgurung/,aanyasgurung,81000,Micro,1.36,54000,43200.0,Female,,25000,2000.0,4000.0,,No,West Bengal,East,Fashion & Lifestyle,3.0,22.694262890341317,Medium Value,Medium Value,0.411
Abhijeet Singh,https://www.instagram.com/bixiopofficial/,bixiopofficial,80600,Micro,2.27,178000,142400.0,Female,6000.0,15000,5000.0,4000.0,,No,West Bengal,East,Fashion & Lifestyle,3.0,8.198423716400127,High Value,Medium Value,0.411
???K??,https://www.instagram.com/smokie2op/,smokie2op,80300,Micro,3.92,33800,27040.0,Female,,15000,5000.0,5000.0,,No,Mumbai,West,Fashion & Lifestyle,3.0,4.7652934149998725,High Value,Medium Value,0.411
Mint,https://instagram.com/mintxque.__?igshid=MzRlODBiNWFlZA==,mintxque.__,79200,Micro,2.0,55000,44000.0,Female,,20000,20000.0,40000.0,,No,Delhi NCR,North,Fashion & Lifestyle,3.0,12.626262626262626,High Value,Medium Value,0.411
Ashna Suri,https://www.instagram.com/ashnasuri1/,ashnasuri1,79000,Micro,6.0,54140,43312.0,Male,,50000,40000.0,30000.0,,No,Delhi NCR,North,Fashion & Lifestyle,3.0,10.548523206751055,High Value,High Value,0.938
Kanav,https://instagram.com/getfitwithkanav,getfitwithkanav,78151,Micro,4.36,45100,36080.0,Male,45000.0,35000,15000.0,7000.0,0.997782705,No,Mumbai,West,Fashion & Lifestyle,3.0,10.271810899130932,High Value,Medium Value,0.411
Sharmaji Invests,https://www.instagram.com/sharmajiinvests/,sharmajiinvests,78000,Micro,2.0,35000,28000.0,Female,25000.0,55000,10000.0,20000.0,,No,Delhi NCR,North,Finance,3.0,35.256410256410255,Medium Value,Medium Value,0.411
Geetanjali Singh,https://www.instagram.com/geetanjalisinghofficial?igsh=OGs2bGt6ejg2a2Nx,geetanjalisinghofficial,77800,Micro,3.67,33000,26400.0,Female,,45000,35000.0,25000.0,,No,Delhi NCR,North,Fashion & Lifestyle,3.0,15.760386094436232,Medium Value,Medium Value,0.411
Ann Saleem,https://www.instagram.com/saleem_bhaai/reels/,saleem_bhaai,77423,Micro,5.02,76000,64600.0,Female,,25000,,,0.394736842,No,Kochi,South,Beauty,3.0,6.432300067518568,High Value,Medium Value,0.411
Diya Bafna,https://www.instagram.com/petite.fashionistaa/,petite.fashionistaa,77300,Micro,14.57,54000,43200.0,Female,15000.0,25000,5000.0,35000.0,,No,Pune,West,Fashion & Lifestyle,3.0,2.2197341468806964,High Value,High Value,1.0
that.shopping.addict,https://www.instagram.com/that.shopping.addict,that.shopping.addict,77224,Micro,1.07,53000,42400.0,Female,,15000,,,,No,Ahmedabad,West,Fashion & Lifestyle,3.0,18.153283420678864,Medium Value,Medium Value,0.411
Onen Nenty,https://www.instagram.com/onen_nenty_vlogs_/,onen_nenty_vlogs_,77000,Micro,2.95,54000,43200.0,Female,,30000,,,,No,Nagaland,Northeast,Beauty,3.0,13.207131851199648,High Value,Medium Value,0.411
kusumgrover05,https://www.instagram.com/kusumgrover05/reels/,kusumgrover05,76577,Micro,64.48,54000,43200.0,Female,2500.0,7000,5000.0,4000.0,,No,Mumbai,West,Beauty,3.0,,,Not scored,
Vijay,https://www.instagram.com/the_pondicherry_foodie/,the_pondicherry_foodie,76439,Micro,1.74,53000,42400.0,Female,2000.0,30000,4000.0,6000.0,,No,Bhopal,Central,Beauty,3.0,22.555736352313385,Medium Value,Medium Value,0.411
Sarahana Shanker,https://www.instagram.com/sarashan_/?hl=en,sarashan_,76100,Micro,7.35,79800,63840.0,Female,,85000,50000.0,30000.0,,No,Kerala,South,Beauty,3.0,15.196617411747878,Medium Value,High Value,0.516
Sanjana Tomar,https://www.instagram.com/sanjana_tomar13/,sanjana_tomar13,76100,Micro,0.7,2300,1840.0,Female,,35000,25000.0,30000.0,,No,Goa,West,Beauty,3.0,65.70302233902758,Low Value,Medium Value,0.06
Adlina Angelo,https://www.instagram.com/adlinaangelo/,adlinaangelo,76000,Micro,0.43,6400,5120.0,Female,,28000,9000.0,7000.0,,No,Goa,West,Beauty,3.0,85.67931456548348,Low Value,Low Value,0.0
Bhairavi Ravindra Pawar,https://instagram.com/bhairavii15,bhairavii15,75800,Micro,1.12,14500,11600.0,Female,50000.0,12000,,3000.0,0.396394397,No,Mumbai,West,Beauty,3.0,14.13494157557482,Medium Value,Medium Value,0.411
Sharayu Manjarekar,https://www.instagram.com/sharayu_manjarekar,sharayu_manjarekar,75400,Micro,8.47,177000,141600.0,Female,,100000,60000.0,40000.0,,No,Kochi,South,Fashion & Lifestyle,3.0,15.658322868354215,Medium Value,High Value,0.516
Urjita,https://www.instagram.com/urjitawani/,urjitawani,75000,Micro,1.73,9000,7200.0,Female,,50000,30000.0,20000.0,,No,Delhi NCR,North,Comedy,3.0,38.53564547206166,Medium Value,Medium Value,0.411
Premala,https://www.instagram.com/premalamgade,premalamgade,75000,Micro,2.64,51000,40800.0,Female,,20000,,,,No,Mumbai,West,Comedy,3.0,10.1010101010101,High Value,Medium Value,0.411
Devansh Rai,https://www.instagram.com/180000/,180000,74799,Micro,5.45,52000,41600.0,Female,,9000,5000.0,2000.0,,Yes,Mumbai,West,Beauty,3.0,2.20775163677187,High Value,High Value,0.938
Mahek Shah,https://www.instagram.com/the.hungry.bee,the.hungry.bee,74500,Micro,8.75,20000,16000.0,Male,4000.0,12000,4000.0,2000.0,,No,Bangalore,South,Fashion & Lifestyle,3.0,1.840843720038351,High Value,High Value,1.0
Ishita Dharnidharka,https://www.instagram.com/dharnidh/,dharnidh,74100,Micro,2.56,9677,7742.0,Female,,35000,20000.0,0.0,,No,Mumbai,West,Beauty,3.0,18.450573549257758,Medium Value,Medium Value,0.411
dumpdiyaa,https://www.instagram.com/dumpdiyaa,dumpdiyaa,73811,Micro,1.56,50000,40000.0,Female,1000.0,18000,7000.0,1000.0,,No,Mumbai,West,Beauty,3.0,15.632441693597888,Medium Value,Medium Value,0.411
Himanshu,https://www.instagram.com/share/p/BAM6vkRtay,share,73800,Micro,2.01,24500,19600.0,Male,15000.0,40000,500.0,500.0,,No,Bangalore,South,Travel,3.0,26.965443783791077,Medium Value,Medium Value,0.411
Sudiksha Regmi,https://www.instagram.com/sudiksha_regmi?igsh=MTFpdnR2bHhjMW1pbw==,sudiksha_regmi,73700,Micro,6.2,50000,40000.0,Male,150000.0,650000,400000.0,50000.0,,No,West Bengal,East,Fashion & Lifestyle,3.0,142.25062371427322,Low Value,Low Value,0.0
Nainaz Irani,https://www.instagram.com/nainazirani?igsh=MWZ4ZmgzcTk2cDFwYQ%3D%3D,nainazirani,73600,Micro,1.11,23924,19139.0,Female,2000.0,10000,3000.0,2000.0,,No,Chennai,South,Beauty,3.0,12.240501370936153,High Value,Medium Value,0.411
Varnika Keswani,https://www.instagram.com/varnika_keswani/,varnika_keswani,73500,Micro,2.2,49795,39836.0,Female,30000.0,90000,45000.0,30000.0,,No,Mumbai,West,Fashion & Lifestyle,3.0,55.65862708719852,Medium Value,Medium Value,0.411
Sahil Khan,https://instagram.com/fitwithvshu,fitwithvshu,73446,Micro,4.45,77502,62002.0,Male,45000.0,40000,,35000.0,0.580630177,No,Delhi NCR,North,Technology,3.0,12.238602571881136,High Value,Medium Value,0.411
Viraj Tondwalkar,https://www.instagram.com/viraj_tondwalkar/,viraj_tondwalkar,72798,Micro,1.12,9084,7267.0,Male,,100000,60000.0,40000.0,,No,Mumbai,West,Comedy,3.0,122.64858139744811,Low Value,Medium Value,0.411
bhartijainx,https://www.instagram.com/bhartijainx,bhartijainx,72765,Micro,17.56,23200,18560.0,Female,,45000,10000.0,5000.0,,No,Delhi NCR,North,Beauty,3.0,3.5218063203744947,High Value,High Value,1.0
Kaif & Zeeshan,https://www.instagram.com/noistech/,noistech,72400,Micro,2.61,29260,23408.0,Female,1500.0,28000,5000.0,10000.0,,No,Delhi NCR,North,Fitness,3.0,14.8176372219047,Medium Value,Medium Value,0.411
Aarav Khanna,https://www.instagram.com//aarxvvv__/,aarxvvv__,72100,Micro,18.87,205030,164024.0,Female,,180000,60000.0,50000.0,,No,Delhi NCR,North,Music,3.0,13.230167427768798,High Value,High Value,0.516
Tech Bro,https://www.instagram.com/techbrooooo/,techbrooooo,72000,Micro,2.17,22000,17600.0,Female,,60000,40000.0,8000.0,,No,Mumbai,West,Beauty,3.0,38.40245775729647,Medium Value,Medium Value,0.411
ritualsbyreeshi,https://www.instagram.com/ritualsbyreeshi,ritualsbyreeshi,71592,Micro,61.98,45000,36000.0,Female,,21000,4000.0,9000.0,,No,Meghalaya,Northeast,Beauty,3.0,,,Not scored,
Annie,https://www.instagram.com/flex_with_annie?igsh=MTc3cncxM3NydGxxdA==,flex_with_annie,71200,Micro,3.91,45000,32000.0,Female,45000.0,50000,10000.0,5000.0,1.0,No,Delhi NCR,North,Fashion & Lifestyle,3.0,17.960286215121123,Medium Value,Medium Value,0.411
zainanwarrr,https://www.instagram.com/zainanwarrr/,zainanwarrr,71000,Micro,2.65,45000,36000.0,Female,,60000,40000.0,30000.0,,Yes,Delhi NCR,North,Fashion & Lifestyle,3.0,31.889449906989103,Medium Value,Medium Value,0.411
Paras Atal,https://www.instagram.com/i.amparas/,i.amparas,70900,Micro,8.54,308300,246640.0,Female,,15000,,,,No,Delhi NCR,North,Fashion & Lifestyle,3.0,2.4773487743729836,High Value,High Value,1.0
Ayush Tuteja,https://www.instagram.com/ayushtuteja_/,ayushtuteja_,70400,Micro,8.53,1036150,828920.0,Male,,35000,5000.0,5000.0,,No,Delhi NCR,North,Entertainment,3.0,5.828359799637643,High Value,High Value,1.0
Anmol Yadav,https://www.instagram.com/theaspiringhooman/,theaspiringhooman,70400,Micro,0.9,4800,3840.0,Female,7000.0,20000,12000.0,5000.0,,No,Delhi NCR,North,Fashion & Lifestyle,3.0,31.565656565656564,Medium Value,Medium Value,0.06
Lahari Paricharla,https://www.instagram.com/lahariparicharla/,lahariparicharla,70200,Micro,0.69,43320,34656.0,Female,2000.0,75000,3000.0,3000.0,,No,Hyderabad,South,Beauty,3.0,154.8371113588505,Low Value,Low Value,0.024
True Talks,https://www.instagram.com/true_talks8/reels/,true_talks8,70000,Micro,8.52,43320,34656.0,Female,80000.0,50000,5000.0,4000.0,,No,Delhi NCR,North,Travel,3.0,8.383635144198525,High Value,High Value,1.0
maanya.saxena,https://www.instagram.com/maanya.saxena?igsh=MW1qcXFsZWZwMzNkdw==,maanya.saxena,70000,Micro,1.51,43320,34656.0,Male,2000.0,35000,1500.0,,,No,Jaipur,West,Comedy,3.0,33.11258278145695,Medium Value,Medium Value,0.411
Rasna,https://www.instagram.com/rasna.bharadwaj/,rasna.bharadwaj,70000,Micro,3.2,43320,34656.0,Female,50000.0,20000,7000.0,7000.0,0.294117647,No,Assam,Northeast,Beauty,3.0,8.928571428571429,High Value,Medium Value,0.411
Kirti Agarwal,https://www.instagram.com/kirti_agarwal14?igsh=ODNkbjQ5MzlhaHFs,kirti_agarwal14,69800,Micro,5.1,80000,64000.0,Male,,20000,5000.0,5000.0,,No,Delhi NCR,North,Fashion & Lifestyle,3.0,5.6182931625372206,High Value,Medium Value,0.411
Aman Chotani,https://www.instagram.com/aman_chotani/,aman_chotani,69700,Micro,1.06,5000,4000.0,Female,,12000,6000.0,3000.0,,No,Delhi NCR,North,Beauty,3.0,16.242115806285696,Medium Value,Medium Value,0.411
Himashu,https://www.instagram.com/himmu_pvt08,himmu_pvt08,69657,Micro,2.51,47762,38209.6,Male,40000.0,15000,10000.0,5000.0,0.837485867,No,Bihar,East,Fashion & Lifestyle,3.0,8.579318112364703,High Value,Medium Value,0.411
subhavna__,https://www.instagram.com/subhavna__/,subhavna__,69600,Micro,2.0,60000,48000.0,Female,,75000,60000.0,75000.0,,No,Bangalore,South,Fashion & Lifestyle,3.0,53.87931034482759,Medium Value,Medium Value,0.411
krutikasakharkar,https://www.instagram.com/krutikasakharkar,krutikasakharkar,69038,Micro,3.71,41682,33346.0,Female,1500.0,18000,12000.0,5000.0,,No,Mumbai,West,Fashion & Lifestyle,3.0,7.027654366527626,High Value,Medium Value,0.411
Akshay,https://www.instagram.com/akshaythakkar_,akshaythakkar_,69000,Micro,2.6,8000,6400.0,Male,2500.0,5000,1500.0,,,No,Delhi NCR,North,Fashion & Lifestyle,3.0,2.787068004459309,High Value,High Value,0.872
Taruna Manoj,https://www.instagram.com/tarunamotwani,tarunamotwani,68986,Micro,0.67,25000,20000.0,Female,4000.0,45000,15000.0,7000.0,,No,Ahmedabad,West,Food,3.0,97.35914403571392,Low Value,Low Value,0.024
Sneha,https://www.instagram.com/paper_pencil_doodles/,paper_pencil_doodles,68635,Micro,0.6,256320,205056.0,Male,,20000,15000.0,30000.0,,No,Hyderabad,South,Entertainment,3.0,48.56608630193536,Medium Value,Medium Value,0.06
Ananya Dutta,https://instagram.com/foodalley_india,foodalley_india,67959,Micro,0.68,42700,34160.0,Female,,10000,6000.0,8000.0,,No,Hyderabad,South,Fashion & Lifestyle,3.0,21.639344829884454,Medium Value,Medium Value,0.06
Sanimar,https://www.instagram.com/beautywithsanimar?igsh=ZTB4dXBmZDFhem1l,beautywithsanimar,67800,Micro,8.32,42700,34160.0,Female,,50000,,,,No,Delhi NCR,North,Beauty,3.0,8.863739505332425,High Value,High Value,1.0
Juhili,https://www.instagram.com/juhilidj/,juhilidj,67463,Micro,7.87,43710,34968.0,Female,,25000,,,,No,Mumbai,West,Fashion & Lifestyle,3.0,4.708684873543841,High Value,High Value,1.0
Nyra Dua,https://www.instagram.com/nyradua?igsh=MWdnOXd3anRkaDJ3NQ%3D%3D&utm_source=qr,nyradua,67219,Micro,3.25,52000,44200.0,Female,,400000,160000.0,240000.0,0.576923077,No,Delhi NCR,North,Fashion & Lifestyle,3.0,183.09841425329608,Low Value,Low Value,0.0
Bipasha Sarkar,https://www.instagram.com/that_duskygirl_,that_duskygirl_,67100,Micro,2.7,8000,6800.0,Male,,300000,120000.0,180000.0,3.75,No,Assam,Northeast,Entertainment,3.0,165.59032952475576,Low Value,Low Value,0.0
Shivangi Sah,https://www.instagram.com/shivangi.sah/,shivangi.sah,67000,Micro,1.75,42658,34126.0,Female,150000.0,700000,550000.0,100000.0,,No,Delhi NCR,North,Beauty,3.0,597.0149253731344,Low Value,Low Value,0.0
Mrinalini,https://www.instagram.com/makeupbymrinalini/,makeupbymrinalini,66900,Micro,4.07,200000,160000.0,Female,,1200000,480000.0,720000.0,,No,Delhi NCR,North,Entertainment,3.0,440.7179295071672,Low Value,Low Value,0.0
Shravan Kshirsagar,https://www.instagram.com/shravan1kshirsagar/,shravan1kshirsagar,66773,Micro,36.83,8124,6499.0,Male,,90000,54000.0,36000.0,,No,Mumbai,West,Comedy,3.0,3.6596529431565346,High Value,High Value,0.516
Rajat,https://www.instagram.com/liars__fc_/,liars__fc_,66700,Micro,5.15,65000,52000.0,Female,3000.0,300000,120000.0,180000.0,,Yes,West Bengal,East,Entertainment,3.0,87.334973290054,Low Value,Low Value,0.0
Sneha khan,https://instagram.com/iamsnehakhan?igshid=OGQ5ZDc2ODk2ZA%3D%3D&utm_source=qr,iamsnehakhan,66600,Micro,0.41,15700,12560.0,Female,1000.0,30000,15000.0,7500.0,0.065440144,No,West Bengal,East,Beauty,3.0,109.8659635245001,Low Value,Low Value,0.0
Exihibit,https://www.instagram.com/exhibit.19?,exhibit.19,66500,Micro,10.2,500000,400000.0,Male,,200000,80000.0,120000.0,,No,Kochi,South,Fashion & Lifestyle,3.0,29.48547840188707,Medium Value,High Value,0.516
Raina Solanki,https://www.instagram.com/forzagirlraina,forzagirlraina,66100,Micro,3.5,46550,37240.0,Female,40000.0,500000,200000.0,300000.0,1.0,No,Delhi NCR,North,Fashion & Lifestyle,3.0,216.12275772638858,Low Value,Low Value,0.0
Vineet Solanki,https://www.instagram.com/vineetsolanki/,vineetsolanki,66000,Micro,8.95,47790,38232.0,Female,,1200000,720000.0,480000.0,,No,Delhi NCR,North,Comedy,3.0,203.14880650076182,Low Value,Low Value,0.0
Akanksha Deshmukh,https://www.instagram.com/akankshahahahaha_/,akankshahahahaha_,66000,Micro,1.77,43320,34656.0,Female,,500000,200000.0,300000.0,,No,Pune,West,Beauty,3.0,428.00890258517376,Low Value,Low Value,0.0
Anubhav Sharma,https://www.instagram.com/anubhavv_5/,anubhavv_5,66000,Micro,1.54,56210,44968.0,Male,,200000,120000.0,80000.0,,No,Jaipur,West,Comedy,3.0,196.77292404565134,Low Value,Low Value,0.0
Geyin Miyu,https://www.instagram.com/geyin_miyu/,geyin_miyu,66000,Micro,2.42,43320,34656.0,Female,,25000,,,,No,Delhi NCR,North,Beauty,3.0,15.652391685449537,Medium Value,Medium Value,0.411
srishti_sambrani,https://www.instagram.com/srishti_sambrani?igsh=ODZkZGVyeDNmaWd5,srishti_sambrani,66000,Micro,0.79,870000,696000.0,Female,3000.0,13000,7000.0,3000.0,,No,Mumbai,West,Beauty,3.0,24.932873034138858,Medium Value,Medium Value,0.06
Pratishtha Singh,https://www.instagram.com/its_pratishthasingh,its_pratishthasingh,65804,Micro,5.14,33655,26924.0,Female,40000.0,250000,1000.0,1000.0,0.841375,No,Delhi NCR,North,Technology,3.0,73.91364095757073,Low Value,Low Value,0.0
Aanchal,https://www.instagram.com/aanchaludavantt?igsh=bDQ1c3dkYWNmMnZy&utm_source=qr,aanchaludavantt,65800,Micro,0.24,16500,13200.0,Female,1500.0,5000,3000.0,2000.0,,No,Mumbai,West,Beauty,3.0,31.66160081053698,Medium Value,Low Value,0.03
Runremthangi Remremi,https://www.instagram.com/rem_remi26/,rem_remi26,65325,Micro,1.35,42700,34160.0,Female,,15000,,,,No,Mumbai,West,Fashion & Lifestyle,3.0,17.00897223285283,Medium Value,Medium Value,0.411
Ilma Malik,https://www.instagram.com/___ilma_malik___?igsh=MTd5aThlb2YwajB0eg==,___ilma_malik___,65300,Micro,4.5,200000,160000.0,Female,8000.0,400000,160000.0,240000.0,,No,Delhi NCR,North,Entertainment,3.0,136.123872724179,Low Value,Low Value,0.0
Vishakha Rajani,https://www.instagram.com/phoolfilledvish?igsh=eW1yYXp0bXprd3Mw,phoolfilledvish,65300,Micro,1.57,38300,30640.0,Female,2000.0,15000,3000.0,,,No,Delhi NCR,North,Fashion & Lifestyle,3.0,14.631148740258093,Medium Value,Medium Value,0.411
Shivani kumra,https://www.instagram.com/shivanikumrafitness,shivanikumrafitness,65224,Micro,3.95,34662,27729.6,Female,40000.0,875000,500000.0,400000.0,0.86655,No,Mumbai,West,Entertainment,3.0,339.6280316168468,Low Value,Low Value,0.0
Prerna Agarwal,https://www.instagram.com/blogwithmshighheels/,blogwithmshighheels,65200,Micro,0.89,2200,1760.0,Female,,25000,15000.0,5000.0,,No,Mumbai,West,Fitness,3.0,43.082649755290554,Medium Value,Medium Value,0.06
Tvisha Tuil,https://www.instagram.com/socho.abhi/,socho.abhi,65100,Micro,66.59,40000,32000.0,Female,15000.0,40000,400.0,15000.0,,No,Delhi NCR,North,Business & Marketing,3.0,,,Not scored,
Kritika chawla,https://instagram.com/kritika_fitness_evolution,kritika_fitness_evolution,65011,Micro,4.78,57544,46035.0,Female,40000.0,5000,3500.0,3500.0,0.695120256,No,Mumbai,West,Fashion & Lifestyle,3.0,1.608997099879267,High Value,High Value,0.872
Shivani Sharma,https://www.instagram.com/thatssoshivani?igsh=MXBoN2E0N3hqdmxqYg==,thatssoshivani,65000,Micro,10.0,42658,34126.0,Female,400000.0,1400000,800000.0,300000.0,,No,Mumbai,West,Fashion & Lifestyle,3.0,215.3846153846154,Low Value,Low Value,0.0
Divy Chheda,https://www.instagram.com/doitrightbydiv/,doitrightbydiv,65000,Micro,1.17,42658,34126.0,Female,,700000,280000.0,420000.0,,No,Mumbai,West,Beauty,3.0,920.4470742932282,Low Value,Low Value,0.0
Hitakshi Chatterjee,https://www.instagram.com/baeofbengol?igsh=MXF4Ym84a2h3ajYxMA==,baeofbengol,64900,Micro,0.59,16200,12960.0,Female,50000.0,48000,8000.0,15000.0,0.416562526,No,Pune,West,Beauty,3.0,125.35582774020004,Low Value,Low Value,0.024
Karishma Samat,https://www.instagram.com/karishmasamat/,karishmasamat,64800,Micro,0.28,9900,7920.0,Female,1000.0,50000,30000.0,20000.0,,No,Mumbai,West,Comedy,3.0,275.5731922398589,Low Value,Low Value,0.0
pia_reang,https://www.instagram.com/pia_reang?utm_source=ig_web_button_share_sheet&igsh=ZDNlZDc0MzIxNw==,pia_reang,64000,Micro,3.26,50000,40000.0,Female,500000.0,400000,18000.0,8000.0,,No,Bangalore,South,Fashion & Lifestyle,3.0,191.71779141104292,Low Value,Low Value,0.0
challamiwaka,https://www.instagram.com/challamiwaka/reels/,challamiwaka,64000,Micro,1.88,42000,33600.0,Female,,25000,,,,No,Meghalaya,Northeast,Fashion & Lifestyle,3.0,20.777925531914892,Medium Value,Medium Value,0.411
Meenal Shukla,https://www.instagram.com/meenal_shukla8/,meenal_shukla8,63900,Micro,4.03,42617,34094.0,Female,40000.0,400000,300000.0,200000.0,0.93859258,No,Delhi NCR,North,Comedy,3.0,155.32955105876505,Low Value,Low Value,0.0
Rehan,https://www.instagram.com/alpha.rehan_/,alpha.rehan_,63600,Micro,2.55,12400,9920.0,Male,15000.0,45000,2000.0,8000.0,,No,Mumbai,West,Finance,3.0,27.74694783573807,Medium Value,Medium Value,0.411
Palak Ghose,https://www.instagram.com/healthfulwithpalak?igsh=NG56a3VyNjZpcmVo,healthfulwithpalak,63500,Micro,0.54,13100,10480.0,Female,,50000,40000.0,15000.0,,No,Delhi NCR,North,Beauty,3.0,145.8151064450277,Low Value,Low Value,0.024
Varun,https://www.instagram.com/varuntalwalkar?igsh=c294dXcwYWxyZ3lk,varuntalwalkar,63400,Micro,9.11,1000000,800000.0,Male,40000.0,6000,4000.0,3000.0,0.04,No,Mumbai,West,Fashion & Lifestyle,3.0,1.03882792507973,High Value,High Value,1.0
CHIRAG BAJAJ,https://www.instagram.com/ogexplains/,ogexplains,63200,Micro,12.52,284900,227920.0,Male,5000.0,18000,,,,No,Meghalaya,Northeast,Fashion & Lifestyle,3.0,2.274841266631617,High Value,High Value,1.0
Diom,https://www.instagram.com/_notdiomm_/,_notdiomm_,63000,Micro,5.4,1200000,960000.0,Female,1500.0,800000,320000.0,480000.0,,Yes,Mumbai,West,Fashion & Lifestyle,3.0,235.15579071134627,Low Value,Low Value,0.0
Jamshedpuriya,https://www.instagram.com/jamshedpuriya__?utm_source=ig_web_button_share_sheet&igsh=ZDNlZDc0MzIxNw==,jamshedpuriya__,63000,Micro,0.53,42617,34094.0,Male,,20000,8000.0,30000.0,,No,Jamshedpur,East,Fashion & Lifestyle,3.0,59.89817310572028,Low Value,Medium Value,0.06
Ashwin,https://www.instagram.com/ashwindadlani1509/reels/,ashwindadlani1509,62631,Micro,4.15,34658,27726.4,Male,40000.0,700000,600000.0,250000.0,0.86645,No,Mumbai,West,Fashion & Lifestyle,3.0,269.315033761525,Low Value,Low Value,0.0
Tirupur food & vlogs,https://www.instagram.com/tirupur_foodie/,tirupur_foodie,62619,Micro,2.03,44100,35280.0,Female,,6000,3000.0,2500.0,,No,Delhi NCR,North,Beauty,3.0,4.720077012776541,High Value,High Value,0.872
Aditya,https://www.instagram.com/adityacomedy/,adityacomedy,62500,Micro,5.5,7500,6000.0,Male,,100000,60000.0,40000.0,,No,J & K,North,Comedy,3.0,29.09090909090909,Medium Value,High Value,0.516
Kunal Bhatia,https://www.instagram.com/studio.kunalbhatia/,studio.kunalbhatia,62400,Micro,1.45,13000,10400.0,Female,50000.0,25000,25000.0,12000.0,0.317641827,No,Mumbai,West,Fashion & Lifestyle,3.0,27.630415561450047,Medium Value,Medium Value,0.411
Kajal Sharma,https://www.instagram.com/kajal_shar_ma_mat/,kajal_shar_ma_mat,62400,Micro,0.25,14100,11280.0,Female,1500.0,20000,10000.0,25000.0,,No,Mumbai,West,Beauty,3.0,128.2051282051282,Low Value,Low Value,0.03
The A2 Show,https://www.instagram.com/thea2show/,thea2show,62000,Micro,2.3,46550,37240.0,Female,60000.0,45000,,,,No,Mumbai,West,Beauty,3.0,31.55680224403927,Medium Value,Medium Value,0.411
Asune Rhakho,https://www.instagram.com/bits_of_enusa_/,bits_of_enusa_,62000,Micro,2.55,46550,37240.0,Female,,15000,,,,No,Nagaland,Northeast,Beauty,3.0,9.487666034155598,High Value,Medium Value,0.411
Aditi,https://www.instagram.com/aditi.jha_a,aditi.jha_a,61800,Micro,8.8,18000,15300.0,Male,100000.0,500000,300000.0,75000.0,0.545454546,Yes,Delhi NCR,North,Fashion & Lifestyle,3.0,91.93880553103855,Low Value,Low Value,0.0
Ishika Sahni,https://www.instagram.com/ishikasahnii/,ishikasahnii,61734,Micro,12.08,46630,37304.0,Female,,20000,,,,No,Delhi NCR,North,Beauty,3.0,2.681875690985272,High Value,High Value,1.0
Dishant Upadhyaya,https://instagram.com/hungryinsan,hungryinsan,61639,Micro,2.15,49311,39449.0,Male,800.0,4500,300.0,,0.909090909,No,Bangalore,South,Fashion & Lifestyle,3.0,3.3956152043575547,High Value,High Value,0.872
Jasmine,https://www.instagram.com/j4ryie/,j4ryie,61300,Micro,9.07,46630,37304.0,Female,10000.0,25000,,7500.0,,No,Mumbai,West,Finance,3.0,4.49647566237583,High Value,High Value,1.0
masterxanuj,https://www.instagram.com/masterxanuj/,masterxanuj,61200,Micro,1.58,45864,36691.0,Male,,12000,8000.0,5000.0,,No,Mumbai,West,Fashion & Lifestyle,3.0,12.410027302060064,High Value,Medium Value,0.411
Yuganshi,https://www.instagram.com/_yuganshiii/,_yuganshiii,61000,Micro,5.7,150000,120000.0,Female,1000.0,800000,320000.0,480000.0,0.030105393,No,Dehradun,North,Beauty,3.0,230.08340523439747,Low Value,Low Value,0.0
Srishty Saumya,https://www.instagram.com/srishtttyyy,srishtttyyy,61000,Micro,1.52,45000,36000.0,Female,,400000,160000.0,240000.0,,No,Hyderabad,South,Beauty,3.0,431.40638481449525,Low Value,Low Value,0.0
Nasa Rianchi Marak,https://www.instagram.com/bxbymonsta_/,bxbymonsta_,61000,Micro,1.51,45000,36000.0,Female,500.0,15000,1000.0,1000.0,,No,Meghalaya,Northeast,Beauty,3.0,16.284876777765714,Medium Value,Medium Value,0.411
Lichumbeni,https://www.instagram.com/lichum_hmt/,lichum_hmt,61000,Micro,1.46,45000,36000.0,Female,,15000,,,,No,Nagaland,Northeast,Fashion & Lifestyle,3.0,16.84257803727824,Medium Value,Medium Value,0.411
Vidhi,https://www.instagram.com/kiaras_diaries/,kiaras_diaries,60500,Micro,2.05,30000,24000.0,Female,500.0,12000,5000.0,2000.0,,No,Mumbai,West,Beauty,3.0,9.675468655513003,High Value,Medium Value,0.411
Vishaka Nirmalkar,https://www.instagram.com/vishaka.nirmalkar?igsh=MWpkYTlxcTB3amx4Nw==,vishaka.nirmalkar,60400,Micro,0.33,21300,17040.0,Female,1000.0,25000,7000.0,2000.0,,No,Bangalore,South,Beauty,3.0,125.42644992976119,Low Value,Low Value,0.0
Amy,https://instagram.com/amy_pal_6?utm_medium=copy_link,amy_pal_6,60300,Micro,6.58,40000,24000.0,Female,40000.0,850000,550000.0,200000.0,1.0,No,Bangalore,South,Entertainment,3.0,214.22774677776266,Low Value,Low Value,0.0
Rishav,https://www.instagram.com/_official_rishu1016,_official_rishu1016,60210,Micro,2.56,108020,86416.0,Male,40000.0,850000,400000.0,100000.0,0.370301796,No,J & K,North,Comedy,3.0,551.4553230360406,Low Value,Low Value,0.0
Riya Santosh,https://www.instagram.com/riya_santosh?igsh=N2pzcnl0bWM4amcz,riya_santosh,60000,Micro,45.4,45089,36071.0,Male,2000.0,300000,180000.0,120000.0,,No,Bangalore,South,Comedy,3.0,11.013215859030836,High Value,High Value,0.516
Ruppdaa,https://www.instagram.com/ruppdaa/,ruppdaa,60000,Micro,3.54,35000,43000.0,Female,35000.0,250000,150000.0,100000.0,1.0,No,Bangalore,South,Comedy,3.0,117.70244821092278,Low Value,Low Value,0.0
Rupali,https://www.instagram.com/rupalithestylecode?igsh=MTU3amFicDNsbWR1cA==,rupalithestylecode,60000,Micro,1.94,15800,12640.0,Female,,52000,8000.0,7000.0,,No,Delhi NCR,North,Beauty,3.0,44.67353951890034,Medium Value,Medium Value,0.411
Manisha sharma,https://www.instagram.com/fit.with.manni/,fit.with.manni,59700,Micro,3.69,865013,692010.0,Female,35000.0,400000,240000.0,160000.0,0.04046182,No,Delhi NCR,North,Comedy,3.0,181.57635512703538,Low Value,Low Value,0.0
Khushi,https://www.instagram.com/kushulifts/,kushulifts,59691,Micro,3.05,60000,48000.0,Female,35000.0,200000,80000.0,120000.0,0.583333333,No,Delhi NCR,North,Gaming,3.0,109.8553726555147,Low Value,Low Value,0.0
Suhani Sethi,https://www.instagram.com/suhanisethi_/,suhanisethi_,59600,Micro,4.98,71604,57283.0,Male,280000.0,200000,4000.0,3000.0,,No,Delhi NCR,North,Education,3.0,67.38362847362605,Low Value,Low Value,0.0
Dimpy Kaun,https://www.instagram.com/decor_by_dimpykaur?utm_source=ig_web_button_share_sheet&igsh=ZDNlZDc0MzIxNw==,decor_by_dimpykaur,59500,Micro,12.31,7700,6160.0,Male,200.0,500000,200000.0,300000.0,0.252495922,No,Delhi NCR,North,Fashion & Lifestyle,3.0,68.26451132849566,Low Value,Low Value,0.0
Prem Palhade,https://www.instagram.com/selfcarebyprem?igsh=MXN5emJkMDl3eHpnbA==,selfcarebyprem,59300,Micro,3.56,45000,36000.0,Male,,45000,,,,No,Pune,West,Beauty,3.0,21.31610360573735,Medium Value,Medium Value,0.411
Tanya Gupta,https://www.instagram.com/itanyagupta/,itanyagupta,58800,Micro,3.22,100000,85000.0,Male,,700000,420000.0,280000.0,0.545454546,No,Delhi NCR,North,Comedy,3.0,369.71310263235733,Low Value,Low Value,0.0
Tarun Vidhani,https://instagram.com/fintalkswithtarun?igshid=MzRlODBiNWFlZA==,fintalkswithtarun,58800,Micro,2.35,45000,36000.0,Male,10000.0,25000,300.0,7500.0,,No,Delhi NCR,North,Finance,3.0,18.092343320306846,Medium Value,Medium Value,0.411
Mohit Sharma,https://www.instagram.com/mohit_sharma_ind/,mohit_sharma_ind,58500,Micro,1.28,45000,36000.0,Male,10000.0,25000,,7500.0,,No,Mumbai,West,Finance,3.0,33.386752136752136,Medium Value,Medium Value,0.411
Himani Jangid,https://www.instagram.com/himanijangid20/,himanijangid20,58500,Micro,2.14,50000,40000.0,Male,,20000,,,,No,Mumbai,West,Beauty,3.0,15.975716910296349,Medium Value,Medium Value,0.411
Bhavika Daswani,https://www.instagram.com/ibhavikadaswani/,ibhavikadaswani,58500,Micro,0.93,12700,10160.0,Female,1000.0,15000,15000.0,7000.0,0.727855011,No,Mumbai,West,Beauty,3.0,27.570995312930798,Medium Value,Medium Value,0.06
Tanvi Chawla,https://www.instagram.com/_._tanvi/,_._tanvi,58300,Micro,1.19,103920,83136.0,Female,,200000,80000.0,120000.0,,No,Delhi NCR,North,Entertainment,3.0,288.27997751416177,Low Value,Low Value,0.0
Manoj kasyap,https://www.instagram.com/vlt.sentinel/,vlt.sentinel,58300,Micro,5.97,78800,63040.0,Female,,18000,5000.0,3500.0,,No,Delhi NCR,North,Fashion & Lifestyle,3.0,5.1716558780178765,High Value,High Value,0.938
Kartik modi,https://www.instagram.com/karrrtiiikkk/,karrrtiiikkk,58100,Micro,0.66,64780,51824.0,Female,,28000,7000.0,8000.0,,No,Mumbai,West,Fashion & Lifestyle,3.0,73.01935012778387,Low Value,Medium Value,0.06
Gaurvishika Dhing,https://www.instagram.com/ga.ur.vi/,ga.ur.vi,58054,Micro,3.94,45000,36000.0,Female,200000.0,650000,500000.0,100000.0,,No,Mumbai,West,Fashion & Lifestyle,3.0,284.1744225881767,Low Value,Low Value,0.0
Shilpa Arora,https://www.instagram.com/dr.shilpaarora,dr.shilpaarora,58000,Micro,2.51,45000,36000.0,Male,,45000,30000.0,10000.0,,No,Delhi NCR,North,Fashion & Lifestyle,3.0,30.910839401016624,Medium Value,Medium Value,0.411
Renuka,https://www.instagram.com/renyjanauti?igsh=aGY0MDdjMXA1NjQ5,renyjanauti,57700,Micro,32.33,1090000,872000.0,Female,,40000,3500.0,15000.0,,No,Mumbai,West,Beauty,3.0,2.144265082626575,High Value,High Value,1.0
Drishya Dinesh,https://www.instagram.com/dunduooo//,dunduooo,57300,Micro,4.41,270160,216128.0,Male,1000.0,800000,400000.0,80000.0,,No,Kerala,South,Comedy,3.0,316.5896957968761,Low Value,Low Value,0.0
Himanshi Udhwani,https://www.instagram.com/heyitshimanshiii/,heyitshimanshiii,57300,Micro,8.43,100000,80000.0,Female,150000.0,650000,400000.0,150000.0,,No,Jaipur,West,Beauty,3.0,134.56470388519352,Low Value,Low Value,0.0
Neeraj Savant,https://www.instagram.com/yourmumbaikarfoodie?igsh=MTZzeDI3azFwcTZmZQ%3D%3D,yourmumbaikarfoodie,57300,Micro,0.42,56200,44960.0,Female,10000.0,35000,8000.0,6000.0,0.277777778,No,Delhi NCR,North,Food,3.0,145.43339150668993,Low Value,Low Value,0.0
Lucky Jadeja,https://www.instagram.com/jadejaluck/,jadejaluck,57200,Micro,13.0,15000,12000.0,Female,5000.0,150000,60000.0,90000.0,,No,Delhi NCR,North,Beauty,3.0,20.17213555675094,Medium Value,High Value,0.516
Tridisha Pathak,https://www.instagram.com/drtridishapathak/,drtridishapathak,57200,Micro,1.92,42700,34160.0,Female,1000.0,100000,40000.0,60000.0,,No,Guwahati,Northeast,Beauty,3.0,91.05477855477855,Low Value,Medium Value,0.411
Minkesh,https://www.instagram.com/hello.minkesh,hello.minkesh,57200,Micro,2.94,42700,34160.0,Male,10000.0,25000,,7500.0,,No,Chennai,South,Business & Marketing,3.0,14.866086294657723,Medium Value,Medium Value,0.411
Satyam singh,https://www.instagram.com/hot_blood_beast,hot_blood_beast,57052,Micro,3.94,111599,89279.2,Male,35000.0,200000,80000.0,120000.0,0.313622882,No,Delhi NCR,North,Beauty,3.0,88.97395589952491,Low Value,Low Value,0.0
Khushi,https://www.instagram.com/nutritionwith_khushi,nutritionwith_khushi,57000,Micro,7.25,35000,20000.0,Female,35000.0,150000,60000.0,90000.0,1.0,No,Delhi NCR,North,Fashion & Lifestyle,3.0,36.29764065335753,Medium Value,High Value,0.516
Naetal,https://www.instagram.com/naetalsinghhdutt/,naetalsinghhdutt,57000,Micro,4.63,55282,44225.0,Male,,100000,40000.0,60000.0,,No,Delhi NCR,North,Fashion & Lifestyle,3.0,37.89170550566481,Medium Value,Medium Value,0.411
Lairen,https://www.instagram.com/_lairen/,_lairen,57000,Micro,6.04,95000,80750.0,Female,2500.0,20000,4000.0,3000.0,0.210526316,No,Delhi NCR,North,Fashion & Lifestyle,3.0,5.809225049378413,High Value,High Value,0.938
naomiblix,https://www.instagram.com/naomiblix/reels/,naomiblix,57000,Micro,3.79,42700,34160.0,Female,,15000,,,,No,Meghalaya,Northeast,Fashion & Lifestyle,3.0,6.943480072212192,High Value,Medium Value,0.411
Mudit Mehrotra,https://instagram.com/m.u.d.i.t.mehrotra,m.u.d.i.t.mehrotra,56700,Micro,4.74,90000,72000.0,Male,5000.0,15000,1000.0,,0.044590105,No,Hyderabad,South,Fashion & Lifestyle,3.0,5.581229209921193,High Value,Medium Value,0.411
ishita kothari,https://www.instagram.com/ishita.kotharii/profilecard/?igsh=dzRheTVqcjNzeGo5,ishita.kotharii,56473,Micro,2.8,45178,36142.0,Male,3500.0,5000,1500.0,7000.0,,No,Mumbai,West,Fashion & Lifestyle,3.0,3.162067334326644,High Value,High Value,0.872
Naimat,https://www.instagram.com/naimatnagaria,naimatnagaria,56400,Micro,9.33,350000,280000.0,Female,14000.0,35000,,10500.0,,No,Bangalore,South,Finance,3.0,6.651311638655143,High Value,High Value,1.0
Saurabh & Pragati,https://www.instagram.com/knottedspirits?igsh=MW1iMGt4bmhxbDl4cw==,knottedspirits,56200,Micro,5.2,100000,80000.0,Male,,25000,,,0.75,No,Mumbai,West,Fashion & Lifestyle,3.0,8.554612647139336,High Value,Medium Value,0.411
Rhythm,https://www.instagram.com/rhythm__bafna/,rhythm__bafna,56100,Micro,0.81,350000,280000.0,Female,2500.0,4000,3000.0,,,No,Mumbai,West,Travel,3.0,8.802623181708148,High Value,Medium Value,0.06
Simrik Tamang,https://www.instagram.com/simmsarchives/,simmsarchives,56000,Micro,1.3,41600,33280.0,Female,50000.0,20000,3000.0,5000.0,0.961538462,No,West Bengal,East,Fashion & Lifestyle,3.0,27.47252747252747,Medium Value,Medium Value,0.411
Chahatt,https://www.instagram.com/chahattandon11/,chahattandon11,55900,Micro,3.26,80000,68000.0,Female,150000.0,650000,250000.0,100000.0,0.363636364,No,Mumbai,West,Fashion & Lifestyle,3.0,356.68426309031247,Low Value,Low Value,0.0
Vishakha Rajput,https://www.instagram.com/rj.vishakha/,rj.vishakha,55900,Micro,5.76,30000,24000.0,Female,150000.0,400000,350000.0,100000.0,,No,Chandigarh,North,Fashion & Lifestyle,3.0,124.22977539256608,Low Value,Low Value,0.0
thatvoguevibe,https://www.instagram.com/thatvoguevibe,thatvoguevibe,55800,Micro,3.2,36984,29587.0,Male,2000.0,12000,3000.0,5000.0,,No,Delhi NCR,North,Travel,3.0,6.720430107526882,High Value,Medium Value,0.411
CosyQuirk By Mohicka,https://www.instagram.com/CosyQuirk By Mohicka/,cosyquirk by mohicka,55600,Micro,2.63,20900,16720.0,Female,,80000,65000.0,20000.0,,No,Pune,West,Fashion & Lifestyle,3.0,54.70908444347184,Medium Value,Medium Value,0.411
Mohicka Gupta Bose,https://www.instagram.com/cosyquirk?utm_source=ig_web_button_share_sheet&igsh=ZDNlZDc0MzIxNw==,cosyquirk,55500,Micro,26.3,20900,16720.0,Female,1500.0,200000,80000.0,120000.0,,No,Goa,West,Entertainment,3.0,13.701914842599253,High Value,High Value,0.516
Punit,https://instagram.com/1tinx?igshid=YmMyMTA2M2Y=,1tinx,55400,Micro,1.65,40000,32000.0,Male,1000.0,150000,60000.0,90000.0,0.611067657,No,Mumbai,West,Fashion & Lifestyle,3.0,164.09583196586806,Low Value,Low Value,0.0
Aesha Desai,https://www.instagram.com/the_weeeekend,the_weeeekend,55209,Micro,8.14,44167,35334.0,Male,2000.0,8000,,,,No,Chennai,South,Fashion & Lifestyle,3.0,1.7801463217971396,High Value,High Value,1.0
Ishika,https://www.instagram.com/hungrymomoo,hungrymomoo,55100,Micro,6.32,15000,12000.0,Male,600.0,5000,,,,No,West Bengal,East,Fashion & Lifestyle,3.0,1.4358243929334467,High Value,High Value,1.0
Shruti,https://www.instagram.com/shrutitalekar?igsh=MWo2aTEycTdwa3gwbg==,shrutitalekar,54900,Micro,2.17,40000,32000.0,Female,50000.0,150000,60000.0,90000.0,1.151543068,No,Mumbai,West,Fashion & Lifestyle,3.0,125.90969756490645,Low Value,Low Value,0.0
Burner Biits,https://www.instagram.com/burner.biits/,burner.biits,54900,Micro,5.93,31900,25520.0,Male,2000.0,4000,2000.0,7000.0,0.0,No,Kanpur,North,Fashion & Lifestyle,3.0,1.2286634905715434,High Value,High Value,0.938
Nigam Sarvaiya,https://instagram.com/cheesymumbaikar,cheesymumbaikar,54800,Micro,0.81,14600,11680.0,Female,5000.0,18000,2000.0,5000.0,,No,Chandigarh,North,Food,3.0,40.55150040551501,Medium Value,Medium Value,0.06
Kimaya Vartak,https://www.instagram.com/kimayavartak/?igshid=MzRlODBiNWFlZA%3D%3D,kimayavartak,54700,Micro,0.59,56300,45040.0,Female,1000.0,19000,2000.0,5000.0,,No,Mumbai,West,Beauty,3.0,58.87274192049081,Medium Value,Medium Value,0.06
Tanu,https://www.instagram.com/tanuc0re/,tanuc0re,54600,Micro,2.19,52000,41600.0,Male,,20000,10000.0,10000.0,,No,Delhi NCR,North,Fashion & Lifestyle,3.0,16.726044123304398,Medium Value,Medium Value,0.411
Gayatri neog,https://www.instagram.com/__gayatri__neog__/,__gayatri__neog__,54400,Micro,2.5,40000,32000.0,Female,,15000,4000.0,6000.0,,No,Delhi NCR,North,Fashion & Lifestyle,3.0,11.029411764705882,High Value,Medium Value,0.411
Chanchal Malhotra,https://instagram.com/lifewithoutborders90?utm_medium=copy_link,lifewithoutborders90,54300,Micro,0.44,8600,6880.0,Female,1200.0,21000,2000.0,7000.0,,No,Delhi NCR,North,Fashion & Lifestyle,3.0,87.89552988448017,Low Value,Low Value,0.0
mercy_scorpio,https://www.instagram.com/mercy_scorpio,mercy_scorpio,54012,Micro,61.58,40000,32000.0,Female,,20000,12000.0,20000.0,,No,Chennai,South,Beauty,3.0,,,Not scored,
Bunty,https://www.instagram.com/buntyness?igsh=OGt3Z2lzbW9xYmU0,buntyness,54000,Micro,9.84,35000,12000.0,Male,35000.0,150000,90000.0,60000.0,1.0,No,Delhi NCR,North,Comedy,3.0,28.229448961156276,Medium Value,High Value,0.516
Angela Saha,https://www.instagram.com/engela.saha/,engela.saha,54000,Micro,12.49,40000,32000.0,Female,,20000,3000.0,2500.0,,No,West Bengal,East,Beauty,3.0,2.965335231147881,High Value,High Value,1.0
Lovely Wankhar,https://www.instagram.com/lovely_wankhar_sohtun/,lovely_wankhar_sohtun,54000,Micro,1.0,40000,32000.0,Female,2500.0,15000,3000.0,1000.0,,No,Meghalaya,Northeast,Fashion & Lifestyle,3.0,27.77777777777778,Medium Value,Medium Value,0.06
Tanmay Sawant,https://www.instagram.com/just.tanmay/,just.tanmay,53919,Micro,9.12,6470,5176.0,Male,700.0,80000,48000.0,32000.0,0.93906,No,Delhi NCR,North,Comedy,3.0,16.268717566277942,Medium Value,High Value,0.516
Jagriti Singh,https://www.instagram.com/jagritiisingh,jagritiisingh,53831,Micro,0.27,40000,32000.0,Female,50000.0,8000,5000.0,3000.0,1.0,No,Chandigarh,North,Beauty,3.0,55.0419454025183,Medium Value,Low Value,0.03
Tushar Uppal,https://www.instagram.com/tusharuppal_/,tusharuppal_,53800,Micro,4.37,37301,29841.0,Male,35000.0,700000,300000.0,100000.0,0.938312646,No,Delhi NCR,North,Comedy,3.0,297.7380415642306,Low Value,Low Value,0.0
Darshan Wairkar,https://www.instagram.com/darshanwairkar_/,darshanwairkar_,53600,Micro,1.6,400000,320000.0,Male,40000.0,70000,7200.0,80000.0,,No,Mumbai,West,Fashion & Lifestyle,3.0,81.6231343283582,Low Value,Medium Value,0.411
dhanisha.motiramani,https://www.instagram.com/dhanisha.motiramani?igsh=amo2Y3g2MWdoNjdr,dhanisha.motiramani,53500,Micro,0.36,23700,18960.0,Female,50000.0,35000,12000.0,5000.0,0.89926,No,Mumbai,West,Beauty,3.0,181.72377985462097,Low Value,Low Value,0.0
Hiya Vyas,https://www.instagram.com/hiyavyas/?igshid=MzRlODBiNWFlZA,hiyavyas,53500,Micro,2.29,15000,12000.0,Female,4000.0,18000,3500.0,3000.0,,No,Mumbai,West,Fashion & Lifestyle,3.0,14.692078520997427,Medium Value,Medium Value,0.411
Trivandrum Official,https://www.instagram.com/kl_01_trivandrum_official/,kl_01_trivandrum_official,53500,Micro,2.19,40205,32164.0,Female,2000.0,5000,2500.0,1000.0,,No,Goa,West,Fashion & Lifestyle,3.0,4.267486023983271,High Value,High Value,0.872
Indian Plant,https://www.instagram.com/Indian Plant Paagals/,indian plant paagals,53200,Micro,2.66,39600,31680.0,Male,1000.0,300000,120000.0,180000.0,,No,Bihar,East,Fashion & Lifestyle,3.0,211.99615580304146,Low Value,Low Value,0.0
Indian Plants Pagals,https://www.instagram.com/indianplantpagals?utm_source=ig_web_button_share_sheet&igsh=ZDNlZDc0MzIxNw==,indianplantpagals,53200,Micro,2.66,39600,31680.0,Female,,120000,48000.0,72000.0,,No,Jaipur,West,Beauty,3.0,84.79846232121658,Low Value,Medium Value,0.411
Jalpa Trivedi Shah,https://www.instagram.com/thinklight_jalpa/,thinklight_jalpa,53100,Micro,2.0,14000,11200.0,Male,,150000,60000.0,90000.0,,No,Mumbai,West,Fashion & Lifestyle,3.0,141.24293785310735,Low Value,Low Value,0.0
Mohd shaheen,https://www.instagram.com/eat_n_tvm?igsh=MWJsZzcycm45eDVuaw==,eat_n_tvm,53100,Micro,2.17,40000,32000.0,Female,5000.0,25000,18000.0,1000.0,,No,Goa,West,Beauty,3.0,21.69630381768162,Medium Value,Medium Value,0.411
Sourindhri,https://www.instagram.com/sourindhriii/,sourindhriii,53000,Micro,18.0,40000,32000.0,Female,,45000,10000.0,10000.0,,No,West Bengal,East,Fashion & Lifestyle,3.0,4.716981132075472,High Value,High Value,1.0
Neitsou Losou,https://www.instagram.com/neitsou_/,neitsou_,53000,Micro,6.08,40000,32000.0,Female,500.0,15000,1000.0,500.0,,No,Nagaland,Northeast,Fashion & Lifestyle,3.0,4.654915590863952,High Value,High Value,1.0
Gurpreet,https://www.instagram.com/preet.glamcorner,preet.glamcorner,52920,Micro,4.73,31556,25244.8,Female,35000.0,21000,15000.0,4200.0,0.9016,No,Pune,West,Fashion & Lifestyle,3.0,8.389543273264202,High Value,Medium Value,0.411
riya thomas,https://www.instagram.com/imriyathomas/,imriyathomas,52800,Micro,9.77,16575,13260.0,Female,,29900,5000.0,3500.0,,No,Pune,West,Beauty,3.0,5.796191185136937,High Value,High Value,1.0
Sravanthi SK,https://www.instagram.com/savvys_home?utm_source=ig_web_button_share_sheet&igsh=ZDNlZDc0MzIxNw==,savvys_home,52600,Micro,2.76,36500,29200.0,Male,5000.0,20000,7000.0,5000.0,,No,Bangalore,South,Food,3.0,13.776381771091641,High Value,Medium Value,0.411
Dia,https://www.instagram.com/_diiaa__/,_diiaa__,52449,Micro,6.67,58000,49300.0,Male,5000.0,20000,,,0.344827586,No,Delhi NCR,North,Fashion & Lifestyle,3.0,5.716983640536879,High Value,High Value,1.0
Shreya Sharma,https://www.instagram.com/shreyasharma_official?igsh=MTlrNXkwNmFsdWMyZw%3D%3D,shreyasharma_official,52300,Micro,13.0,8300,6640.0,Female,1500.0,20000,2000.0,2000.0,,No,Jaipur,West,Fashion & Lifestyle,3.0,2.9416090601559053,High Value,High Value,1.0
Shivika,https://www.instagram.com/shivikadaulani._,shivikadaulani._,52000,Micro,1.8,37301,29841.0,Male,100000.0,250000,,300000.0,0.4,No,Delhi NCR,North,Fitness,3.0,267.0940170940171,Low Value,Low Value,0.0
Devlina,https://www.instagram.com/__devlina__/,__devlina__,52000,Micro,40.2,37301,29841.0,Female,,40000,,,,No,Assam,Northeast,Beauty,3.0,1.913509376195943,High Value,High Value,1.0
Dhriti,https://www.instagram.com/dhri.t,dhri.t,52000,Micro,3.65,40000,32000.0,Female,35000.0,20000,3000.0,10000.0,0.875,No,Mumbai,West,Fashion & Lifestyle,3.0,10.53740779768177,High Value,Medium Value,0.411
Avani Dalal,https://www.instagram.com/avanidalal8181?igsh=OGQ5ZDc2ODk2ZA==,avanidalal8181,52000,Micro,0.13,18000,14400.0,Female,,5000,,,,No,Delhi NCR,North,Fashion & Lifestyle,3.0,73.96449704142013,Low Value,Low Value,0.03
Anurag Yadav,https://www.instagram.com/invest.with.anurag?igsh=ZDNlZDc0MzIxNw==,invest.with.anurag,51700,Micro,3.72,37143,29714.0,Male,10000.0,25000,1500.0,7500.0,,No,Delhi NCR,North,Finance,3.0,12.998897693475593,High Value,Medium Value,0.411
Vishakha Prakash,https://www.instagram.com/vishakhaaa.p/,vishakhaaa.p,51600,Micro,1.74,36030,28824.0,Female,50000.0,100000,40000.0,60000.0,0.091800895,No,Delhi NCR,North,Beauty,3.0,111.37841931747305,Low Value,Medium Value,0.411
Rushikesh Wayal,https://www.instagram.com/rushikesh_wayal__,rushikesh_wayal__,51164,Micro,3.28,69784,55827.2,Male,35000.0,12000,8000.0,16000.0,0.501547633,No,Odisha,East,Fashion & Lifestyle,3.0,7.150607038866887,High Value,Medium Value,0.411
Riju,https://www.instagram.com/riijuuu/,riijuuu,51100,Micro,2.14,89870,71896.0,Female,,30000,15000.0,5000.0,,No,Kerala,South,Beauty,3.0,27.433838725606748,Medium Value,Medium Value,0.411
Sourabh Gandhi,https://www.instagram.com/sabbyysg/,sabbyysg,51000,Micro,1.03,6000,4800.0,Male,3000.0,150000,60000.0,90000.0,0.064631131,No,Delhi NCR,North,Gaming,3.0,285.5511136493433,Low Value,Low Value,0.0
Vaibhabi Borah,https://www.instagram.com/vaibhavi_bora/,vaibhavi_bora,51000,Micro,1.39,36788,29430.0,Female,1500.0,20000,2000.0,,,No,Assam,Northeast,Fashion & Lifestyle,3.0,28.212723938496264,Medium Value,Medium Value,0.411
Explore Thane,https://www.instagram.com/explorethane?igsh=ZWZvOTA4ZXd1aTky,explorethane,50900,Micro,1.43,40500,32400.0,Female,500.0,12000,8000.0,5000.0,0.276134776,No,Indore,Central,Travel,3.0,16.48646049431904,Medium Value,Medium Value,0.411
Akash,https://www.instagram.com/akashdahiya9/,akashdahiya9,50800,Micro,2.74,31700,25360.0,Male,,55000,10000.0,35000.0,,No,Himachal,North,Fashion & Lifestyle,3.0,39.513765158917174,Medium Value,Medium Value,0.411
Arjun Deswal,https://www.instagram.com/arjun_deswal/,arjun_deswal,50666,Micro,28.24,36030,28824.0,Male,,35000,,,,No,Mumbai,West,Beauty,3.0,2.4461705493590253,High Value,High Value,1.0
divya jain,https://www.instagram.com/divi_1928?igsh=eGl3Njhvd25pYmJt,divi_1928,50600,Micro,1.48,25400,20320.0,Female,350000.0,4000,,,,No,Mumbai,West,Fashion & Lifestyle,3.0,5.341309689135776,High Value,High Value,0.872
Rajkumar,https://www.instagram.com/therajkumarsant/,therajkumarsant,50241,Micro,4.0,35841,28673.0,Male,,300000,120000.0,180000.0,,No,West Bengal,East,Beauty,3.0,149.2804681435481,Low Value,Low Value,0.0
Akansha,https://www.instagram.com/ftbaddictions/,ftbaddictions,50200,Micro,1.04,10000,8000.0,Female,,45000,7000.0,20000.0,,No,Punjab,North,Beauty,3.0,86.19368679129634,Low Value,Low Value,0.024
Manthan Pawar,https://www.instagram.com/maxwrist_manthan/,maxwrist_manthan,50200,Micro,4.88,155000,124000.0,Female,,30000,7000.0,10000.0,,No,Mumbai,West,Beauty,3.0,12.246097576905491,High Value,Medium Value,0.411
Krutika kataria,https://www.instagram.com/crazymom_krutika?,crazymom_krutika,50200,Micro,2.02,9200,7360.0,Female,,7000,5000.0,1500.0,,No,Mumbai,West,Fashion & Lifestyle,3.0,6.903080746321645,High Value,Medium Value,0.411
Shivani,https://www.instagram.com/shivani_karnica?igsh=MWl2OGJncnkxd2RtdQ==,shivani_karnica,50100,Micro,5.71,35920,28736.0,Female,,200000,120000.0,80000.0,,No,Chennai,South,Comedy,3.0,69.91271397660022,Low Value,High Value,0.516
Sarveshaa Swar,https://www.instagram.com/sarveshaa.swar/,sarveshaa.swar,50000,Micro,4.02,100000,85000.0,Female,,25000,,,0.2,No,Delhi NCR,North,Beauty,3.0,12.437810945273633,High Value,Medium Value,0.411
Urnisha,https://www.instagram.com/urnishaswargari/,urnishaswargari,50000,Micro,3.25,12000,10200.0,Female,50000.0,20000,,,2.0,No,Mumbai,West,Fashion & Lifestyle,3.0,12.307692307692308,High Value,Medium Value,0.411
Pooja Garg,https://www.instagram.com/Pooja Garg/,pooja garg,49900,Micro,1.48,18140,14512.0,Male,,120000,48000.0,72000.0,,No,Delhi NCR,North,Music,3.0,162.48713643503223,Low Value,Medium Value,0.411
Raunak,https://www.instagram.com/raunaktales?igsh=YjI0NXU1NGRjZGIy,raunaktales,49900,Micro,0.82,34050,27240.0,Male,,6000,3000.0,3000.0,,No,Delhi NCR,North,Fashion & Lifestyle,3.0,14.663473288039494,Medium Value,Medium Value,0.06
Meet Tanna,https://instagram.com/meettnna,meettnna,49700,Micro,1.17,11900,9520.0,Male,,5000,2500.0,3000.0,,No,Mumbai,West,Fashion & Lifestyle,3.0,8.598600147895922,High Value,High Value,0.872
Ithanda madurai,https://www.instagram.com/ithanda_madurai/,ithanda_madurai,49600,Micro,2.46,36015,28812.0,Female,,15000,,,,No,Bangalore,South,Fashion & Lifestyle,3.0,12.293469708890637,High Value,Medium Value,0.411
Anushank Seth,https://www.instagram.com/anushank_seth/,anushank_seth,49500,Micro,2.79,30000,25500.0,Male,100000.0,600000,450000.0,100000.0,0.363636364,No,Delhi NCR,North,Comedy,3.0,434.4520473552732,Low Value,Low Value,0.0
dr.vibhutidhaundiyal,https://www.instagram.com/dr.vibhutidhaundiyal/,dr.vibhutidhaundiyal,49500,Micro,5.06,36030,28824.0,Female,,60000,35000.0,15000.0,,No,Delhi NCR,North,Beauty,3.0,23.95496466642712,Medium Value,Medium Value,0.411
Vidhur Kapoor,https://www.instagram.com/godbingeon/,godbingeon,49500,Micro,2.41,5000,4000.0,Male,,25500,10500.0,7500.0,0.303030303,No,Mumbai,West,Travel,3.0,21.375581541556645,Medium Value,Medium Value,0.411
Arjit Mathur,https://www.instagram.com/thearjitmathur,thearjitmathur,49265,Micro,4.1,39412,31530.0,Male,300.0,2500,,,,No,Delhi NCR,North,Fashion & Lifestyle,3.0,1.2377064803835902,High Value,High Value,0.872
Vijayalakshmi Krishna,https://instagram.com/iqradoesfitnesss,iqradoesfitnesss,49263,Micro,5.16,32990,26392.0,Female,30000.0,500000,200000.0,300000.0,0.909366475,No,Delhi NCR,North,Fashion & Lifestyle,3.0,196.69777481314892,Low Value,Low Value,0.0
Subham Chaudhuri,https://www.instagram.com/bong_short/,bong_short,49263,Micro,15.03,36158,28926.0,Male,,100000,40000.0,60000.0,,No,West Bengal,East,Fashion & Lifestyle,3.0,13.505795316511621,High Value,High Value,0.516
Olivia Chetia,https://www.instagram.com/iamoliviachetia/,iamoliviachetia,49235,Micro,5.23,45000,38250.0,Female,25000.0,25000,100000.0,50000.0,0.444444444,No,Bangalore,South,Beauty,3.0,9.708773682854362,High Value,Medium Value,0.411
Ratnika,https://www.instagram.com/ratnikavyas/,ratnikavyas,49100,Micro,2.64,13800,11040.0,Female,50000.0,55000,35000.0,35000.0,,No,Delhi NCR,North,Fashion & Lifestyle,3.0,42.43041412084182,Medium Value,Medium Value,0.411
Julie Huidrom,https://www.instagram.com/julie_huidrom/,julie_huidrom,48913,Micro,2.11,36329,29063.0,Female,60000.0,15000,75000.0,10000.0,,No,Manipur,Northeast,Beauty,3.0,14.53397816395742,Medium Value,Medium Value,0.411
Ashi Singh,https://www.instagram.com/ashi.singh/,ashi.singh,48900,Micro,2.09,55324,44259.0,Female,40000.0,175000,70000.0,105000.0,,No,Delhi NCR,North,Entertainment,3.0,171.23120126026166,Low Value,Low Value,0.0
Nitin,https://www.instagram.com/nitinsaww/,nitinsaww,48800,Micro,4.05,136984,109587.0,Male,30000.0,300000,120000.0,180000.0,0.219003679,No,Delhi NCR,North,Entertainment,3.0,151.79113539769276,Low Value,Low Value,0.0
Arjun Ajay,https://www.instagram.com/arjunajay400?igsh=cWl6OGJzdncxOHc3,arjunajay400,48700,Micro,4.82,50000,40000.0,Male,30000.0,400000,160000.0,240000.0,1.0,No,Mumbai,West,Entertainment,3.0,170.4056506513756,Low Value,Low Value,0.0
Anjali Choudhary,https://www.instagram.com/anjalichoudharyblog?igsh=aHY4aTEzaWMybmJw,anjalichoudharyblog,48700,Micro,1.5,15000,12000.0,Male,40000.0,200000,120000.0,80000.0,,No,Delhi NCR,North,Comedy,3.0,273.7850787132101,Low Value,Low Value,0.0
Ameer Ami,https://www.instagram.com/ameer__ami_,ameer__ami_,48700,Micro,48.49,227200,181760.0,Female,5000.0,30000,10000.0,20000.0,,No,Delhi NCR,North,Travel,3.0,1.2703989010202572,High Value,High Value,1.0
Pema,https://www.instagram.com/ig_chen___/,ig_chen___,48698,Micro,8.69,36015,28812.0,Female,50000.0,10000,100000.0,25000.0,,No,Mumbai,West,Comedy,3.0,2.363029254160385,High Value,High Value,1.0
Harshita Dave,https://www.instagram.com/harshita_dave?igsh=MzRlODBiNWFlZA==,harshita_dave,48300,Micro,1.79,76800,61440.0,Female,50000.0,31000,7000.0,10000.0,,No,Mumbai,West,Beauty,3.0,35.85597464635599,Medium Value,Medium Value,0.411
Charmi,https://www.instagram.com/charmijoshi_/,charmijoshi_,48100,Micro,2.15,35000,29750.0,Female,50000.0,250000,200000.0,200000.0,0.0,No,Mumbai,West,Entertainment,3.0,241.7444277909394,Low Value,Low Value,0.0
Pari,https://www.instagram.com/pariagraharii/,pariagraharii,48100,Micro,7.2,80000,64000.0,Male,30000.0,75000,,,,No,Delhi NCR,North,Comedy,3.0,21.656271656271656,Medium Value,High Value,0.516
Harshil Tanwar,https://www.instagram.com/harshiltanwar/,harshiltanwar,48100,Micro,0.88,26030,20824.0,Female,40000.0,15000,3500.0,2500.0,,No,Mumbai,West,Beauty,3.0,35.43753543753544,Medium Value,Medium Value,0.06
Tamanna,https://www.instagram.com/medicotamanna,medicotamanna,48000,Micro,2.92,40000,32000.0,Female,15000.0,55000,120000.0,10000.0,,No,Delhi NCR,North,Beauty,3.0,39.24086757990868,Medium Value,Medium Value,0.411
Shreya Valecha,https://www.instagram.com/shreyavalecha/,shreyavalecha,47800,Micro,1.54,8200,6560.0,Male,50000.0,1000000,600000.0,400000.0,,No,Pune,West,Comedy,3.0,1358.474161821442,Low Value,Low Value,0.0
Zui thitme,https://www.instagram.com/zuithitme/,zuithitme,47700,Micro,2.86,35641,28513.0,Male,150000.0,200000,80000.0,120000.0,,No,Mumbai,West,Entertainment,3.0,146.60392018882584,Low Value,Low Value,0.0
Rajkumar Karki,https://www.instagram.com/rajkumarkarki___,rajkumarkarki___,47632,Micro,4.63,31009,24807.0,Male,30000.0,20000,150000.0,75000.0,1.0,No,Delhi NCR,North,Fashion & Lifestyle,3.0,9.068807582393744,High Value,Medium Value,0.411
Swarnali,https://www.instagram.com/swarnaliiiiiiii/,swarnaliiiiiiii,47612,Micro,8.35,35100,28080.0,Female,75000.0,500000,200000.0,300000.0,1.00506553,No,West Bengal,East,Entertainment,3.0,125.767116527258,Low Value,Low Value,0.0
Tanya Malhotra,https://instagram.com/Fitculturebytanya,fitculturebytanya,47572,Micro,3.79,35841,28673.0,Female,30000.0,180000,72000.0,108000.0,0.837030217,No,Delhi NCR,North,Entertainment,3.0,99.834784524366,Low Value,Low Value,0.0
Ekta Thakur,https://www.instagram.com/theknottythreads?utm_source=ig_web_button_share_sheet&igsh=ZDNlZDc0MzIxNw==,theknottythreads,47400,Micro,2.16,12100,9680.0,Female,50000.0,125000,50000.0,75000.0,,No,Bangalore,South,Entertainment,3.0,122.0893889670261,Low Value,Medium Value,0.411
jodhpurfoodie,https://www.instagram.com/jodhpurfoodie,jodhpurfoodie,47400,Micro,2.33,44000,35200.0,Female,50000.0,7000,250000.0,50000.0,,No,Mumbai,West,Food,3.0,6.338168450408359,High Value,Medium Value,0.411
Sayra,https://www.instagram.com/Sayra_Pixie/,sayra_pixie,47100,Micro,8.99,55000,44000.0,Female,12000.0,28000,20000.0,10000.0,,No,Delhi NCR,North,Travel,3.0,6.612678867059176,High Value,High Value,1.0
Essie,https://www.instagram.com/essie.ez/,essie.ez,47000,Micro,1.23,35300,28240.0,Female,65000.0,25000,285000.0,75000.0,,No,Delhi NCR,North,Beauty,3.0,43.24511330219685,Medium Value,Medium Value,0.411
Nikita Tyagi,https://www.instagram.com/realnikitatyagi,realnikitatyagi,46900,Micro,9.32,90000,72000.0,Female,12000.0,55000,200000.0,200000.0,,No,Delhi NCR,North,Entertainment,3.0,12.5827026730236,High Value,High Value,0.516
Kunal Rajput,https://www.instagram.com/subtle.strength?igsh=YnU3NTN2N3Y5bjFs,subtle.strength,46900,Micro,8.36,30000,12000.0,Male,30000.0,50000,20000.0,22500.0,1.0,No,Bangalore,South,Fashion & Lifestyle,3.0,12.752369390232705,High Value,High Value,1.0
Ashu Sethi,https://www.instagram.com/indyshades?igsh=MTRtN3UzeXdkamFqMA%3D%3D,indyshades,46800,Micro,1.2,3100,2480.0,Female,70000.0,10000,175000.0,70000.0,,No,Delhi NCR,North,Fashion & Lifestyle,3.0,17.806267806267805,Medium Value,Medium Value,0.411
Salima Mahjan,https://www.instagram.com/sailimahajannn?igsh=MXU0NjVlZnlycGljMA==,sailimahajannn,46700,Micro,2.45,126000,100800.0,Female,75000.0,20000,2000.0,4000.0,,No,Delhi NCR,North,Fashion & Lifestyle,3.0,17.480225494908883,Medium Value,Medium Value,0.411
Anisha Murudkar,https://www.instagram.com/anisha_blogs_?igsh=NjFqbHU2MTQxZjc1,anisha_blogs_,46600,Micro,2.01,16600,13280.0,Female,50000.0,3000,1000.0,100000.0,0.98027683,No,Mumbai,West,Beauty,3.0,3.2028697713150986,High Value,High Value,0.872
Agam Jindal,https://www.instagram.com/agamjindal_1/,agamjindal_1,46564,Micro,2.31,44000,37400.0,Male,100000.0,200000,80000.0,120000.0,0.0,No,Mumbai,West,Entertainment,3.0,185.93782016168407,Low Value,Low Value,0.0
Sourabh,www.instagram.com/imsourabharya,www.instagram.com,46200,Micro,5.18,46990,37592.0,Male,30000.0,30000,5000.0,35000.0,0.638433709,No,Indore,Central,Fashion & Lifestyle,3.0,12.535726821441108,High Value,Medium Value,0.411
Upadhaya,https://instagram.com/shefali_upadhyaya,shefali_upadhyaya,46100,Micro,3.51,47225,37780.0,Female,30000.0,225000,90000.0,135000.0,0.63525675,No,Bangalore,South,Entertainment,3.0,139.05111518994383,Low Value,Low Value,0.0
adv_sandra__balan,https://www.instagram.com/adv_sandra__balan/reels/,adv_sandra__balan,46100,Micro,2.73,35100,28080.0,Female,75000.0,30000,275000.0,75000.0,,No,Kerala,South,Beauty,3.0,23.8373340325618,Medium Value,Medium Value,0.411
Nishi Bhardwaj,https://www.instagram.com/nishibhardwaj09/,nishibhardwaj09,46000,Micro,12.1,26270,21016.0,Female,200000.0,200000,80000.0,120000.0,0.230769231,No,Mumbai,West,Entertainment,3.0,35.932446999640675,Medium Value,Medium Value,0.031
aparna_uppal,https://www.instagram.com/aparna_uppal?igsh=MTlnOG91dWwzdmxnbw==,aparna_uppal,46000,Micro,0.87,45000,36000.0,Female,8000.0,20000,5000.0,3000.0,0.3125,No,Hyderabad,South,Travel,3.0,49.97501249375313,Medium Value,Medium Value,0.06
Shweta,https://www.instagram.com/the_style_mermaid,the_style_mermaid,45806,Micro,4.95,24578,19662.4,Female,30000.0,300000,120000.0,180000.0,0.819266667,No,Delhi NCR,North,Entertainment,3.0,132.31031001628742,Low Value,Low Value,0.0
Suhani Dhawan,https://www.instagram.com/howwyouudoinnnn?igsh=YjlrdGgzaThla3ky,howwyouudoinnnn,45669,Micro,3.02,45000,38250.0,Male,180000.0,200000,80000.0,120000.0,0.444444444,No,Delhi NCR,North,Fashion & Lifestyle,3.0,145.0112013902514,Low Value,Low Value,0.0
Kush,https://www.instagram.com/kussh_25/,kussh_25,45500,Micro,1.16,53275,42620.0,Male,6000.0,12000,5000.0,4000.0,,No,Delhi NCR,North,Food,3.0,22.735884804850325,Medium Value,Medium Value,0.411
Prashant,https://www.instagram.com/prashanthification?igsh=eDd2cm84OGpqa3Zo,prashanthification,45400,Micro,5.28,55000,44000.0,Male,30000.0,300000,120000.0,180000.0,0.545454546,No,Delhi NCR,North,Entertainment,3.0,125.15018021625951,Low Value,Low Value,0.0
Simran Chawla,https://www.instagram.com/Simran/,simran,45200,Micro,4.62,21090,16872.0,Female,,65000,,,,No,Delhi NCR,North,Comedy,3.0,31.126690418725822,Medium Value,Medium Value,0.411
Yash,https://www.instagram.com/theyashhegde/,theyashhegde,45000,Micro,2.7,35537,28430.0,Female,150000.0,300000,120000.0,180000.0,,No,Mumbai,West,Music,3.0,246.91358024691354,Low Value,Low Value,0.0
Pragya Sharma,https://www.instagram.com/pragyasharma12_/,pragyasharma12_,45000,Micro,4.29,17000,14450.0,Female,200000.0,20000,400000.0,200000.0,1.176470588,No,Delhi NCR,North,Beauty,3.0,10.36001036001036,High Value,Medium Value,0.411
Gogi Tech,https://www.instagram.com/gogitechreal/,gogitechreal,44700,Micro,2.0,35708,28566.0,Male,350000.0,15000,10000.0,350000.0,,Yes,Pune,West,Fashion & Lifestyle,3.0,16.778523489932887,Medium Value,Medium Value,0.411
Mansi Choudhary,https://www.instagram.com/_.mindbloom._/,_.mindbloom._,44500,Micro,0.16,65000,52000.0,Male,,8000,4000.0,3000.0,,No,Delhi NCR,North,Fashion & Lifestyle,3.0,112.35955056179775,Low Value,Low Value,0.03
rishita_soni,https://www.instagram.com/rishita_soni/,rishita_soni,44400,Micro,2.03,43400,34720.0,Female,200000.0,60000,20000.0,20000.0,,No,Delhi NCR,North,Beauty,3.0,66.56903208627348,Low Value,Medium Value,0.411
Anmol Babbar,https://www.instagram.com/anmolbabbarr/,anmolbabbarr,44200,Micro,2.63,35708,28566.0,Male,,80000,40000.0,15000.0,,No,Delhi NCR,North,Beauty,3.0,68.81957228635824,Low Value,Medium Value,0.411
Aanchal Verma,https://www.instagram.com/theaanchalverma/,theaanchalverma,44000,Micro,3.09,35708,28566.0,Male,500000.0,150000,60000.0,90000.0,,No,Delhi NCR,North,Entertainment,3.0,110.32656663724626,Low Value,Low Value,0.0
Raja Yadav,https://www.instagram.com/rajayadavv07//,rajayadavv07,44000,Micro,5.36,493231,16000.0,Male,30000.0,100000,40000.0,45000.0,1.0,No,Delhi NCR,North,Gaming,3.0,42.40162822252374,Medium Value,Medium Value,0.411
Bhagyashree Sharma,https://www.instagram.com/bhagyabro2/,bhagyabro2,44000,Micro,1.74,35708,28566.0,Female,200000.0,65000,350000.0,150000.0,0.81338,No,Assam,Northeast,Beauty,3.0,84.90073145245559,Low Value,Medium Value,0.411
khushikumpawatt,https://www.instagram.com/khushikumpawatt/,khushikumpawatt,44000,Micro,3.62,23000,18400.0,Female,50000.0,30000,10000.0,3000.0,0.0,No,Mumbai,West,Beauty,3.0,18.834756403817178,Medium Value,Medium Value,0.411
Riya garg,https://www.instagram.com/scoop_n_slice?igsh=MzRlODBiNWFlZA==,scoop_n_slice,44000,Micro,0.85,21200,16960.0,Female,4000.0,20000,5000.0,3000.0,,No,Chhattisgarh,Central,Food,3.0,53.475935828877006,Medium Value,Medium Value,0.06
Shristi Pradhan,https://www.instagram.com/shristi_pradhan03/,shristi_pradhan03,44000,Micro,0.66,35708,28566.0,Female,200000.0,15000,700000.0,200000.0,,No,Mumbai,West,Fashion & Lifestyle,3.0,51.65289256198348,Medium Value,Medium Value,0.06
Venkatesh,https://www.instagram.com/burner.bits/,burner.bits,43900,Micro,6.02,35537,28430.0,Male,800000.0,300000,120000.0,180000.0,,No,Delhi NCR,North,Entertainment,3.0,113.51682697765231,Low Value,Medium Value,0.031
Ritik,https://www.instagram.com/ritik__tanwar,ritik__tanwar,43883,Micro,3.94,23664,18931.2,Male,30000.0,300000,120000.0,180000.0,0.7888,No,Delhi NCR,North,Fashion & Lifestyle,3.0,173.51168329352012,Low Value,Low Value,0.0
Yukta,https://www.instagram.com/yukta.sood?igsh=M3J2dWo5djJ1NWhm&utm_source=qr,yukta.sood,43800,Micro,6.59,50000,42500.0,Female,75000.0,200000,80000.0,120000.0,0.363636364,No,Mumbai,West,Fashion & Lifestyle,3.0,69.28998551839302,Low Value,Medium Value,0.031
Tejas Soni,https://www.instagram.com/tejassoni72/,tejassoni72,43700,Micro,1.0,1000,800.0,Female,7500.0,12000,5000.0,4000.0,,No,Delhi NCR,North,Fashion & Lifestyle,3.0,27.45995423340961,Medium Value,Medium Value,0.06
Kritika Sharma,https://www.instagram.com/_kritikaasharma/,_kritikaasharma,43600,Micro,1.03,50000,40000.0,Female,,55000,25000.0,10000.0,,No,Delhi NCR,North,Beauty,3.0,122.47261067070455,Low Value,Low Value,0.024
Jilmil,https://www.instagram.com/ahomeofhappiness?utm_source=ig_web_button_share_sheet&igsh=ZDNlZDc0MzIxNw==,ahomeofhappiness,43600,Micro,2.64,8600,6880.0,Female,,32000,15000.0,5000.0,,No,Mumbai,West,Fitness,3.0,27.800945232137895,Medium Value,Medium Value,0.411
Manpreet Singh,https://www.instagram.com/styylewithsingh?igsh=ZHFpazI1dHJyNWlw,styylewithsingh,43600,Micro,1.94,35500,28400.0,Female,3000.0,10000,6000.0,2000.0,,No,Delhi NCR,North,Fashion & Lifestyle,3.0,11.822566915728743,High Value,Medium Value,0.411
khusburawat_,https://www.instagram.com/khusburawat_,khusburawat_,43500,Micro,3.5,15000,12000.0,Female,,18000,15000.0,20000.0,,No,Delhi NCR,North,Fashion & Lifestyle,3.0,11.822660098522167,High Value,Medium Value,0.411
Mishti Khatri,https://www.instagram.com/mishtikhatri,mishtikhatri,43114,Micro,3.86,31893,25514.0,Female,30000.0,300000,180000.0,120000.0,0.940645283,No,Mumbai,West,Entertainment,3.0,180.2667515282414,Low Value,Low Value,0.0
Shubrato Mitra,https://www.instagram.com/shubrato_mitra_/,shubrato_mitra_,43100,Micro,3.53,50000,40000.0,Female,,10000,,,,No,Mumbai,West,Fashion & Lifestyle,3.0,6.572763781442458,High Value,Medium Value,0.411
Sneha Das,https://www.instagram.com/snehaforyou._/,snehaforyou._,43088,Micro,16.42,36000,28800.0,Female,50000.0,175000,70000.0,105000.0,0.87092,No,West Bengal,East,Entertainment,3.0,24.734808926286533,Medium Value,Medium Value,0.031
Divya Jain,https://www.instagram.com/fashionandfoodfiesta/,fashionandfoodfiesta,43000,Micro,0.6,38700,30960.0,Female,10000.0,30000,7000.0,5000.0,,No,Bangalore,South,Food,3.0,116.27906976744185,Low Value,Medium Value,0.06
Darshana Das,https://www.instagram.com/darshanaa.das_/,darshanaa.das_,43000,Micro,4.81,12000,10200.0,Female,,15000,,,1.666666667,No,Delhi NCR,North,Fashion & Lifestyle,3.0,7.252332833728183,High Value,Medium Value,0.411
Kajal Ningthouja,https://www.instagram.com/kajalningthouja/,kajalningthouja,43000,Micro,2.34,35787,28630.0,Female,,15000,,,,No,Hyderabad,South,Beauty,3.0,14.90757304710793,Medium Value,Medium Value,0.411
Tanmay,https://www.instagram.com/tanmaymandhann,tanmaymandhann,43000,Micro,3.17,35787,28630.0,Female,,4000,,,,No,Mumbai,West,Beauty,3.0,2.934487565108943,High Value,High Value,0.872
Akash V,https://www.instagram.com/explorevlogsyt,explorevlogsyt,42900,Micro,2.13,36000,28800.0,Male,100000.0,250000,275000.0,50000.0,,No,Trivandrum,South,Beauty,3.0,273.5918228875975,Low Value,Low Value,0.0
Poorvi,https://www.instagram.com/through.my_eyes?igsh=MXViNmo5NmJkcGhieQ==,through.my_eyes,42900,Micro,2.55,5900,4720.0,Female,,6000,4500.0,2000.0,,No,Delhi NCR,North,Beauty,3.0,5.4847113670643095,High Value,High Value,0.872
Tushar,https://www.instagram.com/tushtushaar?igsh=YTBmNHZyMHJvcHY2,tushtushaar,42800,Micro,9.18,25000,16800.0,Male,30000.0,155000,62000.0,93000.0,1.2,No,Delhi NCR,North,Entertainment,3.0,39.44984016451856,Medium Value,Medium Value,0.031
Varun,https://www.instagram.com/varun_annadani/,varun_annadani,42700,Micro,1.95,35325,28260.0,Male,,200000,80000.0,120000.0,,No,Bangalore,South,Entertainment,3.0,240.1969615084369,Low Value,Low Value,0.0
Abhishek,https://www.instagram.com/abhi.lifts9/,abhi.lifts9,42600,Micro,3.88,97220,77776.0,Male,85000.0,475000,350000.0,75000.0,,No,Delhi NCR,North,Fashion & Lifestyle,3.0,287.3771840665989,Low Value,Low Value,0.0
CA PARAM - KmPound,https://instagram.com/kmpound?igshid=MzRlODBiNWFlZA==,kmpound,42600,Micro,11.66,35325,28260.0,Male,4800.0,12000,,3600.0,,No,Delhi NCR,North,Finance,3.0,2.4158674171961443,High Value,High Value,1.0
Pratik,https://www.instagram.com/thepopcornuniverse.in/,thepopcornuniverse.in,42500,Micro,8.52,5100,4080.0,Male,50000.0,75000,45000.0,30000.0,0.033285203,No,Bangalore,South,Comedy,3.0,20.712510356255176,Medium Value,Medium Value,0.031
Karthik R Moily,https://www.instagram.com/the.street.vogue?igsh=MzJjcHNxYmlhd3lk,the.street.vogue,42400,Micro,7.84,38600,30880.0,Male,,25000,7000.0,5000.0,,No,Pune,West,Fashion & Lifestyle,3.0,7.520696958028495,High Value,High Value,1.0
aestheticsbyshruti,https://www.instagram.com/aestheticsbyshruti,aestheticsbyshruti,42389,Micro,49.75,35500,28400.0,Female,,20000,10000.0,6000.0,,No,Mumbai,West,Beauty,3.0,0.9483829537173707,High Value,High Value,1.0
Tanisha,https://www.instagram.com/tanishitater/,tanishitater,42286,Micro,6.26,34400,27520.0,Male,2500.0,10000,5000.0,4000.0,,No,Delhi NCR,North,Fashion & Lifestyle,3.0,3.7777138756488413,High Value,High Value,1.0
Archy Gupta,https://www.instagram.com/archy.gupta/,archy.gupta,42200,Micro,3.95,25200,20160.0,Female,2000.0,10000,4000.0,3000.0,0.545454546,No,Delhi NCR,North,Travel,3.0,5.999160117583538,High Value,Medium Value,0.411
Abhi Rantna Singh,https://www.instagram.com/abhiratnasingh?igsh=N3EzcGg4am8xZWs5,abhiratnasingh,42100,Micro,3.41,35100,28080.0,Male,,15000,,,,No,Bihar,East,Fashion & Lifestyle,3.0,10.448520141263993,High Value,Medium Value,0.411
Amulya Khaneja,https://instagram.com/amulyakhaneja?igshid=OGQ5ZDc2ODk2ZA==,amulyakhaneja,42100,Micro,1.48,35100,28080.0,Female,,12000,5000.0,2000.0,,No,Delhi NCR,North,Beauty,3.0,19.25916415227579,Medium Value,Medium Value,0.411
Prathiksha Shetty,https://www.instagram.com/prathiksha_shetty/,prathiksha_shetty,42014,Micro,88.0,35050,28040.0,Female,,200000,80000.0,120000.0,,No,Mumbai,West,Beauty,3.0,,,Not scored,
Ayusang,https://www.instagram.com/ayusang_jamir/,ayusang_jamir,42000,Micro,2.34,35100,28080.0,Female,,20000,,,,No,Nagaland,Northeast,Comedy,3.0,20.35002035002035,Medium Value,Medium Value,0.411
Yal Jomoh,https://www.instagram.com/yaljomo/,yaljomo,42000,Micro,5.15,35100,28080.0,Female,,15000,,,,No,Mumbai,West,Beauty,3.0,6.934812760055477,High Value,Medium Value,0.411
Nancy,https://www.instagram.com/nansensei_/,nansensei_,41971,Micro,9.93,97000,82450.0,Female,,225000,90000.0,135000.0,0.0,No,Delhi NCR,North,Entertainment,3.0,53.986348364116466,Medium Value,Medium Value,0.031
Sara,https://www.instagram.com/withlovesaraa_,withlovesaraa_,41002,Micro,3.26,18000,15300.0,Female,,250000,100000.0,150000.0,0.363636364,No,Pune,West,Entertainment,3.0,187.03262417544798,Low Value,Low Value,0.0
Rutvi,https://www.instagram.com/rutvishahaha?igsh=aW4zMnB0ajdyenk1,rutvishahaha,41000,Micro,4.17,35000,28000.0,Female,,200000,80000.0,120000.0,,No,Mumbai,West,Entertainment,3.0,116.97958706205766,Low Value,Low Value,0.0
Priyanka Jena,https://www.instagram.com/priyankaa_jena/,priyankaa_jena,41000,Micro,22.0,35000,28000.0,Female,,20000,,,,No,Odisha,East,Fashion & Lifestyle,3.0,2.2172949002217295,High Value,High Value,1.0
Sushmita Tiwari,https://www.instagram.com/mumbaichimuskan/?igsh=ZWQza2cybGJiOW4x#,mumbaichimuskan,41000,Micro,0.22,5500,4400.0,Female,50000.0,15000,7000.0,5000.0,0.0,No,Delhi NCR,North,Fashion & Lifestyle,3.0,166.2971175166297,Low Value,Low Value,0.03
Pawan,https://www.instagram.com/pawan.calisthenic?igsh=MWUwbDRjeWF3aTdieA==,pawan.calisthenic,41000,Micro,2.28,15100,12080.0,Female,3000.0,10000,4000.0,2000.0,,No,Mumbai,West,Fashion & Lifestyle,3.0,10.697475395806592,High Value,Medium Value,0.411
https://www.instagram.com/sonam_udon/,https://www.instagram.com/sonam_udon/,sonam_udon,40827,Micro,2.31,30000,25500.0,Female,,10000,,,0.666666667,No,Meghalaya,Northeast,Fashion & Lifestyle,3.0,10.6032878462888,High Value,Medium Value,0.411
Pratima Tomar,https://www.instagram.com/@pratimatomarr,pratimatomarr,40800,Micro,3.99,22000,18700.0,Male,,150000,60000.0,67500.0,0.909090909,No,Pune,West,Entertainment,3.0,92.1421200058971,Low Value,Low Value,0.0
Smrithi Srikanth,https://www.instagram.com/smrithisrikanth/,smrithisrikanth,40800,Micro,2.51,9597,7678.0,Female,,36000,8000.0,10000.0,,No,Bangalore,South,Fashion & Lifestyle,3.0,35.15350363252871,Medium Value,Medium Value,0.411
udaipurbhog,https://www.instagram.com/udaipurbhog,udaipurbhog,40800,Micro,2.54,35000,28000.0,Female,3000.0,20000,,,,No,Udaipur,West,Food,3.0,19.29905820595955,Medium Value,Medium Value,0.411
Kreesha Thakkar,https://www.instagram.com/kreesha05?utm_source=ig_web_button_share_sheet&igsh=ZDNlZDc0MzIxNw==,kreesha05,40800,Micro,1.47,4700,3760.0,Female,500.0,3000,500.0,500.0,,No,Mumbai,West,Beauty,3.0,5.002000800320128,High Value,High Value,0.872
Ryan Suri,https://www.instagram.com/ryansurii/,ryansurii,40700,Micro,7.66,92550,74040.0,Male,,600000,240000.0,360000.0,0.333333333,No,Delhi NCR,North,Entertainment,3.0,192.45450054849533,Low Value,Low Value,0.0
Muskan Khandelwal,https://www.instagram.com/stylewithmuskan_/,stylewithmuskan_,40500,Micro,4.43,58000,46400.0,Female,,300000,120000.0,180000.0,,No,Delhi NCR,North,Entertainment,3.0,167.21009949000918,Low Value,Low Value,0.0
Subojeet Maity,https://www.instagram.com/subojeetttt?igsh=MWc5Nms3NG5qbXVzZg%3D%3D,subojeetttt,40300,Micro,1.53,22675,18140.0,Male,,40000,10000.0,7000.0,,No,Delhi NCR,North,Fashion & Lifestyle,3.0,64.87293014807246,Low Value,Medium Value,0.411
Nidhi,https://www.instagram.com/serenenidhi/,serenenidhi,40254,Micro,2.51,108000,91800.0,Female,,85000,34000.0,38250.0,0.185185185,No,Chennai,South,Entertainment,3.0,84.12714719697254,Low Value,Medium Value,0.411
Daksh Verma,https://www.instagram.com/dakshhliftss/,dakshhliftss,40200,Micro,3.14,97621,78097.0,Male,,220000,88000.0,132000.0,,No,Delhi NCR,North,Entertainment,3.0,174.287796685363,Low Value,Low Value,0.0
Deepanshi Parvesh,https://www.instagram.com/deepanshi_parvesh//,deepanshi_parvesh,40100,Micro,4.55,156660,125328.0,Male,,25000,15000.0,5000.0,,No,Delhi NCR,North,Fashion & Lifestyle,3.0,13.702008714477543,High Value,Medium Value,0.411
ankitta.a,https://www.instagram.com/ankitta.a/reels/,ankitta.a,40000,Micro,3.5,31900,25520.0,Female,,30000,,,,No,Assam,Northeast,Fashion & Lifestyle,3.0,21.428571428571427,Medium Value,Medium Value,0.411
Tanvi,https://www.instagram.com/tanvinutrition,tanvinutrition,39991,Micro,4.29,61611,49288.8,Female,20000.0,170000,68000.0,102000.0,0.324617357,No,Punjab,North,Entertainment,3.0,99.08989429381518,Low Value,Low Value,0.0
Anmol Trehan,https://www.instagram.com/thetrendmaniac/,thetrendmaniac,39920,Micro,3.17,32000,25600.0,Male,,30000,10000.0,20000.0,,No,Delhi NCR,North,Beauty,3.0,23.706719432555964,Medium Value,Medium Value,0.411
Daniel,https://www.instagram.com/daniel.makwana/,daniel.makwana,39600,Micro,0.41,31893,25514.0,Male,,125000,50000.0,75000.0,,No,Mumbai,West,Entertainment,3.0,769.8940625769894,Low Value,Low Value,0.0
eshviv,https://www.instagram.com/eshviv?utm_source=ig_web_button_share_sheet&igsh=ZDNlZDc0MzIxNw==,eshviv,39500,Micro,1.35,31900,25520.0,Female,,120000,48000.0,72000.0,,No,Mumbai,West,Entertainment,3.0,225.0351617440225,Low Value,Medium Value,0.411
Rajeev Rajguru,https://www.instagram.com/liveitupwithrajeev?igsh=MW92dmM4YWFmdDZnOA==,liveitupwithrajeev,39500,Micro,8.86,28400,22720.0,Male,,15000,10000.0,5000.0,,No,Mumbai,West,Fashion & Lifestyle,3.0,4.286081664142641,High Value,High Value,1.0
Tanumita Ghosh,https://www.instagram.com/thankgod_itsfashion/,thankgod_itsfashion,39467,Micro,2.17,31900,25520.0,Female,10000.0,25000,,7500.0,,No,Delhi NCR,North,Finance,3.0,29.190810872853117,Medium Value,Medium Value,0.411
The trading scholar,https://www.instagram.com/thetradingscholarr/,thetradingscholarr,39200,Micro,4.47,31670,25336.0,Male,8000.0,20000,,6000.0,,No,Delhi NCR,North,Finance,3.0,11.413961557777473,High Value,Medium Value,0.411
Rajnandini Singh,https://www.instagram.com/thesassynandini_?igsh=bnI5aGNzajdqa2Vn,thesassynandini_,39000,Micro,9.3,30670,24536.0,Female,,35000,,,,No,Delhi NCR,North,Beauty,3.0,9.649848359525778,High Value,High Value,1.0
Khushi Tiwari,https://www.instagram.com/khushitiwari18/,khushitiwari18,38700,Micro,7.13,17000,13600.0,Female,180000.0,600000,400000.0,250000.0,,No,Delhi NCR,North,Comedy,3.0,217.44566576426715,Low Value,Low Value,0.0
Purbhasha,https://www.instagram.com/purbee/,purbee,38700,Micro,0.44,436310,349048.0,Male,,350000,140000.0,210000.0,,Yes,Delhi NCR,North,Entertainment,3.0,2055.43810194973,Low Value,Low Value,0.0
Vipani,https://www.instagram.com/tasteof.travels,tasteof.travels,38700,Micro,0.86,12000,9600.0,Male,,3500,,,,No,Delhi NCR,North,Fashion & Lifestyle,3.0,10.516194940207921,High Value,Medium Value,0.06
Jayesh Yadav,https://www.instagram.com/ig_mr.jay/,ig_mr.jay,38600,Micro,5.79,21300,17040.0,Male,,85000,34000.0,51000.0,,Yes,Mumbai,West,Entertainment,3.0,38.032340912955156,Medium Value,Medium Value,0.031
Harita,https://www.instagram.com/thats.how.we.eat?igsh=MXJjdmRkdm5nNW9ndw==,thats.how.we.eat,38300,Micro,1.75,8200,6560.0,Female,2500.0,10000,7500.0,5000.0,,No,Mumbai,West,Beauty,3.0,14.919806042521447,Medium Value,Medium Value,0.411
Shalini Jha,https://www.instagram.com/missjha_greedyguts?utm_source=ig_web_button_share_sheet&igsh=ZDNlZDc0MzIxNw==,missjha_greedyguts,38100,Micro,3.43,19600,15680.0,Male,,70000,28000.0,42000.0,,No,Delhi NCR,North,Entertainment,3.0,53.564732979806095,Medium Value,Medium Value,0.411
Siliguri Sutra,https://instagram.com/siliguri_sutra,siliguri_sutra,38100,Micro,1.1,29579,23663.0,Female,1500.0,10000,8000.0,10000.0,1.005752907,No,Delhi NCR,North,Beauty,3.0,23.860653781913623,Medium Value,Medium Value,0.411
Sha & Ri,https://www.instagram.com/selfcareshari?igsh=MXQ3Zm9nanJoNDU2eg%3D%3D,selfcareshari,38000,Micro,8.79,30000,24000.0,Male,,25000,,,,No,Mumbai,West,Beauty,3.0,7.484581761571165,High Value,High Value,1.0
Padmaja,https://www.instagram.com/padmaja_deka/,padmaja_deka,38000,Micro,1.72,30000,24000.0,Female,,15000,,,,No,Assam,Northeast,Fashion & Lifestyle,3.0,22.949816401468787,Medium Value,Medium Value,0.411
VD,https://www.instagram.com/her_pictions?igsh=eWhoeGpweTk2b290,her_pictions,37700,Micro,3.51,13800,11040.0,Female,50000.0,15000,5000.0,5000.0,0.053970269,No,Bangalore,South,Travel,3.0,11.335555102133352,High Value,Medium Value,0.411
Uday Sodhani,https://www.instagram.com/udaysodhani/&igsh=ZDNlZDc0MzIxNw==,udaysodhani,37400,Micro,6.7,27450,21960.0,Male,10000.0,25000,,7500.0,,No,Pune,West,Finance,3.0,9.976853699417351,High Value,High Value,1.0
yea.chandni,https://www.instagram.com/yea.chandni,yea.chandni,37399,Micro,2.11,1569425,1255540.0,Female,,20000,,,,No,Assam,Northeast,Fashion & Lifestyle,3.0,25.34472308292198,Medium Value,Medium Value,0.411
Sejal,https://www.instagram.com/countingpathways,countingpathways,37300,Micro,3.16,5000,4250.0,Male,200000.0,800000,550000.0,250000.0,0.181818182,No,Bangalore,South,Entertainment,3.0,678.7253537855906,Low Value,Low Value,0.0
Rabin S,https://www.instagram.com/rabinsphotography/,rabinsphotography,37300,Micro,1.11,4000,3200.0,Female,50000.0,800000,320000.0,480000.0,0.909388527,No,West Bengal,East,Beauty,3.0,1932.227133299519,Low Value,Low Value,0.0
Prajakta,https://www.instagram.com/icasperrr?igsh=MWUyNHQwY2Ywd2x6dw%3D%3D,icasperrr,37300,Micro,4.11,13800,11040.0,Female,50000.0,20000,12000.0,6000.0,0.333333333,No,Mumbai,West,Fashion & Lifestyle,3.0,13.046059111693836,High Value,Medium Value,0.411
Soumya Bharadwaj,https://www.instagram.com/soumyaaabhardwaj/,soumyaaabhardwaj,37225,Micro,99.3,28990,23192.0,Female,50000.0,120000,48000.0,72000.0,0.909090909,No,Chandigarh,North,Beauty,3.0,,,Not scored,
Mahima Mahajan,https://www.instagram.com/mahima9?igsh=cXphbGFjc2I1a2kz,mahima9,37200,Micro,1.41,598218,478574.0,Male,,50000,20000.0,30000.0,,No,Delhi NCR,North,Beauty,3.0,95.32524975215435,Low Value,Medium Value,0.411
Priyanka,https://www.instagram.com/pryanka_shaw/,pryanka_shaw,37000,Micro,2.38,45000,38250.0,Male,,200000,80000.0,120000.0,0.181818182,No,West Bengal,East,Entertainment,3.0,227.1178741766977,Low Value,Low Value,0.0
Drishti Golya,https://www.instagram.com/drxshtxx/,drxshtxx,37000,Micro,3.5,40000,32000.0,Male,,87000,34800.0,52200.0,,No,Jaipur,West,Fashion & Lifestyle,3.0,67.18146718146718,Low Value,Medium Value,0.411
preppy.bunnie,https://www.instagram.com/preppy.bunnie?igsh=czFuZXd6anJ3bGNz,preppy.bunnie,37000,Micro,5.0,27000,21600.0,Female,,20000,,,1.0,No,Delhi NCR,North,Fashion & Lifestyle,3.0,10.81081081081081,High Value,Medium Value,0.411
Reecha Wangsaham,https://www.instagram.com/reecha___/,reecha___,37000,Micro,2.57,27000,21600.0,Female,50000.0,15000,,,0.0,No,Delhi NCR,North,Fashion & Lifestyle,3.0,15.774529393206436,Medium Value,Medium Value,0.411
Inu,https://www.instagram.com/inu_ngomdir25/,inu_ngomdir25,37000,Micro,15.0,27000,21600.0,Female,,15000,,,,No,West Bengal,East,Fashion & Lifestyle,3.0,2.7027027027027026,High Value,High Value,1.0
annusriya07,https://www.instagram.com/annusriya07?igsh=eHRuOWJhaGdjNHVl,annusriya07,37000,Micro,3.4,40000,32000.0,Female,,15000,,,,No,Mumbai,West,Fashion & Lifestyle,3.0,11.92368839427663,High Value,Medium Value,0.411
metevinu_kintso,https://www.instagram.com/metevinu_kintso/reels/,metevinu_kintso,37000,Micro,2.22,27000,21600.0,Female,,10000,,,,No,Nagaland,Northeast,Beauty,3.0,12.174336498660823,High Value,Medium Value,0.411
Siddhee Singh,https://instagram.com/siddhee_singh?igshid=YmMyMTA2M2Y=,siddhee_singh,36974,Micro,3.8,29579,23663.0,Female,2000.0,5000,3000.0,3000.0,0.545454546,No,Pune,West,Beauty,3.0,3.5586884667177228,High Value,High Value,0.872
Aarja,https://instagram.com/fitwithaabi,fitwithaabi,36500,Micro,5.72,20900,16720.0,Female,20000.0,55000,40000.0,15000.0,0.956937799,No,Delhi NCR,North,Fashion & Lifestyle,3.0,26.343519494204422,Medium Value,Medium Value,0.031
Aishwarya,https://www.instagram.com/fitphysioaishwaryaa,fitphysioaishwaryaa,36400,Micro,8.06,20000,15800.0,Female,20000.0,85000,34000.0,51000.0,1.0,No,Mumbai,West,Entertainment,3.0,28.972268426362717,Medium Value,Medium Value,0.031
Bhumi,https://www.instagram.com/bhumi_chalak?igsh=YWNkejFha2Y4dzZs,bhumi_chalak,36300,Micro,10.1,6980,5584.0,Female,3000.0,10000,7000.0,7000.0,,No,Bihar,East,Fashion & Lifestyle,3.0,2.727545481820909,High Value,High Value,1.0
Aadarsh,https://www.instagram.com/aadrsh.d?igsh=MW81djAwc3V2ejh3YQ==,aadrsh.d,36200,Micro,3.99,20000,12000.0,Male,20000.0,150000,60000.0,90000.0,1.0,No,Delhi NCR,North,Entertainment,3.0,103.85078718896689,Low Value,Low Value,0.0
Chiinmay Sankhe,https://www.instagram.com/_miraclelens/,_miraclelens,36200,Micro,2.78,8600,6880.0,Female,2500.0,12000,5000.0,4000.0,0.5,No,Pune,West,Travel,3.0,11.924162327596486,High Value,Medium Value,0.411
Gayatri Agrawal,https://www.instagram.com/gayatri.tech/,gayatri.tech,36100,Micro,1.59,157800,126240.0,Female,2000.0,2000,1500.0,,0.833333333,No,Bangalore,South,Fashion & Lifestyle,3.0,3.484381260997578,High Value,High Value,0.872
Vaibhav Singh,https://www.instagram.com/vaibhavsinghofficial,vaibhavsinghofficial,36036,Micro,3.2,1739147,1391317.6,Male,20000.0,125000,50000.0,75000.0,0.01149989,No,Delhi NCR,North,Entertainment,3.0,108.39854589854589,Low Value,Medium Value,0.411
Ankita Borah,https://www.instagram.com/miss_ankitaborah/,miss_ankitaborah,36000,Micro,1.6,25000,20000.0,Female,,15000,,,,No,Assam,Northeast,Fashion & Lifestyle,3.0,26.041666666666668,Medium Value,Medium Value,0.411
roseeeeeyyyyy__,https://www.instagram.com/roseeeeeyyyyy__/reels/,roseeeeeyyyyy__,36000,Micro,11.25,25000,20000.0,Female,,15000,,,,No,Delhi NCR,North,Fashion & Lifestyle,3.0,3.7037037037037037,High Value,High Value,1.0
Tanishi Ravani,https://www.instagram.com/tanishiravani?igsh=MXJyYjBqeDFuOXdyaw%3D%3D,tanishiravani,35800,Micro,2.96,5000,4250.0,Male,,200000,80000.0,120000.0,0.181818182,No,Mumbai,West,Fashion & Lifestyle,3.0,188.73622225577532,Low Value,Low Value,0.0
Fooddby Salem,https://www.instagram.com/fooddbysalem/,fooddbysalem,35800,Micro,7.9,25000,20000.0,Female,3000.0,10000,6000.0,3000.0,,No,Delhi NCR,North,Food,3.0,3.535817834665158,High Value,High Value,1.0
yourgurlsonaliii,https://www.instagram.com/yourgurlsonaliii/,yourgurlsonaliii,35700,Micro,4.11,400000,320000.0,Female,20000.0,160000,,,,No,Bangalore,South,Comedy,3.0,109.04605151062859,Low Value,Low Value,0.0
Sakshi,https://www.instagram.com/drsakshichoubey?igsh=MTQzNnp0YmQ1dnd6Nw%3D%3D,drsakshichoubey,35700,Micro,0.25,3300,2640.0,Female,,7000,5000.0,,,No,Delhi NCR,North,Beauty,3.0,78.43137254901961,Low Value,Low Value,0.03
Sky,https://www.instagram.com/skylurr.in/,skylurr.in,35500,Micro,2.92,35000,28000.0,Male,,400000,240000.0,160000.0,,No,Bangalore,South,Comedy,3.0,385.8769052672198,Low Value,Low Value,0.0
Unnati Bagul,https://www.instagram.com/friesandvogue?igsh=cHI0dmRkandyaTIz,friesandvogue,35500,Micro,1.74,25300,20240.0,Female,,30000,4000.0,6000.0,,No,Goa,West,Beauty,3.0,48.56726566294317,Medium Value,Medium Value,0.411
pr4njali.l,https://www.instagram.com/pr4njali.l,pr4njali.l,35500,Micro,3.2,40000,32000.0,Male,,16000,,,,No,Mumbai,West,Fashion & Lifestyle,3.0,14.084507042253522,Medium Value,Medium Value,0.411
Muskan Sharma,https://www.instagram.com/blendwithmuskan?utm_source=ig_web_button_share_sheet&igsh=ZDNlZDc0MzIxNw==,blendwithmuskan,35500,Micro,2.39,6000,4800.0,Female,1500.0,8000,4000.0,10000.0,,No,Lucknow,North,Beauty,3.0,9.428958689374742,High Value,Medium Value,0.411
Sushma Sangwan,https://www.instagram.com/easy.peasy_home.decor?utm_source=ig_web_button_share_sheet&igsh=ZDNlZDc0MzIxNw==,easy.peasy_home.decor,35400,Micro,2.81,21000,16800.0,Male,50000.0,220000,,60000.0,0.545454546,No,Delhi NCR,North,Finance,3.0,221.16331905824637,Low Value,Low Value,0.0
Ushvaaya,https://www.instagram.com/ushvaaya.kunder?igsh=MTdteWQ3M25tMjNxbA==,ushvaaya.kunder,35036,Micro,2.43,15000,12750.0,Female,,200000,75000.0,50000.0,0.666666667,No,Mumbai,West,Beauty,3.0,234.91416471335538,Low Value,Low Value,0.0
Nikhita,https://www.instagram.com/nikhita_konwar/,nikhita_konwar,35000,Micro,1.0,23945,19156.0,Female,,20000,,,,No,Assam,Northeast,Fashion & Lifestyle,3.0,57.142857142857146,Medium Value,Medium Value,0.06
Barsha Thapa,https://www.instagram.com/barsha_thapa1111/,barsha_thapa1111,35000,Micro,2.64,95200,76160.0,Female,,20000,,,,No,Bangalore,South,Comedy,3.0,21.645021645021647,Medium Value,Medium Value,0.411
Sashi Subba,https://www.instagram.com/bby_sasi/,bby_sasi,35000,Micro,1.0,23945,19156.0,Female,,15000,,,,No,West Bengal,East,Beauty,3.0,42.857142857142854,Medium Value,Medium Value,0.06
Gini Haobizam,https://www.instagram.com/jini_haobizam/,jini_haobizam,35000,Micro,0.44,23945,19156.0,Female,,15000,,,,No,Delhi NCR,North,Fashion & Lifestyle,3.0,97.40259740259741,Low Value,Low Value,0.03
Kunal Vishvakarma,https://www.instagram.com/thekunalvishwakarma/following/,thekunalvishwakarma,35000,Micro,1.58,258625,206900.0,Male,2500.0,2500,1500.0,,,No,Mumbai,West,Beauty,3.0,4.520795660036167,High Value,High Value,0.872
sanskrati_pathak,https://www.instagram.com/sanskrati_pathak?igsh=MXhuaDlkMHlkMmwzbQ==,sanskrati_pathak,34900,Micro,5.45,71400,57120.0,Female,,9000,5000.0,2000.0,,No,Bangalore,South,Beauty,3.0,4.731736810283642,High Value,High Value,0.938
Payal,https://www.instagram.com/payalagarwall_,payalagarwall_,34774,Micro,2.52,15000,12750.0,Male,60000.0,200000,,70000.0,0.666666667,No,Hyderabad,South,Finance,3.0,228.23109036946963,Low Value,Low Value,0.0
Shivam Singh,https://www.instagram.com/foodo_therapy/,foodo_therapy,34700,Micro,2.56,15000,12000.0,Male,3000.0,12000,,,0.363636364,Yes,Delhi NCR,North,Food,3.0,13.508645533141209,High Value,Medium Value,0.411
Aayush,https://www.instagram.com/odishafoodcrush,odishafoodcrush,34600,Micro,7.71,24250,19400.0,Male,50000.0,12000,6000.0,8000.0,0.452783714,No,Mumbai,West,Beauty,3.0,4.498324374170622,High Value,High Value,1.0
Archi,https://www.instagram.com/archipratik?igsh=MXBtN25nMW0xcjljMA==,archipratik,34200,Micro,4.82,45000,36000.0,Female,20000.0,300000,180000.0,120000.0,0.444444444,No,Mumbai,West,Comedy,3.0,181.99024532285068,Low Value,Low Value,0.0
Hritika,https://www.instagram.com/dekahritika_/,dekahritika_,34000,Micro,4.72,25000,20000.0,Female,50000.0,15000,,,0.117132503,No,Assam,Northeast,Beauty,3.0,9.346959122632104,High Value,Medium Value,0.411
Kajal Goyal,https://www.instagram.com/kajal_goyal__/,kajal_goyal__,33800,Micro,2.35,27450,21960.0,Male,,350000,210000.0,140000.0,0.375,No,Delhi NCR,North,Comedy,3.0,440.6395568425029,Low Value,Low Value,0.0
Meera Bhojani,https://www.instagram.com/meera.bhojani?igsh=OGQ5ZDc2ODk2ZA==,meera.bhojani,33700,Micro,0.68,3800,3040.0,Female,,18000,7000.0,,,No,Bihar,East,Beauty,3.0,78.54773957060569,Low Value,Medium Value,0.06
Shruthi,https://www.instagram.com/ishruthigrao_/,ishruthigrao_,33600,Micro,5.2,35000,29750.0,Female,15000.0,70000,15000.0,30000.0,0.181818182,No,Mumbai,West,Food,3.0,40.06410256410256,Medium Value,Medium Value,0.052
Poorvi,https://www.instagram.com/poorvisachan/,poorvisachan,33600,Micro,9.75,28000,22400.0,Male,15000.0,40000,,,,No,Mumbai,West,Travel,3.0,12.21001221001221,High Value,High Value,1.0
Hardik Bafna,https://www.instagram.com/filmyhardik/,filmyhardik,33500,Micro,1.61,10810,8648.0,Female,,150000,60000.0,90000.0,,No,Surat,West,Fashion & Lifestyle,3.0,278.1125428756837,Low Value,Low Value,0.0
Saba,https://www.instagram.com/shoyeba21?igsh=MWtjdXQ0bzVnMWF4OA%3D%3D&utm_source=qr,shoyeba21,33500,Micro,0.45,2900,2320.0,Female,,10000,,2000.0,,No,Hyderabad,South,Beauty,3.0,66.33499170812604,Low Value,Low Value,0.03
Sanskriti Dixit,https://www.instagram.com/sansritidixit05/,sansritidixit05,33407,Micro,2.7,25000,16000.0,Female,20000.0,18000,,,0.8,No,Delhi NCR,North,Fashion & Lifestyle,3.0,19.955897466598817,Medium Value,Medium Value,0.052
Rifah,https://www.instagram.com/_reifff?igsh=N3FzNWd1OTRsdGgy&utm_source=qr,_reifff,33359,Micro,2.9,26687,21350.0,Female,,3000,,,,No,Mumbai,West,Fashion & Lifestyle,3.0,3.1010604593084015,High Value,High Value,0.872
Palak arora,https://www.instagram.com/paalak.paneerr/,paalak.paneerr,33200,Micro,1.03,50000,40000.0,Female,,50000,20000.0,50000.0,,No,Delhi NCR,North,Beauty,3.0,146.21593168791674,Low Value,Low Value,0.024
Carolyn,https://www.instagram.com/yogacaro/,yogacaro,33100,Micro,8.63,25000,20000.0,Female,20000.0,120000,48000.0,72000.0,0.8,No,Bangalore,South,Fashion & Lifestyle,3.0,42.009010932845094,Medium Value,Medium Value,0.031
Aryaman,https://www.instagram.com/aryamanmadaan/,aryamanmadaan,33000,Micro,1.31,23890,19112.0,Female,,100000,40000.0,60000.0,,No,Mumbai,West,Beauty,3.0,231.3208420078649,Low Value,Medium Value,0.052
Swati,https://www.instagram.com/fitandfabwithswati?igsh=MWk2cW4xam52dWRkYg==,fitandfabwithswati,33000,Micro,2.61,5500,4400.0,Female,,28000,5000.0,10000.0,,No,Delhi NCR,North,Fitness,3.0,32.50899802623941,Medium Value,Medium Value,0.052
Prityka,https://www.instagram.com/prityka_/,prityka_,33000,Micro,2.9,23890,19112.0,Female,,25000,,,,No,Manipur,Northeast,Fashion & Lifestyle,3.0,26.12330198537095,Medium Value,Medium Value,0.052
Chiranjeevi Soni,https://www.instagram.com/o_shibu10/,o_shibu10,33000,Micro,1.14,23890,19112.0,Female,,20000,,,,No,Punjab,North,Fashion & Lifestyle,3.0,53.163211057947905,Medium Value,Medium Value,0.052
Tarangini goel,https://www.instagram.com/taranginiii/,taranginiii,33000,Micro,0.23,23890,19112.0,Male,5000.0,20000,14000.0,4000.0,,No,Bangalore,South,Beauty,3.0,263.50461133069825,Low Value,Low Value,0.03
foring00,https://www.instagram.com/foring00,foring00,32913,Micro,37.59,23945,19156.0,Female,50000.0,15000,,,0.072045279,No,Chandigarh,North,Fashion & Lifestyle,3.0,1.2124154543300192,High Value,High Value,1.0
Laiba,https://www.instagram.com/laiibaa9/,laiibaa9,32900,Micro,2.28,24250,19400.0,Female,,5000,3000.0,2000.0,,No,Pune,West,Fashion & Lifestyle,3.0,6.665600170639364,High Value,High Value,0.872
Sakshi,https://www.instagram.com/sakshipal7_/,sakshipal7_,32800,Micro,3.42,20000,16000.0,Female,20000.0,100000,60000.0,40000.0,1.0,No,Mumbai,West,Comedy,3.0,89.14562829838825,Low Value,Medium Value,0.052
Zohair Ahmed,https://www.instagram.com/zoer6n/,zoer6n,32700,Micro,2.45,82600,66080.0,Female,,15000,,,,No,Mumbai,West,Fashion & Lifestyle,3.0,18.72308556450103,Medium Value,Medium Value,0.052
Gahna Wadhwa,https://www.instagram.com/gahnawadhwa/,gahnawadhwa,32700,Micro,2.3,28000,22400.0,Female,,8000,5000.0,,,No,Delhi NCR,North,Food,3.0,10.636883393165801,High Value,Medium Value,0.052
Chandra,https://www.instagram.com/sickochand/,sickochand,32700,Micro,1.75,150000,120000.0,Female,500.0,4000,500.0,500.0,,No,Mumbai,West,Travel,3.0,6.989951944080384,High Value,High Value,0.872
Archana Gujar,https://instagram.com/shimmershine_fit,shimmershine_fit,32630,Micro,3.57,21989,17591.0,Female,20000.0,200000,80000.0,120000.0,0.909545682,No,Mumbai,West,Beauty,3.0,171.68988343115367,Low Value,Low Value,0.0
Valine Punamia,https://www.instagram.com/valine.punamia?igsh=cDh4OWlmeWRiOGI4,valine.punamia,32500,Micro,2.0,23945,19156.0,Female,50000.0,40000,,,1.0,No,Delhi NCR,North,Beauty,3.0,61.53846153846154,Low Value,Medium Value,0.052
Sejal,https://instagram.com/sejalgaikwadofficial,sejalgaikwadofficial,32500,Micro,1.67,10600,8480.0,Female,,21000,4000.0,9000.0,,No,Delhi NCR,North,Beauty,3.0,38.69184707508061,Medium Value,Medium Value,0.052
Aerica,https://www.instagram.com/aerica_the_eten_rovers/,aerica_the_eten_rovers,32400,Micro,5.72,23890,19112.0,Female,150000.0,550000,275000.0,100000.0,,No,West Bengal,East,Comedy,3.0,296.77113010446345,Low Value,Low Value,0.0
Hia,https://www.instagram.com/hiasjournal?igsh=dGhvb2k3YWR5ZTR5,hiasjournal,32400,Micro,1.34,23890,19112.0,Female,,30000,,,,No,Mumbai,West,Beauty,3.0,69.09894969596462,Low Value,Medium Value,0.052
Sneha Chatterjee,https://www.instagram.com/@snehaaachatterjee,snehaaachatterjee,32400,Micro,2.33,24000,20400.0,Female,,20000,,,0.416666667,No,Jaipur,West,Fashion & Lifestyle,3.0,26.492873417050816,Medium Value,Medium Value,0.052
Nemy Kipgen,https://www.instagram.com/nemykipgenofficial/,nemykipgenofficial,32254,Micro,1.49,23839,19071.0,Female,,25000,,,,No,Delhi NCR,North,Fashion & Lifestyle,3.0,52.019977335936275,Medium Value,Medium Value,0.052
Ankita Poddar,https://www.instagram.com/ankitapoddaar/,ankitapoddaar,32188,Micro,1.77,5289,4231.0,Female,3000.0,8000,8000.0,2000.0,,No,Mumbai,West,Fashion & Lifestyle,3.0,14.041798220763747,Medium Value,Medium Value,0.052
Chayani,https://www.instagram.com/chayanikakashyap_/,chayanikakashyap_,32100,Micro,4.28,22000,18700.0,Female,,700000,420000.0,280000.0,0.454545455,No,Bangalore,South,Comedy,3.0,509.5059248260401,Low Value,Low Value,0.0
Vanshika,https://www.instagram.com/vanshikaforpresident,vanshikaforpresident,32100,Micro,6.19,300000,255000.0,Female,,300000,180000.0,120000.0,0.181818182,No,Delhi NCR,North,Comedy,3.0,150.98213881297843,Low Value,Medium Value,0.031
Prativa Tamang,https://www.instagram.com/prativa___tamang/,prativa___tamang,32000,Micro,4.67,6000,5100.0,Female,,15000,,,2.0,No,Delhi NCR,North,Fashion & Lifestyle,3.0,10.037473233404711,High Value,Medium Value,0.052
Christina Debbarma,https://www.instagram.com/christina.jd/,christina.jd,32000,Micro,10.19,23100,18480.0,Female,,15000,,,0.6,No,Delhi NCR,North,Fashion & Lifestyle,3.0,4.600098135426889,High Value,High Value,1.0
Aanchal Sharma,https://www.instagram.com/aaanchalsharma_/,aaanchalsharma_,31900,Micro,2.05,134000,107200.0,Male,,150000,90000.0,60000.0,,No,Mumbai,West,Comedy,3.0,229.37533450569617,Low Value,Low Value,0.0
Karthiga,https://www.instagram.com/karthiga_balas/,karthiga_balas,31850,Micro,3.53,16000,13600.0,Male,1000.0,2000,1000.0,1000.0,0.625,No,Chandigarh,North,Food,3.0,1.7788767282899212,High Value,High Value,0.872
Garv Malik,https://www.instagram.com/imgarvmalik/,imgarvmalik,31800,Micro,4.1,10000,8000.0,Male,50000.0,35000,,,0.286799206,No,Delhi NCR,North,Comedy,3.0,26.8446080687222,Medium Value,Medium Value,0.052
Ritu Moni Roy,https://www.instagram.com/sitzi_v/,sitzi_v,31800,Micro,1.88,7377,5902.0,Female,50000.0,15000,10000.0,5000.0,0.079475841,No,Bangalore,South,Fashion & Lifestyle,3.0,25.09032517061421,Medium Value,Medium Value,0.052
Deepak Kumar,https://www.instagram.com/epicdipic/,epicdipic,31700,Micro,9.25,9000,7200.0,Male,35000.0,215000,,,,Yes,Bangalore,South,Comedy,3.0,73.32253389035724,Low Value,Medium Value,0.031
Nirvaan,https://www.instagram.com/nirvainnn/,nirvainnn,31300,Micro,3.39,22731,18185.0,Male,20000.0,60000,,,,No,Chandigarh,North,Fashion & Lifestyle,3.0,56.54669343210156,Medium Value,Medium Value,0.052
Bitan Biswas,https://www.instagram.com/bong_foodlover?igsh=MThqODZxMXNiczRldQ==,bong_foodlover,31300,Micro,2.76,22731,18185.0,Female,,3000,700.0,1500.0,,No,West Bengal,East,Fashion & Lifestyle,3.0,3.4727045422975413,High Value,High Value,0.872
Rhea / Anusruti,https://www.instagram.com/journey_with_rhea/,journey_with_rhea,31200,Micro,1.62,23346,18677.0,Female,50000.0,5000,,,0.0,No,Mumbai,West,Fashion & Lifestyle,3.0,9.892371003482115,High Value,High Value,0.872
Bhaumik & Vishva,https://www.instagram.com/thatgujjucouple?igsh=bXNoNGlkMHB6NHE=,thatgujjucouple,31100,Micro,5.4,100000,80000.0,Female,8000.0,35000,,,0.991669972,No,Ahmedabad,West,Fashion & Lifestyle,3.0,20.840776467786114,Medium Value,High Value,0.938
Riya Singh,https://www.instagram.com/__riyasingh,__riyasingh,31000,Micro,6.17,23223,18578.0,Male,52000.0,130000,,39000.0,0.678571429,No,Lucknow,North,Finance,3.0,67.96674857531238,Low Value,Medium Value,0.031
Geetu,https://www.instagram.com/_gee__tu_/,_gee__tu_,31000,Micro,2.56,65000,55250.0,Female,50000.0,20000,,,0.153846154,No,Delhi NCR,North,Fashion & Lifestyle,3.0,25.201612903225804,Medium Value,Medium Value,0.052
Sejal Jain,https://www.instagram.com/myfoodssnaps?igsh=bjQxdm5iYjcwOHEz,myfoodssnaps,31000,Micro,0.68,30100,24080.0,Female,47500.0,10000,,,0.951903808,No,Mumbai,West,Fashion & Lifestyle,3.0,47.43833017077799,Medium Value,Medium Value,0.06
Archana Gowda,https://www.instagram.com/acchuvgowda?igsh=MWR1eW43MTJnMmloNQ==,acchuvgowda,30800,Micro,1.72,22916,18333.0,Female,47500.0,6000,2000.0,1000.0,0.919171005,No,Mumbai,West,Beauty,3.0,11.325883418906676,High Value,High Value,0.872
Elizabeth,https://www.instagram.com/thmkelly_/,thmkelly_,30745,Micro,3.25,40000,34000.0,Female,,20000,,,0.25,No,Delhi NCR,North,Beauty,3.0,20.01576241290016,Medium Value,Medium Value,0.052
Snigdha,https://www.instagram.com/tsnigdha18?utm_source=ig_web_button_share_sheet&igsh=ZDNlZDc0MzIxNw==,tsnigdha18,30700,Micro,2.02,5400,4320.0,Male,56000.0,140000,,42000.0,,No,Varanasi,North,Technology,3.0,225.75547457025834,Low Value,Low Value,0.0
Rakhi,https://www.instagram.com/rakhi/,rakhi,30600,Micro,1.86,171120,136896.0,Female,,15000,,,,No,Chennai,South,Fashion & Lifestyle,3.0,26.35462787265444,Medium Value,Medium Value,0.052
Sudhanshu Banotiya,https://www.instagram.com/thegullygrapher/,thegullygrapher,30500,Micro,1.28,3000,2400.0,Female,,70000,35000.0,15000.0,,No,Mumbai,West,Beauty,3.0,179.3032786885246,Low Value,Medium Value,0.052
Vibhor Varshney (SEBI registered),https://www.instagram.com/nakulvibhor?igsh=ZDNlZDc0MzIxNw==,nakulvibhor,30500,Micro,24.8,22731,18185.0,Male,6000.0,15000,,4500.0,1.0,No,Delhi NCR,North,Finance,3.0,1.9830777366472765,High Value,High Value,1.0
Pari patil,https://www.instagram.com/pari_patil05/,pari_patil05,30500,Micro,1.63,53850,43080.0,Female,3000.0,9500,5000.0,3000.0,,No,Mumbai,West,Food,3.0,19.10892084883838,Medium Value,Medium Value,0.052
Amisha,https://www.instagram.com/amishakeswani1?igsh=YWV5Nm9ma3c3ODU4,amishakeswani1,30400,Micro,0.79,8800,7040.0,Female,,13000,7000.0,3000.0,0.644391408,No,Delhi NCR,North,Beauty,3.0,54.13057961359094,Medium Value,Medium Value,0.06
Jessica Thomas,https://www.instagram.com/jessicx.thomxs?igsh=dXF1Z2U5cmc3bHk0,jessicx.thomxs,30300,Micro,9.4,33000,26400.0,Female,47500.0,500000,200000.0,300000.0,0.0,No,Kochi,South,Beauty,3.0,175.5494698406011,Low Value,Low Value,0.0
Justin Nadar,https://www.instagram.com/gdr_justin09/,gdr_justin09,30300,Micro,46.25,144300,115440.0,Male,,55000,50000.0,7500.0,0.666666667,No,Delhi NCR,North,Beauty,3.0,3.9247167960039246,High Value,Medium Value,0.031
Sirjan,https://www.instagram.com/sirjjaann/,sirjjaann,30012,Micro,5.2,40000,34000.0,Male,,70000,30000.0,10000.0,0.181818182,No,Bangalore,South,Entertainment,3.0,44.853853330462684,Medium Value,Medium Value,0.052
Mansi Kataria,https://www.instagram.com/mansikatariaa/,mansikatariaa,30000,Micro,5.64,40000,32000.0,Female,,250000,150000.0,100000.0,,No,Mumbai,West,Comedy,3.0,147.75413711583926,Low Value,Medium Value,0.031
hiyanainanii,https://www.instagram.com/hiyanainanii,hiyanainanii,30000,Micro,19.85,22000,17600.0,Female,5000.0,30000,,,,No,Ahmedabad,West,Beauty,3.0,5.037783375314861,High Value,High Value,1.0
Willina Rai,https://www.instagram.com/ft.wills_/,ft.wills_,30000,Micro,3.63,50000,42500.0,Female,,20000,,,0.2,No,Delhi NCR,North,Fashion & Lifestyle,3.0,18.365472910927455,Medium Value,Medium Value,0.052
ketakitanwar,https://www.instagram.com/ketakitanwar?igsh=MW80dzlmOXg4MHFldQ==,ketakitanwar,30000,Micro,14.57,22000,17600.0,Female,,13000,,,,No,Mumbai,West,Beauty,3.0,2.9741477922672157,High Value,High Value,1.0
Muskaan khan,https://www.instagram.com/Muskaan Khan (@muskaeyyy) ? Instagram photos and videos/,muskaan khan (@muskaeyyy) ? instagram photos and videos,30000,Micro,4.19,12000,9600.0,Female,,5000,3500.0,3500.0,0.0,No,Bangalore,South,Fashion & Lifestyle,3.0,3.977724741447891,High Value,High Value,0.872
Krish Dhawan,https://www.instagram.com/_krxshhh22/,_krxshhh22,29900,Micro,3.4,3588,2870.0,Male,47500.0,50000,30000.0,20000.0,1.0,No,Delhi NCR,North,Comedy,3.0,49.18355301987015,Medium Value,Medium Value,0.052
Bhavya,https://www.instagram.com/dietitianbhavya,dietitianbhavya,29735,Micro,2.11,20000,15800.0,Female,15000.0,50000,25000.0,45000.0,0.75,No,Punjab,North,Beauty,3.0,79.69289545806281,Low Value,Medium Value,0.052
Sanjana,https://www.instagram.com/sanjanaa_patill?igsh=MTRmZ3dnOTZlYjJvdg==,sanjanaa_patill,29600,Micro,12.0,20000,16000.0,Male,3000.0,12000,,,,No,Mumbai,West,Fashion & Lifestyle,3.0,3.3783783783783785,High Value,High Value,1.0
Shankar Bhalla,https://www.instagram.com/shankar_unravelled?igsh=MTdvZm5yZ2oyMjlueQ==,shankar_unravelled,29500,Micro,1.87,15000,12000.0,Male,15000.0,45000,,8000.0,,Yes,Mumbai,West,Finance,3.0,81.57346143388018,Low Value,Medium Value,0.052
Mahek & Ashish,https://www.instagram.com/foodieofmumbai7?igsh=MmUxdXJtcng3dW02,foodieofmumbai7,29300,Micro,1.77,55600,44480.0,Male,47500.0,6000,,,0.13886818,No,Delhi NCR,North,Fashion & Lifestyle,3.0,11.56938740093712,High Value,High Value,0.872
ciya.oswin,https://www.instagram.com/ciya.oswin?igsh=bjl4aHQ1bjZqNWJj,ciya.oswin,29000,Micro,4.8,17000,13600.0,Female,50000.0,250000,,,1.509086288,No,Kochi,South,Beauty,3.0,179.5977011494253,Low Value,Low Value,0.0
Shivam Thakur,https://www.instagram.com/shivmthakur_?igsh=MW1zMWtpd2Y4ZTZwaQ==,shivmthakur_,29000,Micro,7.31,20000,16000.0,Female,,170000,102000.0,68000.0,,No,Delhi NCR,North,Comedy,3.0,80.19246190858058,Low Value,Medium Value,0.031
Divija,https://www.instagram.com/imbabeyo/,imbabeyo,29000,Micro,45.75,20000,16000.0,Female,,45000,,,,No,Delhi NCR,North,Beauty,3.0,3.391746749576032,High Value,High Value,1.0
Verity Hynniewta,https://www.instagram.com/verity_hynniewta_/,verity_hynniewta_,29000,Micro,3.26,20000,16000.0,Female,,25000,,,,No,Meghalaya,Northeast,Fashion & Lifestyle,3.0,26.44383329807489,Medium Value,Medium Value,0.052
stay.fitforever,https://instagram.com/stay.fitforever,stay.fitforever,28961,Micro,4.79,12330,9864.0,Female,15000.0,120000,,36000.0,0.822,No,Bangalore,South,Finance,3.0,86.50320108699923,Low Value,Medium Value,0.052
shivanijaiswal_,https://www.instagram.com/shivanijaiswal_/reels/,shivanijaiswal_,28800,Micro,6.21,12000,9600.0,Male,5000.0,18000,,,,No,West Bengal,East,Fashion & Lifestyle,3.0,10.064412238325282,High Value,High Value,1.0
Aiswarya,https://www.instagram.com/4ishuu._/,4ishuu._,28500,Micro,2.03,8651,6921.0,Female,,6000,3000.0,2500.0,,No,Delhi NCR,North,Beauty,3.0,10.370754472387867,High Value,High Value,0.872
Kanishka vijay,https://www.instagram.com/kanishkavijay,kanishkavijay,28414,Micro,3.0,22731,18185.0,Female,,5000,,,,No,Delhi NCR,North,Fashion & Lifestyle,3.0,5.86565308181413,High Value,High Value,0.872
Upasana Talukdar,https://www.instagram.com/mylove_homedecor?utm_source=ig_web_button_share_sheet&igsh=ZDNlZDc0MzIxNw==,mylove_homedecor,28300,Micro,2.87,7000,5600.0,Female,20000.0,70000,,,,No,Pune,West,Comedy,3.0,86.18460742911316,Low Value,Medium Value,0.052
Shivam Dhingra,https://instagram.com/shivam_dhingra7?igshid=MzRlODBiNWFlZA==,shivam_dhingra7,28300,Micro,2.65,20000,16000.0,Male,6000.0,15000,,4500.0,,No,Delhi NCR,North,Finance,3.0,20.001333422228146,Medium Value,Medium Value,0.052
Madurai,https://www.instagram.com/madurai_thozha?igsh=MTNkN3NtYWpnNGJoNQ==,madurai_thozha,28300,Micro,1.78,20000,16000.0,Male,500.0,1000,400.0,2000.0,,No,Mumbai,West,Food,3.0,1.9851510699964268,High Value,High Value,0.872
Harshit Nirwan,https://www.instagram.com/harshitnirwan,harshitnirwan,28241,Micro,4.02,107073,85658.4,Male,15000.0,60000,15000.0,10000.0,0.14009134,No,Jaipur,West,Beauty,3.0,52.8500164099301,Medium Value,Medium Value,0.052
Deepa Subba,https://www.instagram.com/deepasubba00/,deepasubba00,28000,Micro,3.2,20000,16000.0,Female,50000.0,25000,,,0.294117647,No,Delhi NCR,North,Fashion & Lifestyle,3.0,27.901785714285715,Medium Value,Medium Value,0.052
Arshdeep singh,https://www.instagram.com/a4_arssh/?hl=en,a4_arssh,27800,Micro,2.21,10500,8400.0,Female,,2500,,,0.652173913,No,Delhi NCR,North,Beauty,3.0,4.069142875744653,High Value,High Value,0.872
Anshika Tiwari,https://www.instagram.com/anshiloveskanye/,anshiloveskanye,27700,Micro,1.94,149000,119200.0,Male,47500.0,600000,360000.0,240000.0,0.102341575,No,Mumbai,West,Comedy,3.0,1116.5283412110612,Low Value,Low Value,0.0
Shamika,https://instagram.com/shamikasamant?igshid=MzRlODBiNWFlZA==,shamikasamant,27700,Micro,2.27,20000,16000.0,Female,,70000,10000.0,10000.0,,No,Chennai,South,Beauty,3.0,111.32492565085323,Low Value,Medium Value,0.052
Pinkcess,https://www.instagram.com/pinkcessdb/,pinkcessdb,27400,Micro,7.54,80800,64640.0,Female,1500.0,6000,7000.0,10000.0,,No,Delhi NCR,North,Beauty,3.0,2.904218861933435,High Value,High Value,1.0
Simarjeet Singh,https://www.instagram.com/iamsimarjeetsiingh?igsh=MWg5M3U1c25oNGdyaQ==,iamsimarjeetsiingh,27200,Micro,7.39,17000,8000.0,Male,15000.0,400000,240000.0,160000.0,0.882352941,No,Delhi NCR,North,Comedy,3.0,198.99705484358833,Low Value,Low Value,0.0
Mohit Watwanii,https://www.instagram.com/mohit_watwanii?igsh=NGRyaTMzeDJ2Y3cz,mohit_watwanii,27200,Micro,1.58,13800,11040.0,Male,,12000,8000.0,5000.0,0.0,No,Delhi NCR,North,Fashion & Lifestyle,3.0,27.922561429635145,Medium Value,Medium Value,0.052
Bansari,https://www.instagram.com/bansu_2410/,bansu_2410,27186,Micro,7.87,11995,9596.0,Male,350000.0,250000,,,,No,Vadodara,West,Education,3.0,116.84764497310681,Low Value,Medium Value,0.031
Geetu Moni,https://www.instagram.com/geetu_moni22/,geetu_moni22,27000,Micro,1.07,20000,16000.0,Female,47500.0,20000,,,0.971370143,No,Assam,Northeast,Fashion & Lifestyle,3.0,69.22810661128419,Low Value,Medium Value,0.052
Camelia,https://www.instagram.com/cami_langstang/,cami_langstang,27000,Micro,1.82,20000,16000.0,Female,,15000,,,,No,Meghalaya,Northeast,Fashion & Lifestyle,3.0,30.525030525030527,Medium Value,Medium Value,0.052
Caroline Rebello,https://www.instagram.com/caroline_powerlifts/?hl=en,caroline_powerlifts,27000,Micro,2.18,15700,12560.0,Male,47500.0,1000,,,0.863636364,No,Delhi NCR,North,Food,3.0,1.6989466530750934,High Value,High Value,0.872
Vishwa,https://www.instagram.com/vishwajagtap?igsh=MWdtN2V0aWd5MGZr,vishwajagtap,26700,Micro,1.14,14700,11760.0,Female,,5000,2000.0,2000.0,,No,Mumbai,West,Fashion & Lifestyle,3.0,16.426834877455814,Medium Value,High Value,0.872
Komal Singh,https://www.instagram.com/komal.singh03,komal.singh03,26472,Micro,4.33,19229,15383.2,Female,15000.0,45000,35000.0,25000.0,0.780071767,No,Delhi NCR,North,Fashion & Lifestyle,3.0,39.25887617017624,Medium Value,Medium Value,0.052
Riya Rathi,https://www.instagram.com/ivyri.va/,ivyri.va,26400,Micro,3.74,72250,57800.0,Female,50000.0,200000,180000.0,50000.0,,No,Delhi NCR,North,Beauty,3.0,202.56036298817048,Low Value,Low Value,0.0
Haadiya,https://www.instagram.com/skincare.haadiya?igsh=MXF1MjFjZ2dlZjRkcg==,skincare.haadiya,26300,Micro,3.99,20000,16000.0,Female,50000.0,18000,,,0.416562526,No,Delhi NCR,North,Beauty,3.0,17.15314903227651,Medium Value,Medium Value,0.052
Mohammad Anwarshah,https://instagram.com/xshah_.ash?igshid=YmMyMTA2M2Y=,xshah_.ash,26200,Micro,3.75,20000,16000.0,Male,50000.0,400000,,,,No,Kerala,South,Fashion & Lifestyle,3.0,407.1246819338422,Low Value,Low Value,0.0
Sejal Banodha,https://www.instagram.com/sejalbanodha?igsh=em5rd3QxMXQzemlq,sejalbanodha,26100,Micro,4.33,75100,60080.0,Female,47500.0,7000,,,0.112001886,No,Delhi NCR,North,Food,3.0,6.193977683983258,High Value,Medium Value,0.052
Khusi,https://www.instagram.com/khusinewar_/,khusinewar_,26000,Micro,1.6,20000,16000.0,Female,,20000,,,,No,Assam,Northeast,Beauty,3.0,48.07692307692308,Medium Value,Medium Value,0.052
Radhya Bhati,https://www.instagram.com/radhya_bhati/profilecard/?igsh=NDhzeWs2Z20xcjJw,radhya_bhati,26000,Micro,2.95,11100,8880.0,Female,,18000,5000.0,3500.0,,No,Delhi NCR,North,Fashion & Lifestyle,3.0,23.46805736636245,Medium Value,Medium Value,0.052
Krishi Vadhani,https://www.instagram.com/krishiivadhani?igsh=cDRhM3F6dHZ1NHNk,krishiivadhani,26000,Micro,14.55,7400,5920.0,Female,,15000,15000.0,7000.0,,No,Delhi NCR,North,Beauty,3.0,3.965107057890563,High Value,High Value,1.0
Ankita,https://www.instagram.com/ankuhavocc/,ankuhavocc,25800,Micro,9.32,151320,121056.0,Female,30000.0,150000,,,,No,Punjab,North,Fashion & Lifestyle,3.0,62.38147519712546,Low Value,Medium Value,0.031
Neshka Savera,https://www.instagram.com/neshkasavera/,neshkasavera,25800,Micro,7.35,15279,12223.0,Female,,85000,50000.0,30000.0,,Yes,Mumbai,West,Beauty,3.0,44.82413120286875,Medium Value,Medium Value,0.031
Ishita Malviya,https://www.instagram.com/surfishita/,surfishita,25700,Micro,4.8,16600,13280.0,Female,75000.0,400000,350000.0,75000.0,,No,Kerala,South,Comedy,3.0,324.254215304799,Low Value,Low Value,0.0
Ananya Bhonsle,https://www.instagram.com/ananya_bhonsle?igsh=MjJ0Zmc2Z2ViMG9i,ananya_bhonsle,25700,Micro,0.66,7600,6080.0,Female,,28000,7000.0,8000.0,0.37037037,No,Delhi NCR,North,Fashion & Lifestyle,3.0,165.07487324607948,Low Value,Medium Value,0.06
harshit doshi,https://www.instagram.com/musafir_dil_harshi/,musafir_dil_harshi,25700,Micro,1.9,4800,3840.0,Female,,28000,9000.0,7000.0,,No,Delhi NCR,North,Beauty,3.0,57.34179807495392,Medium Value,Medium Value,0.052
Maq,https://www.instagram.com/maqrotech/,maqrotech,25600,Micro,2.16,2700,2160.0,Male,6000.0,30000,18000.0,8000.0,,No,Delhi NCR,North,Fashion & Lifestyle,3.0,54.25347222222222,Medium Value,Medium Value,0.052
Riya,https://www.instagram.com/riyamota04/,riyamota04,25555,Micro,0.95,15607,12486.0,Female,,15000,8000.0,5000.0,,No,Mumbai,West,Beauty,3.0,61.7862402043065,Low Value,Medium Value,0.06
Pratibha,https://www.instagram.com/pratibharies/,pratibharies,25500,Micro,1.2,1900,1520.0,Female,200000.0,120000,,,,No,Bangalore,South,Finance,3.0,392.15686274509807,Low Value,Medium Value,0.052
Isha & Aashi,https://www.instagram.com/whatthetwinssate/,whatthetwinssate,25500,Micro,0.41,34600,27680.0,Female,,6000,,,0.344827586,No,Mumbai,West,Beauty,3.0,57.38880918220947,Medium Value,Low Value,0.03
Apoorva Bhatt,https://www.instagram.com/Homes of Inspiration/,homes of inspiration,25400,Micro,2.06,18000,14400.0,Male,,100000,60000.0,40000.0,,No,Bangalore,South,Fashion & Lifestyle,3.0,191.1168870881431,Low Value,Medium Value,0.052
Riyaz Khan,https://www.instagram.com/mnameisriyaz?igsh=MXVxbHVlc3M4czNxOQ==,mnameisriyaz,25400,Micro,8.92,24200,19360.0,Male,,5000,1500.0,7000.0,,No,Hyderabad,South,Fashion & Lifestyle,3.0,2.206842978708379,High Value,High Value,1.0
Aneesh Prabhakar,https://www.instagram.com/aneesh.prabhakar_/,aneesh.prabhakar_,25200,Micro,12.95,125000,100000.0,Female,,100000,45000.0,15000.0,1.0,No,Bangalore,South,Beauty,3.0,30.64288778574493,Medium Value,Medium Value,0.031
Ankita,https://www.instagram.com/explorewith_ankita?igsh=aTJrMDJmemZtb2Vs,explorewith_ankita,25200,Micro,1.73,20000,16000.0,Male,45000.0,8000,4800.0,3200.0,1.0,No,Delhi NCR,North,Comedy,3.0,18.35030736764841,Medium Value,Medium Value,0.052
Prerna Gawade,https://www.instagram.com/living_with_perry?igsh=MTZ2M2Nza2Q2Z2dmZA==,living_with_perry,25100,Micro,0.81,20176,16141.0,Female,,4000,,,,No,Delhi NCR,North,Travel,3.0,19.674388864295903,Medium Value,Medium Value,0.06
Pemu ghising,https://instagram.com/pemughising_/,pemughising_,25000,Micro,14.93,20000,16000.0,Female,,20000,,,,No,West Bengal,East,Beauty,3.0,5.35833891493637,High Value,High Value,1.0
Yash,https://www.instagram.com/fooddieyash,fooddieyash,25000,Micro,7.63,35000,28000.0,Male,,4000,,,,No,Delhi NCR,North,Fashion & Lifestyle,3.0,2.0969855832241153,High Value,High Value,1.0
abhishreeakolkar,https://www.instagram.com/abhishreeakolkar/,abhishreeakolkar,24900,Micro,2.5,26900,21520.0,Female,,15000,4000.0,6000.0,0.394736842,No,Delhi NCR,North,Fashion & Lifestyle,3.0,24.096385542168676,Medium Value,Medium Value,0.052
Pranit Jhadav,https://www.instagram.com/ft.pranit/,ft.pranit,24814,Micro,4.79,20000,16000.0,Male,,300000,180000.0,120000.0,,No,Mumbai,West,Comedy,3.0,252.3997749940139,Low Value,Low Value,0.0
Food hub Mysuru,https://www.instagram.com/foodhubmysuru/,foodhubmysuru,24700,Micro,5.4,20000,16000.0,Female,1500.0,3000,2000.0,,,No,Hyderabad,South,Fashion & Lifestyle,3.0,2.249212775528565,High Value,High Value,0.938
Reehal baig,https://www.instagram.com/reehalbaigofficial/,reehalbaigofficial,24688,Micro,4.01,10036,8028.8,Male,15000.0,75000,35000.0,100000.0,0.669066667,No,Bangalore,South,Fashion & Lifestyle,3.0,75.75843282267437,Low Value,Medium Value,0.052
sanu.official_,https://www.instagram.com/sanu.official_,sanu.official_,24600,Micro,6.84,42000,33600.0,Male,45000.0,550000,330000.0,220000.0,1.0,No,Bangalore,South,Comedy,3.0,326.8673037607569,Low Value,Low Value,0.0
Preksha,https://www.instagram.com/_.prek.__//,_.prek.__,24600,Micro,3.14,128440,102752.0,Male,,50000,30000.0,20000.0,,No,Kerala,South,Comedy,3.0,64.72994666252394,Low Value,Medium Value,0.052
Gursimar,https://www.instagram.com/_gursimarora_?igsh=cWozMGN3cm81MW1h,_gursimarora_,24600,Micro,2.21,24100,19280.0,Female,,20000,12000.0,20000.0,,No,West Bengal,East,Beauty,3.0,36.78769819372402,Medium Value,Medium Value,0.052
Trishala Sharma,https://www.instagram.com/trishala.sharma?igsh=MXJoOXRrcWpsb3Npag==,trishala.sharma,24600,Micro,0.27,1000,800.0,Female,,8000,5000.0,3000.0,,No,Mumbai,West,Beauty,3.0,120.44564890093345,Low Value,Low Value,0.03
Khushi Sanghvi,https://www.instagram.com/khushisanghavi_28/profilecard/?igsh=bGJzd3FvcXMxZzR4,khushisanghavi_28,24500,Micro,2.19,42500,34000.0,Female,,5000,2500.0,1000.0,,No,Delhi NCR,North,Fashion & Lifestyle,3.0,9.318796011555309,High Value,High Value,0.872
Arvindh,https://www.instagram.com/arvindhhh_/,arvindhhh_,24100,Micro,5.2,40000,34000.0,Male,24000.0,60000,,18000.0,0.181818182,No,Delhi NCR,North,Business & Marketing,3.0,47.87743376954995,Medium Value,Medium Value,0.052
Jhilmil Vashistha,https://www.instagram.com/jhilmil_vashistha/,jhilmil_vashistha,24100,Micro,2.17,4900,3920.0,Female,,25000,18000.0,1000.0,,No,Delhi NCR,North,Beauty,3.0,47.80388932443543,Medium Value,Medium Value,0.052
Shine Grover,https://www.instagram.com/shyyniee/,shyyniee,24100,Micro,8.75,48000,38400.0,Male,4000.0,12000,,,,No,Delhi NCR,North,Fashion & Lifestyle,3.0,5.6905749851807945,High Value,High Value,1.0
Kumar Sangam,https://www.instagram.com/kumarsangam07/,kumarsangam07,24000,Micro,4.27,9000,7200.0,Female,,4000,,,,No,Bangalore,South,Fashion & Lifestyle,3.0,3.9032006245121003,High Value,High Value,0.872
The Glorious Gourmet,https://www.instagram.com/the_glourious_gourmet?igsh=eWVwbnc2bzZrYjRr,the_glourious_gourmet,23900,Micro,3.0,12745,10196.0,Male,5000.0,20000,7000.0,5000.0,,No,Delhi NCR,North,Food,3.0,27.89400278940028,Medium Value,Medium Value,0.052
vedika,https://www.instagram.com/vedika_kaul_vyas/,vedika_kaul_vyas,23900,Micro,2.33,23300,18640.0,Female,,3000,,,,No,Mumbai,West,Fashion & Lifestyle,3.0,5.387253757609496,High Value,High Value,0.872
Puja Boro,https://www.instagram.com/puja_boro__1/,puja_boro__1,23700,Micro,3.9,20000,16000.0,Female,50000.0,13000,,,0.89926,No,Delhi NCR,North,Fashion & Lifestyle,3.0,14.064697609001406,Medium Value,Medium Value,0.052
Shefali,https://www.instagram.com/itsshefalii/,itsshefalii,23700,Micro,2.0,7052,5642.0,Female,1500.0,3000,2500.0,2000.0,,No,Mumbai,West,Fashion & Lifestyle,3.0,6.329113924050633,High Value,High Value,0.872
Swetha and Devrath,https://www.instagram.com/sweatyninjas?igsh=amRtOWp6ZnhhOTFw,sweatyninjas,23500,Micro,8.63,20000,12000.0,Female,15000.0,85000,22000.0,10000.0,0.75,No,Delhi NCR,North,Beauty,3.0,41.91218165232612,Medium Value,Medium Value,0.031
Deepti Asthana,https://www.instagram.com/deeptiasthana/,deeptiasthana,23400,Micro,1.97,3300,2640.0,Male,45000.0,275000,,,0.133631083,No,Mumbai,West,Beauty,3.0,596.5551650830838,Low Value,Low Value,0.0
Revati,https://www.instagram.com/revatipalshetkar?igsh=b285andnbjc3aGl5,revatipalshetkar,23300,Micro,0.39,2500,2000.0,Female,,12000,8000.0,16000.0,0.635294118,No,Delhi NCR,North,Fashion & Lifestyle,3.0,132.05678441729944,Low Value,Low Value,0.03
Chaitanya,https://www.instagram.com/cbskurnool/,cbskurnool,23300,Micro,2.55,20176,16141.0,Female,,3000,,,,No,Delhi NCR,North,Fashion & Lifestyle,3.0,5.049229992426155,High Value,High Value,0.872
ruuhita,https://www.instagram.com/ruuhita,ruuhita,23240,Micro,1.19,26000,20800.0,Female,,25000,8000.0,3000.0,,No,Mumbai,West,Beauty,3.0,90.39760482506256,Low Value,Medium Value,0.052
Alka,https://www.instagram.com/mycradleofdreams?utm_source=ig_web_button_share_sheet&igsh=ZDNlZDc0MzIxNw==,mycradleofdreams,23100,Micro,2.65,12200,9760.0,Female,,40000,30000.0,50000.0,,No,Mumbai,West,Fashion & Lifestyle,3.0,65.34346156987667,Low Value,Medium Value,0.052
Ankita Chatterjee,https://www.instagram.com/ankitachatterjee._?igsh=MWJyMXRnNnNoYnFnag==,ankitachatterjee._,23100,Micro,2.63,8000,6400.0,Female,45000.0,30000,7000.0,10000.0,0.580630177,No,Mumbai,West,Beauty,3.0,49.38027751715965,Medium Value,Medium Value,0.052
Taniya Biswas,https://www.instagram.com/taniyabis/?hl=en,taniyabis,23000,Micro,1.02,21000,16800.0,Female,,55000,2000.0,40000.0,,No,Mumbai,West,Fashion & Lifestyle,3.0,234.44160272804774,Low Value,Low Value,0.024
Deepa Achom,https://www.instagram.com/deepa.achom/,deepa.achom,23000,Micro,3.72,21000,16800.0,Female,,15000,,,,No,Manipur,Northeast,Fashion & Lifestyle,3.0,17.53155680224404,Medium Value,Medium Value,0.052
Almas Siddique,https://www.instagram.com/_almassiddique_/,_almassiddique_,22800,Micro,1.02,7200,5760.0,Female,,38000,18000.0,15000.0,,No,Mumbai,West,Beauty,3.0,163.3986928104575,Low Value,Medium Value,0.06
Pratik Pawar,https://www.instagram.com/pratikpawarr/,pratikpawarr,22700,Micro,6.16,125620,100496.0,Male,,6000,,,,No,Mumbai,West,Beauty,3.0,4.290863321700327,High Value,High Value,1.0
TheDevilMayCry,https://www.instagram.com/the_devil_may_cry46,the_devil_may_cry46,22600,Micro,1.51,23000,18400.0,Female,500.0,2000,1000.0,1000.0,,No,Punjab,North,Food,3.0,5.86063412061185,High Value,High Value,0.872
Krisha Jain,https://www.instagram.com/krisha_jain?igsh=MXBrNDJjazBxNDJsbw==,krisha_jain,22500,Micro,0.88,5800,4640.0,Female,50000.0,15000,3500.0,2500.0,0.833333333,No,Delhi NCR,North,Beauty,3.0,75.75757575757575,Low Value,Medium Value,0.06
Aaditya,https://www.instagram.com/thebufffguy/,thebufffguy,22500,Micro,1.46,83630,66904.0,Male,,15000,,,,No,Mumbai,West,Travel,3.0,45.662100456621005,Medium Value,Medium Value,0.052
Akshit Tyagi,https://www.instagram.com/Akshit/,akshit,22300,Micro,2.27,22300,17840.0,Female,,500000,300000.0,200000.0,,No,Delhi NCR,North,Comedy,3.0,987.7323640386402,Low Value,Low Value,0.0
bike wale baba,https://www.instagram.com/univarsal_bike_knowledge,univarsal_bike_knowledge,22300,Micro,2.26,15700,12560.0,Male,45000.0,150000,90000.0,60000.0,1.0,No,Delhi NCR,North,Comedy,3.0,297.6308583673956,Low Value,Low Value,0.0
Vishakha Biswas,https://www.instagram.com/bisuonthego/,bisuonthego,22000,Micro,14.05,15000,12000.0,Female,,200000,80000.0,50000.0,,No,Mumbai,West,Gaming,3.0,64.70397929472662,Low Value,Medium Value,0.031
Mimy Liansangpuii,https://www.instagram.com/stylewithmimy/,stylewithmimy,22000,Micro,40.95,15000,12000.0,Female,,20000,,,,No,Mumbai,West,Fashion & Lifestyle,3.0,2.2200022200022196,High Value,High Value,1.0
Tanya Pandey,https://www.instagram.com/tanyyaa.a/,tanyyaa.a,22000,Micro,2.3,15000,12000.0,Female,,15000,,,,No,Chandigarh,North,Beauty,3.0,29.644268774703562,Medium Value,Medium Value,0.052
Bhavika,https://www.instagram.com/absolutelyanugget/,absolutelyanugget,22000,Micro,0.12,50000,40000.0,Female,45000.0,15000,10000.0,0.0,1.0,No,Mumbai,West,Beauty,3.0,568.1818181818182,Low Value,Low Value,0.03
Abhinav,https://instagram.com/denimen_?igshid=YmMyMTA2M2Y=,denimen_,21800,Micro,0.84,12722,10178.0,Male,,100000,70000.0,25000.0,,No,Kerala,South,Beauty,3.0,546.08999563128,Low Value,Low Value,0.024
Pratima srivas,https://www.instagram.com/pratima_srivas97,pratima_srivas97,21711,Micro,4.38,49629,39703.0,Female,15000.0,100000,100000.0,40000.0,0.30224264,No,Delhi NCR,North,Beauty,3.0,105.15890667546637,Low Value,Medium Value,0.052
Hiteshi Dodiya,https://www.instagram.com/_hiteshi_/,_hiteshi_,21600,Micro,4.37,12700,10160.0,Female,50000.0,25000,,,0.087173166,No,Mumbai,West,Beauty,3.0,26.4852953640139,Medium Value,Medium Value,0.052
Vaishnavi,https://www.instagram.com/_vaishnaavi/,_vaishnaavi,21500,Micro,2.24,10300,8240.0,Female,,45000,10000.0,5000.0,,No,Mumbai,West,Beauty,3.0,93.43853820598005,Low Value,Medium Value,0.052
Alay Shah,https://www.instagram.com/alayshahvlogs/,alayshahvlogs,21500,Micro,0.25,9112,7290.0,Male,,20000,2000.0,4000.0,,No,Mumbai,West,Fashion & Lifestyle,3.0,372.09302325581393,Low Value,Low Value,0.03
Sakshi Jhunjhunwala,https://www.instagram.com/jhunjhunwalasakshi/,jhunjhunwalasakshi,21300,Micro,0.89,10700,8560.0,Female,,18000,3500.0,3000.0,0.545454546,No,Mumbai,West,Fashion & Lifestyle,3.0,94.95173286912487,Low Value,Medium Value,0.06
Siddhi Chettri,https://www.instagram.com/siddhichettrii/,siddhichettrii,21000,Micro,34.39,12473,9978.0,Female,40000.0,15000,,,1.0,No,West Bengal,East,Fashion & Lifestyle,3.0,2.077015743779338,High Value,High Value,1.0
Yate Nabam,https://www.instagram.com/yate.nabam/,yate.nabam,21000,Micro,2.56,12473,9978.0,Female,40000.0,15000,,,0.0,No,Mumbai,West,Fashion & Lifestyle,3.0,27.90178571428571,Medium Value,Medium Value,0.052
Mayank Sachdeva,https://www.instagram.com/shoe_chhey/,shoe_chhey,20700,Micro,1.22,92010,73608.0,Female,,35000,30000.0,15000.0,,Yes,Delhi NCR,North,Beauty,3.0,138.59190623267602,Low Value,Medium Value,0.052
Simran bakhtiyar,https://instagram.com/ca_simranbakhtiyar?igshid=MzRlODBiNWFlZA==,ca_simranbakhtiyar,20700,Micro,5.2,12700,10160.0,Female,7200.0,18000,,5400.0,,No,Chhattisgarh,Central,Finance,3.0,16.72240802675585,Medium Value,Medium Value,0.052
Aditi Patil,https://www.instagram.com/aditipatill02?igsh=MTE0bzVnNzU2dTF4bA==,aditipatill02,20700,Micro,3.12,8200,6560.0,Female,4000.0,8000,10000.0,8000.0,0.98027683,No,Mumbai,West,Fashion & Lifestyle,3.0,12.386968908708038,High Value,Medium Value,0.052
Bindu Garg,https://www.instagram.com/un_leashed_spirit,un_leashed_spirit,20677,Micro,2.57,74559,59647.2,Female,15000.0,3000,3000.0,3000.0,0.201182956,No,Mumbai,West,Fashion & Lifestyle,3.0,5.645476496093612,High Value,High Value,0.872
John Dominic Rai,https://www.instagram.com/thewhitehairedguy/,thewhitehairedguy,20618,Micro,28.02,13022,10418.0,Male,250000.0,200000,,,,No,West Bengal,East,Education,3.0,34.61906462195393,Medium Value,Medium Value,0.031
fitnfab_by_dr.reema,https://instagram.com/fitnfab_by_dr.reema,fitnfab_by_dr.reema,20614,Micro,4.31,10874,8699.2,Female,15000.0,200000,120000.0,80000.0,0.724933333,No,Bangalore,South,Comedy,3.0,225.10775345388456,Low Value,Low Value,0.0
Ishika Jaiwani,https://www.instagram.com/ishikajaiwani/,ishikajaiwani,20600,Micro,4.98,15700,12560.0,Female,40000.0,15000,2000.0,4000.0,0.235961751,No,Mumbai,West,Beauty,3.0,14.62159316879167,Medium Value,Medium Value,0.052
Food Canvas,https://www.instagram.com/foodcanvas97,foodcanvas97,20600,Micro,2.27,8700,6960.0,Male,6000.0,12000,5000.0,4000.0,,No,West Bengal,East,Food,3.0,25.66186219580001,Medium Value,Medium Value,0.052
Saloni Arora,https://www.instagram.com/saloniarora18,saloniarora18,20439,Micro,3.05,22997,18397.6,Female,15000.0,90000,30000.0,35000.0,0.65225899,No,Bangalore,South,Beauty,3.0,144.372017815507,Low Value,Medium Value,0.052
Nancy Bafna,https://www.instagram.com/nanceeee.__/,nanceeee.__,20422,Micro,3.75,7000,5600.0,Female,50000.0,12000,5000.0,5000.0,0.165808882,No,Mumbai,West,Fashion & Lifestyle,3.0,15.66937616296151,Medium Value,Medium Value,0.052
Sameer,https://www.instagram.com/sameerr.dxb/,sameerr.dxb,20400,Micro,0.49,60000,48000.0,Male,,65000,45000.0,60000.0,,No,Delhi NCR,North,Fashion & Lifestyle,3.0,650.2601040416167,Low Value,Low Value,0.0
Nakul Thakur,https://www.instagram.com/nakulthakurrrr,nakulthakurrrr,20200,Micro,2.0,3870,3096.0,Male,40000.0,15000,10000.0,,0.954653938,No,Hyderabad,South,Fashion & Lifestyle,3.0,37.12871287128713,Medium Value,Medium Value,0.052
Torali Kakati,https://www.instagram.com/tora3._/,tora3._,20000,Micro,0.66,14011,11209.0,Female,,15000,,,,No,Assam,Northeast,Beauty,3.0,113.63636363636364,Low Value,Medium Value,0.06
Deepanjali Rana,https://www.instagram.com/deepanjaliiieee?igsh=MXU5dWp2bW9laGI5MA%3D%3D,deepanjaliiieee,20000,Micro,2.78,15000,12000.0,Female,,15000,,,,No,Delhi NCR,North,Comedy,3.0,26.978417266187055,Medium Value,Medium Value,0.052
Urvashi,https://www.instagram.com/yogagirl_urvashi,yogagirl_urvashi,20000,Micro,0.6,2500,2000.0,Female,3000.0,7000,3000.0,2500.0,0.576923077,No,Chhattisgarh,Central,Fashion & Lifestyle,3.0,58.333333333333336,Medium Value,Medium Value,0.06
Nandani,https://www.instagram.com/fit_nandini_/,fit_nandini_,20000,Micro,2.9,12000,9600.0,Female,,7000,3000.0,4000.0,3.75,No,Chandigarh,North,Fashion & Lifestyle,3.0,12.068965517241379,High Value,Medium Value,0.052
Chitranjan,https://www.instagram.com/__chitranjan__/,__chitranjan__,19900,Micro,1.46,75340,60272.0,Male,,200000,120000.0,80000.0,,No,Mumbai,West,Comedy,3.0,688.3733737179045,Low Value,Low Value,0.0
Arunima,https://www.instagram.com/ft.chippy?igsh=MW9kOGZ5aTlidTN0eg==,ft.chippy,19900,Micro,2.14,13022,10418.0,Male,,18000,10800.0,7200.0,,No,Delhi NCR,North,Comedy,3.0,42.267411825482554,Medium Value,Medium Value,0.052
Priyanka Nazareth,https://www.instagram.com/priyanka_nazareth/,priyanka_nazareth,19900,Micro,1.02,3500,2800.0,Female,7500.0,12000,5000.0,4000.0,,No,Mumbai,West,Fashion & Lifestyle,3.0,59.119125036949455,Low Value,Medium Value,0.06
Faraz Khan,https://www.instagram.com/ig_wizzgod/,ig_wizzgod,19800,Micro,29.5,77200,61760.0,Male,,16000,15000.0,,,No,Mumbai,West,Travel,3.0,2.739256976545112,High Value,High Value,1.0
Prabhav Sharma,https://www.instagram.com/justshoot_it_/,justshoot_it_,19800,Micro,2.4,4800,3840.0,Female,2000.0,7000,3000.0,2000.0,,No,Bangalore,South,Beauty,3.0,14.730639730639732,Medium Value,Medium Value,0.052
Techi Yala,https://www.instagram.com/techi.yala/,techi.yala,19796,Micro,5.96,14011,11209.0,Female,,25000,,,,No,Ahmedabad,West,Beauty,3.0,21.189285070131447,Medium Value,Medium Value,0.2
Ruhi,https://www.instagram.com/ruhhee?igsh=dWdyNGt6dzA4OHkx,ruhhee,19700,Micro,3.17,4700,3760.0,Female,40000.0,4000,,,0.859291085,No,Ahmedabad,West,Beauty,3.0,6.405226664958606,High Value,High Value,0.872
Sabyasachi Bose,https://www.instagram.com/officialantidotecs/,officialantidotecs,19500,Micro,0.03,17200,13760.0,Male,,65000,22000.0,15000.0,,Yes,Mumbai,West,Fashion & Lifestyle,3.0,11111.111111111111,Low Value,Low Value,0.0
Sayena,https://instagram.com/scrumptious.siliguri,scrumptious.siliguri,19500,Micro,1.1,15000,12000.0,Female,1000.0,5000,3000.0,2000.0,,No,Mumbai,West,Beauty,3.0,23.31002331002331,Medium Value,High Value,0.872
Akash Gurav,https://www.instagram.com/akash.feat?igsh=MTk4MWl4MHlkcDJtZA==,akash.feat,19200,Micro,6.26,17900,14320.0,Male,2500.0,10000,5000.0,4000.0,,No,Mumbai,West,Fashion & Lifestyle,3.0,8.320021299254526,High Value,High Value,0.97
The Travelling Tummy,https://www.instagram.com/thetravellingtummyy?igsh=bWE1bmZhMGNrNTNw,thetravellingtummyy,19200,Micro,1.27,3100,2480.0,Female,2000.0,10000,4000.0,3000.0,0.841375,No,Bhopal,Central,Travel,3.0,41.01049868766404,Medium Value,Medium Value,0.052
Tech On Wheels,https://www.instagram.com/techon.wheels/,techon.wheels,19200,Micro,3.64,15000,12000.0,Female,,6000,,,,No,Delhi NCR,North,Beauty,3.0,8.585164835164836,High Value,High Value,0.872
TeamAutoTrend,https://www.instagram.com/teamautotrend,teamautotrend,19200,Micro,2.05,12300,9840.0,Female,1000.0,3000,,3000.0,,No,Assam,Northeast,Beauty,3.0,7.621951219512194,High Value,High Value,0.872
Bhavna Bhatnagar,https://www.instagram.com/anindiansummer?igsh=MWQ3eWc1YWdxYnE4bA==,anindiansummer,19100,Micro,2.43,2900,2320.0,Male,,100000,25000.0,10000.0,0.545454546,No,Pune,West,Fashion & Lifestyle,3.0,215.4568763062073,Low Value,Medium Value,0.052
Devyaanshi,https://www.instagram.com/devyaanshi.bajaj?igsh=MWk3N2V6OHlkbDJoYw==,devyaanshi.bajaj,19000,Micro,2.05,15250,12200.0,Female,40000.0,150000,,,1.0,No,Delhi NCR,North,Beauty,3.0,385.10911424903725,Low Value,Low Value,0.0
ashishhkhatrii,https://www.instagram.com/ashishhkhatrii/,ashishhkhatrii,19000,Micro,9.03,15250,12200.0,Female,40000.0,100000,60000.0,40000.0,0.8,No,Mumbai,West,Comedy,3.0,58.28524800373025,Medium Value,Medium Value,0.031
Shrestha,https://www.instagram.com/shresthabora/,shresthabora,19000,Micro,1.55,15250,12200.0,Female,,25000,,,,No,Assam,Northeast,Comedy,3.0,84.88964346349745,Low Value,Medium Value,0.052
Carollyne Jane Lyngkhoi,https://www.instagram.com/carollynelyngkhoi/,carollynelyngkhoi,19000,Micro,2.64,15250,12200.0,Female,40000.0,20000,,,0.952380952,No,Meghalaya,Northeast,Beauty,3.0,39.87240829346092,Medium Value,Medium Value,0.052
Sonia,https://www.instagram.com/anna_soyu/,anna_soyu,19000,Micro,3.5,15250,12200.0,Female,,20000,,,,No,Manipur,Northeast,Fashion & Lifestyle,3.0,30.075187969924812,Medium Value,Medium Value,0.052
Neha,https://www.instagram.com/nehatea_?igsh=MWk0ZGxtNXlnNjNibQ==,nehatea_,19000,Micro,1.74,15250,12200.0,Female,,20000,,,,Yes,Delhi NCR,North,Beauty,3.0,60.49606775559588,Low Value,Medium Value,0.052
Subani Jelly,https://www.instagram.com/mian._.mian/,mian._.mian,19000,Micro,0.86,15250,12200.0,Female,,20000,,,,No,Mumbai,West,Beauty,3.0,122.39902080783354,Low Value,Medium Value,0.06
Nijira Narzary,https://www.instagram.com/nijiratv/,nijiratv,19000,Micro,4.66,15250,12200.0,Female,50000.0,15000,,,0.0,No,Assam,Northeast,Comedy,3.0,16.9414953693246,Medium Value,Medium Value,0.052
Udenla,https://www.instagram.com/udenla_bhutia/,udenla_bhutia,19000,Micro,2.07,15250,12200.0,Female,,15000,,,,No,Bangalore,South,Fashion & Lifestyle,3.0,38.13882532418001,Medium Value,Medium Value,0.052
Umang Panchal,https://www.instagram.com/tedhi_unglii/,tedhi_unglii,18900,Micro,4.0,15800,12640.0,Female,,35000,25000.0,15000.0,,No,Pune,West,Beauty,3.0,46.2962962962963,Medium Value,Medium Value,0.052
Ankita Jain,https://www.instagram.com/decorhaulstories?igsh=bTByZHlqYTJta2Nj,decorhaulstories,18800,Micro,2.3,1300,1040.0,Male,50000.0,30000,25000.0,10000.0,0.053970269,No,Delhi NCR,North,Fashion & Lifestyle,3.0,69.38020351526364,Low Value,Medium Value,0.052
Manyak & Shubham,https://www.instagram.com/thandi_aag/,thandi_aag,18719,Micro,6.7,15250,12200.0,Female,,25000,,,,No,Mumbai,West,Comedy,3.0,19.93345415664346,Medium Value,Medium Value,0.2
Pari Mukherjee,https://www.instagram.com/pari_travel_and_decor?igsh=MWwzdzByMHQyaWh3dQ==,pari_travel_and_decor,18700,Micro,2.8,2400,1920.0,Male,,120000,72000.0,48000.0,,No,Pune,West,Comedy,3.0,229.18258212375858,Low Value,Medium Value,0.052
Khushii,https://www.instagram.com/khusshii09?igsh=MWxqdDFwZGZ6OWEzbw%3D%3D,khusshii09,18700,Micro,1.76,25500,20400.0,Female,3000.0,10000,4000.0,2000.0,1.0,No,Delhi NCR,North,Fashion & Lifestyle,3.0,30.38405444822557,Medium Value,Medium Value,0.052
KMK,https://www.instagram.com/theinmegirl/,theinmegirl,18604,Micro,5.2,18000,15000.0,Male,15000.0,15000,10000.0,5000.0,0.833333333,No,Hyderabad,South,Fashion & Lifestyle,3.0,15.505350379570977,Medium Value,Medium Value,0.052
suhail,https://www.instagram.com/vlogswithsuhail?igsh=MXJ4NzU1MWtnaW0xdQ==,vlogswithsuhail,18500,Micro,1.73,10900,8720.0,Male,1000.0,3000,2000.0,1000.0,0.112359551,No,Mumbai,West,Travel,3.0,9.373535385096078,High Value,High Value,0.872
Nitish Bassi,https://www.instagram.com/electricalunboxing/,electricalunboxing,18400,Micro,0.94,13000,10400.0,Female,,50000,10000.0,25000.0,,No,Punjab,North,Fashion & Lifestyle,3.0,289.0841813135985,Low Value,Low Value,0.024
Adithya,https://www.instagram.com/adithy4a_/,adithy4a_,18400,Micro,2.34,13000,10400.0,Female,,5000,,,,No,Bangalore,South,Fashion & Lifestyle,3.0,11.612783351913787,High Value,High Value,0.872
Vivek raj,https://www.instagram.com/techfella_/,techfella_,18200,Micro,26.57,4800,3840.0,Female,,5000,3000.0,2000.0,0.545454546,No,Goa,West,Fashion & Lifestyle,3.0,1.0339679139076956,High Value,High Value,0.97
Kunal Gupta,https://www.instagram.com/guptakunal26/,guptakunal26,18100,Micro,12.08,115510,92408.0,Female,,105000,,,,No,Mumbai,West,Comedy,3.0,48.0223921554279,Medium Value,Medium Value,0.031
Sonal,https://www.instagram.com/iamsonalbhardwaj?/,iamsonalbhardwaj,18100,Micro,2.77,28000,22400.0,Female,,100000,60000.0,30000.0,,No,Delhi NCR,North,Beauty,3.0,199.45349741707722,Low Value,Medium Value,0.052
Akashdeep Arora,https://www.instagram.com/aakashdeeparora/,aakashdeeparora,18046,Micro,1.7,12673,10138.0,Male,24000.0,60000,,18000.0,,No,Mumbai,West,Finance,3.0,195.57861934533318,Low Value,Medium Value,0.052
Lentina,https://instagram.com/lentinaa__/,lentinaa__,18000,Micro,0.44,12850,10280.0,Female,,15000,,,,No,Nagaland,Northeast,Beauty,3.0,189.39393939393938,Low Value,Low Value,0.03
Akash,https://www.instagram.com/aee.ge/,aee.ge,18000,Micro,5.33,12850,10280.0,Male,40000.0,15000,,,0.839930286,No,Assam,Northeast,Fashion & Lifestyle,3.0,15.634771732332709,Medium Value,Medium Value,0.052
Yogesh Chhabra,https://www.instagram.com/_yuvvvvvvvi____/,_yuvvvvvvvi____,18000,Micro,1.54,42000,33600.0,Male,,5000,2000.0,,,No,Bangalore,South,Food,3.0,18.037518037518037,Medium Value,High Value,0.872
Yash,https://www.instagram.com/aboutyashhh?igsh=NWo4OXMxc3ZuYXY2,aboutyashhh,17800,Micro,4.34,13000,10400.0,Female,1000.0,4000,1000.0,,,No,Mumbai,West,Fashion & Lifestyle,3.0,5.177859472893906,High Value,High Value,0.872
Jaydeep,https://www.instagram.com/Jaydeep/,jaydeep,17700,Micro,6.58,176550,141240.0,Female,40000.0,35000,,,1.0,No,Delhi NCR,North,Fashion & Lifestyle,3.0,30.051688904916453,Medium Value,Medium Value,0.2
Gaurav Chaudhary,https://www.instagram.com/gauravachaudhary?igsh=OWtyZWZrMjl3b3p6,gauravachaudhary,17600,Micro,4.67,15500,5600.0,Male,15000.0,11000,5000.0,2000.0,0.967741936,No,Bihar,East,Beauty,3.0,13.383297644539615,High Value,Medium Value,0.052
Aruna Babulal Purve,https://www.instagram.com/arunapurve_official/,arunapurve_official,17500,Micro,1.1,2700,2160.0,Female,1500.0,10000,8000.0,10000.0,1.0,No,Delhi NCR,North,Beauty,3.0,51.94805194805195,Medium Value,Medium Value,0.052
Aryan sheoran,https://www.instagram.com/aryansheoran.x/,aryansheoran.x,17400,Micro,1.4,150000,120000.0,Male,,40000,15000.0,5000.0,,No,Delhi NCR,North,Fashion & Lifestyle,3.0,164.20361247947454,Low Value,Medium Value,0.052
Karan Arora,https://www.instagram.com/kararararan_/,kararararan_,17400,Micro,9.38,42000,33600.0,Male,,4200,,,,No,Delhi NCR,North,Fashion & Lifestyle,3.0,2.573340195573855,High Value,High Value,0.97
Kapil Yadav,https://www.instagram.com/thekapilyadav,thekapilyadav,17200,Micro,4.48,22000,17600.0,Female,1000.0,3000,1500.0,,0.04046182,No,Mumbai,West,Beauty,3.0,3.8932724252491684,High Value,High Value,0.872
Ankit kukreti,https://www.instagram.com/ankitkukretii,ankitkukretii,17180,Micro,3.05,25000,20000.0,Male,15000.0,48500,25000.0,10500.0,1.0,No,Delhi NCR,North,Fashion & Lifestyle,3.0,92.559018301876,Low Value,Medium Value,0.052
Ashish Mahar,https://www.instagram.com/travelbug_ashish/,travelbug_ashish,17100,Micro,3.0,10500,8400.0,Female,,25000,,,,No,Delhi NCR,North,Fashion & Lifestyle,3.0,48.732943469785575,Medium Value,Medium Value,0.052
Chavi Bhutoria,https://www.instagram.com/chavibhutoria/,chavibhutoria,17000,Micro,7.45,18000,14400.0,Female,35000.0,20000,,,0.233333333,No,Delhi NCR,North,Fashion & Lifestyle,3.0,15.791551519936833,Medium Value,Medium Value,0.2
Mharoni Khuvung,https://www.instagram.com/arhonikhuvung/,arhonikhuvung,17000,Micro,58.99,18000,14400.0,Female,,15000,,,,No,Nagaland,Northeast,Beauty,3.0,,,Not scored,
Imlisen Pongen,https://www.instagram.com/imleeeseen/,imleeeseen,17000,Micro,12.31,18000,14400.0,Female,,15000,,,,No,Nagaland,Northeast,Beauty,3.0,7.167773689492044,High Value,High Value,0.97
Trishala,https://www.instagram.com/m3owisgod/,m3owisgod,17000,Micro,1.49,18000,14400.0,Female,35000.0,15000,,,0.875,No,Lucknow,North,Fashion & Lifestyle,3.0,59.218318199763125,Low Value,Medium Value,0.052
Vishwa Bhosale,https://www.instagram.com/suv_obsession,suv_obsession,17000,Micro,2.85,12700,10160.0,Female,1000.0,6000,4000.0,8000.0,,No,Bangalore,South,Beauty,3.0,12.38390092879257,High Value,High Value,0.872
Aishwarya,https://www.instagram.com/aish_oishe?igsh=OGQ5ZDc2ODk2ZA%3D%3D&utm_source=qr,aish_oishe,17000,Micro,0.69,2830,2264.0,Female,2000.0,5000,3000.0,3000.0,,No,Bangalore,South,Beauty,3.0,42.62574595055413,Medium Value,Medium Value,0.06
Isha and Bhavya,https://www.instagram.com/isha.bhavya/,isha.bhavya,17000,Micro,1.15,61620,49296.0,Female,500.0,3000,1000.0,2000.0,,No,Bangalore,South,Beauty,3.0,15.345268542199488,Medium Value,High Value,0.872
Deeptanshu Saini,https://www.instagram.com/deeptanshusainii/,deeptanshusainii,17000,Micro,4.55,23000,18400.0,Male,,3000,,,,No,Mumbai,West,Fashion & Lifestyle,3.0,3.878474466709761,High Value,High Value,0.872
Pooja Masand,https://www.instagram.com/masand.pooja?igsh=MXd4b2RlcGM0andocA==,masand.pooja,16806,Micro,1.02,2600,2080.0,Female,3000.0,10000,7000.0,7000.0,,No,Delhi NCR,North,Fashion & Lifestyle,3.0,58.33584177452964,Medium Value,Medium Value,0.06
bhoomi and kavya,https://www.instagram.com/tablefortwo_._?igsh=ODV5YnYyOGMzNHJ3,tablefortwo_._,16800,Micro,8.52,12200,9760.0,Female,2500.0,12000,5000.0,4000.0,,No,Delhi NCR,North,Travel,3.0,8.383635144198525,High Value,High Value,0.97
Apeksha Jain,https://www.instagram.com/food_mood_2000?igsh=MWNweXJiNmlsZDB1NQ==,food_mood_2000,16700,Micro,1.51,9100,7280.0,Female,2000.0,2000,1500.0,,,No,Jaipur,West,Fashion & Lifestyle,3.0,7.9311575524447795,High Value,High Value,0.872
Kajal,https://instagram.com/fooodieschoice,fooodieschoice,16643,Micro,7.9,5996,4797.0,Female,3000.0,10000,6000.0,3000.0,,No,Bihar,East,Food,3.0,7.605736855195136,High Value,High Value,0.97
Tanu,https://www.instagram.com/tanirika._.agarwal?igsh=MThrZTUwNWxtOWFzaA==,tanirika._.agarwal,16600,Micro,1.19,4600,3680.0,Female,1500.0,8000,4000.0,10000.0,,No,Delhi NCR,North,Beauty,3.0,40.498126961628024,Medium Value,Medium Value,0.052
Shivani Boruah,https://www.instagram.com/shivani.boruah/,shivani.boruah,16500,Micro,2.82,496000,396800.0,Male,,150000,90000.0,60000.0,,No,Mumbai,West,Comedy,3.0,322.3726627981947,Low Value,Low Value,0.0
Riya Bajaj,https://www.instagram.com/riyabajaj_photography/,riyabajaj_photography,16500,Micro,1.0,6000,4800.0,Male,,150000,45000.0,10000.0,,No,Mumbai,West,Entertainment,3.0,909.0909090909091,Low Value,Low Value,0.0
Vicky Choudhary,https://www.instagram.com/vickychoudhary_2?igsh=MWc1b3lkOTl0MDl4cA%3D%3D,vickychoudhary_2,16400,Micro,7.71,10600,8480.0,Male,,12000,6000.0,8000.0,,No,Hyderabad,South,Beauty,3.0,9.490367277213627,High Value,High Value,0.97
Stephan,https://instagram.com/streets_of_madurai_,streets_of_madurai_,16400,Micro,3.94,12200,9760.0,Female,35000.0,10000,,,0.313622882,No,Delhi NCR,North,Fashion & Lifestyle,3.0,15.47604308530395,Medium Value,Medium Value,0.052
Vaidehi,https://www.instagram.com/vaidehipakhale?igsh=MW9ndjQ1cHc0aGE0bQ==,vaidehipakhale,16400,Micro,2.6,9800,7840.0,Female,2500.0,2500,1500.0,,,No,Delhi NCR,North,Beauty,3.0,5.863039399624766,High Value,High Value,0.872
Kellis Teotia,https://www.instagram.com/kellisvlogs,kellisvlogs,16400,Micro,1.82,8600,6880.0,Female,500.0,2000,1000.0,,1.0,No,Delhi NCR,North,Beauty,3.0,6.700616456714017,High Value,High Value,0.872
Rohit Varghese,https://www.instagram.com/rohit.varghese/,rohit.varghese,16304,Micro,0.18,12200,9760.0,Male,,60000,55000.0,25000.0,,No,Mumbai,West,Beauty,3.0,2044.4880601897287,Low Value,Low Value,0.0
Ruplin Kaur,https://www.instagram.com/ruplinkaur/,ruplinkaur,16300,Micro,29.0,31300,25040.0,Female,,40000,30000.0,35000.0,,No,Punjab,North,Fashion & Lifestyle,3.0,8.462026655383964,High Value,Medium Value,0.2
4daacore,https://www.instagram.com/4daacore,4daacore,16261,Micro,3.45,12200,9760.0,Female,2500.0,6500,3000.0,,0.0,No,Delhi NCR,North,Beauty,3.0,11.586359824208184,High Value,High Value,0.872
Shrijal,https://www.instagram.com/shrijal_jadhav?igsh=cTk3bXFsNWV1eWRr,shrijal_jadhav,16200,Micro,8.32,20000,16000.0,Female,,3000,,,,No,Delhi NCR,North,Fashion & Lifestyle,3.0,2.225783475783476,High Value,High Value,0.97
Akshay,https://www.instagram.com/tastyhealthyyummy,tastyhealthyyummy,16100,Micro,0.23,3550,2840.0,Male,5000.0,20000,14000.0,4000.0,0.494090676,No,Pune,West,Beauty,3.0,540.1026194977045,Low Value,Low Value,0.03
Ajmal,https://www.instagram.com/ajmalajuz_,ajmalajuz_,16100,Micro,21.3,8900,7120.0,Female,,5000,3000.0,5000.0,,No,Delhi NCR,North,Beauty,3.0,1.4580235033388738,High Value,High Value,0.97
Chumit,https://www.instagram.com/taurus___09/,taurus___09,16000,Micro,0.24,12450,9960.0,Female,,15000,,,,No,Delhi NCR,North,Fashion & Lifestyle,3.0,390.625,Low Value,Low Value,0.03
Priya Thapa,https://www.instagram.com/pikaa1998/,pikaa1998,16000,Micro,1.07,12450,9960.0,Female,35000.0,15000,,,0.951397195,No,Pune,West,Fashion & Lifestyle,3.0,87.61682242990655,Low Value,Medium Value,0.052
Shomi,https://www.instagram.com/foodieshumael?igsh=MW14cmx2d2Q5a2ZzNg==,foodieshumael,16000,Micro,4.07,37000,29600.0,Male,,8000,5000.0,,0.363636364,No,Mumbai,West,Food,3.0,12.285012285012284,High Value,Medium Value,0.052
Sonal Rasam,https://www.instagram.com/make.eat.explore_?igsh=MXRjNTBkMDRhcHF4OA==,make.eat.explore_,16000,Micro,1.75,6900,5520.0,Female,500.0,4000,500.0,500.0,,No,Delhi NCR,North,Travel,3.0,14.285714285714286,Medium Value,High Value,0.872
Sanskar,https://www.instagram.com/sanskar baja/,sanskar baja,15900,Micro,2.35,50362,40290.0,Female,,30000,15000.0,7500.0,,No,Mumbai,West,Beauty,3.0,80.28904054596548,Low Value,Medium Value,0.052
Anchal Mutneja,https://www.instagram.com/style_harborr?igsh=eXgweXB2YzEweDEx,style_harborr,15900,Micro,1.6,12200,9760.0,Female,,15000,,,,No,Chandigarh,North,Beauty,3.0,58.9622641509434,Low Value,Medium Value,0.052
Ruby Thakur,https://www.instagram.com/yogawithruby,yogawithruby,15805,Micro,3.62,22981,18384.8,Female,15000.0,275000,190000.0,100000.0,0.652713111,No,Delhi NCR,North,Beauty,3.0,480.65074867908436,Low Value,Low Value,0.0
Ayush,https://www.instagram.com/ayushh_h?igsh=bHF5ZXBhZmR2bDdn,ayushh_h,15800,Micro,8.26,18000,14400.0,Male,15000.0,69000,27000.0,9000.0,0.833333333,No,Pune,West,Fashion & Lifestyle,3.0,52.87032212584669,Medium Value,Medium Value,0.031
Arpit Sharma,https://www.instagram.com/theboywiththevrs/,theboywiththevrs,15700,Micro,9.01,98600,78880.0,Male,,7000,4200.0,2800.0,,No,Pune,West,Comedy,3.0,4.948500250959656,High Value,High Value,0.97
Rudra,https://www.instagram.com/rudra/,rudra,15700,Micro,1.06,20670,16536.0,Female,,2000,,,,No,Dehradun,North,Beauty,3.0,12.017786323759164,High Value,High Value,0.872
Karman Singh,https://www.instagram.com/karr.man/,karr.man,15600,Micro,4.07,185940,148752.0,Female,,40000,5000.0,,,No,Delhi NCR,North,Fashion & Lifestyle,3.0,63.000063000062994,Low Value,Medium Value,0.052
Vartika,https://www.instagram.com/vratika_solanki?igsh=YTJmMHVmNnBydGx4,vratika_solanki,15600,Micro,1.77,8200,6560.0,Female,3000.0,8000,8000.0,2000.0,,No,Mumbai,West,Fashion & Lifestyle,3.0,28.97291032884253,Medium Value,Medium Value,0.052
Abhishek Sharma,https://www.instagram.com/mackletv/,mackletv,15500,Micro,6.49,20000,16000.0,Female,20000.0,50000,,15000.0,0.923775338,Yes,Delhi NCR,North,Business & Marketing,3.0,49.70425965505243,Medium Value,Medium Value,0.2
Suhana,https://www.instagram.com/suha_hana88/,suha_hana88,15440,Micro,7.15,11500,9200.0,Female,,15000,,,,No,Guwahati,Northeast,Fashion & Lifestyle,3.0,13.587448820609442,High Value,High Value,0.97
Faris,https://www.instagram.com/farixsalmaan/,farixsalmaan,15400,Micro,3.99,11500,9200.0,Male,,64000,30000.0,10000.0,,No,Bangalore,South,Fashion & Lifestyle,3.0,104.15649513393873,Low Value,Medium Value,0.052
Teddy the Foodie,https://www.instagram.com/teddy_the_foodiee?igsh=Zm9kZTkwdnR4NHQ2,teddy_the_foodiee,15400,Micro,1.46,7900,6320.0,Male,1000.0,2000,1000.0,1000.0,0.065440144,No,Surat,West,Food,3.0,8.895214374666429,High Value,High Value,0.872
Jinisha,http://instagram.com/food_paradise__,food_paradise__,15300,Micro,1.44,1790,1432.0,Female,,7500,3000.0,2000.0,,No,West Bengal,East,Fashion & Lifestyle,3.0,34.04139433551198,Medium Value,Medium Value,0.052
Mohhammed,https://www.instagram.com/realnawabkhan?igsh=MTZuN2d6YjVlN3Rydg%3D%3D&utm_source=qr,realnawabkhan,15298,Micro,6.26,3100,2480.0,Female,2000.0,5000,2000.0,7000.0,1.0,No,Mumbai,West,Fashion & Lifestyle,3.0,5.221088016266405,High Value,High Value,0.97
Ankit Sinha,https://www.instagram.com/cinesinhaji/,cinesinhaji,15200,Micro,5.37,10000,8000.0,Male,35000.0,150000,90000.0,60000.0,0.0,No,Bihar,East,Comedy,3.0,183.76947956483386,Low Value,Low Value,0.0
Fizza Ratlamwala,https://www.instagram.com/_mumbai_meri_jaan/,_mumbai_meri_jaan,15100,Micro,1.62,18300,14640.0,Female,35000.0,5000,,,1.0,No,Delhi NCR,North,Fashion & Lifestyle,3.0,20.4398659144796,Medium Value,High Value,0.872
priyanka_fit,https://instagram.com/priyanka_fit,priyanka_fit,15086,Micro,4.67,14189,11351.2,Female,15000.0,45000,9500.0,0.0,0.945933333,No,Jaipur,West,Fashion & Lifestyle,3.0,63.87361993947053,Low Value,Medium Value,0.052
Somya Jaiswal,https://www.instagram.com/its_jaizz?igsh=MW5kMWp3bmhtYmlyeA%3D%3D&utm_source=qr,its_jaizz,15085,Micro,1.72,2500,2000.0,Female,,6000,2000.0,1000.0,,No,Mumbai,West,Beauty,3.0,23.124773569925463,Medium Value,High Value,0.872
Reena,https://instagram.com/reenatotlani?utm_medium=copy_link,reenatotlani,15000,Micro,2.78,77000,61600.0,Female,35000.0,20000,5000.0,10000.0,0.087513783,No,Mumbai,West,Beauty,3.0,47.961630695443645,Medium Value,Medium Value,0.052
Ojentila Lemtur,https://www.instagram.com/ojjjjen/,ojjjjen,15000,Micro,2.42,12000,9600.0,Female,,15000,,,,No,Delhi NCR,North,Fashion & Lifestyle,3.0,41.32231404958678,Medium Value,Medium Value,0.052
Harshita Chetry,https://www.instagram.com/khushi.chhetri_/,khushi.chhetri_,15000,Micro,4.73,12000,9600.0,Female,35000.0,15000,,,0.9016,No,Himachal,North,Fashion & Lifestyle,3.0,21.141649048625794,Medium Value,Medium Value,0.052
Aditi Borkar,https://www.instagram.com/aditi_forever_/,aditi_forever_,15000,Micro,2.38,2630,2104.0,Female,35000.0,15000,,,0.875,No,Chandigarh,North,Beauty,3.0,42.016806722689076,Medium Value,Medium Value,0.052
Sakshi,https://www.instagram.com/love_foodie_life?igsh=NG02NWxrM280c3Q=,love_foodie_life,15000,Micro,1.16,21300,17040.0,Female,500.0,5000,1000.0,1000.0,0.0,No,Mumbai,West,Food,3.0,28.735632183908045,Medium Value,High Value,0.872
Ryan,https://instagram.com/ryanrajkumar.y?igshid=MzRlODBiNWFlZA==,ryanrajkumar.y,14900,Micro,2.86,12496,9997.0,Male,,25000,,,,No,Mumbai,West,Beauty,3.0,58.666166048716384,Medium Value,Medium Value,0.052
Neha,https://www.instagram.com/nusta_foody/,nusta_foody,14860,Micro,1.01,2500,2000.0,Female,1200.0,6000,3500.0,2000.0,0.087173166,Yes,Delhi NCR,North,Food,3.0,39.977079807576985,Medium Value,Medium Value,0.06
Ayaan Lal,https://www.instagram.com/ayaanlall/,ayaanlall,14800,Micro,4.45,32,26.0,Male,50000.0,55000,50000.0,7500.0,0.909090909,No,Mumbai,West,Beauty,3.0,83.51047676890373,Low Value,Medium Value,0.052
Chaitali,https://www.instagram.com/the_food_table__?igsh=MWhhMzZxcmQ1ODFidA==,the_food_table__,14800,Micro,1.53,7700,6160.0,Female,1500.0,6000,4000.0,4000.0,,No,Mumbai,West,Fashion & Lifestyle,3.0,26.497085320614733,Medium Value,High Value,0.872
Namira,https://www.instagram.com/namirazeeshan/,namirazeeshan,14800,Micro,4.24,98000,78400.0,Female,,6000,2500.0,1000.0,,No,Odisha,East,Fashion & Lifestyle,3.0,9.561448240693524,High Value,High Value,0.872
Priya Deshmukh,https://www.instagram.com/priya.deshmukhh/,priya.deshmukhh,14700,Micro,4.17,14000,11200.0,Female,,5000,3000.0,2500.0,,No,Mumbai,West,Food,3.0,8.156739914191096,High Value,High Value,0.872
Gadha Rajagopal,https://www.instagram.com/gaadha._/,gaadha._,14600,Micro,0.24,40350,32280.0,Male,,5000,3000.0,2000.0,,No,Kerala,South,Beauty,3.0,142.69406392694063,Low Value,Low Value,0.03
Burdwan town,https://www.instagram.com/burdwantown/,burdwantown,14500,Micro,1.24,12500,10000.0,Female,2500.0,4000,3000.0,1000.0,,No,Kanpur,North,Beauty,3.0,22.246941045606228,Medium Value,High Value,0.872
Purvi Bhushan,https://www.instagram.com/purvibhushan/,purvibhushan,14469,Micro,1.2,4589,3671.0,Female,500.0,2000,1500.0,,,No,Bangalore,South,Beauty,3.0,11.518879443407746,High Value,High Value,0.872
Tarun Khandagare,https://www.instagram.com/me_tarun.khandagare/,me_tarun.khandagare,14400,Micro,1.72,4000,3200.0,Female,700.0,3000,1800.0,1000.0,,No,Mumbai,West,Fashion & Lifestyle,3.0,12.112403100775193,High Value,High Value,0.872
Aditya Pandey,https://www.instagram.com/aditya.2611/,aditya.2611,14357,Micro,2.17,11250,9000.0,Male,,15000,,,,No,Mumbai,West,Fashion & Lifestyle,3.0,48.14684402252117,Medium Value,Medium Value,0.052
Radhika,https://www.instagram.com/explorewith_radhika?igsh=cm8ya21jMHQ1bGFp,explorewith_radhika,14300,Micro,2.03,7800,6240.0,Female,500.0,12000,7200.0,4000.0,0.363636364,No,Bihar,East,Comedy,3.0,41.337972372455134,Medium Value,Medium Value,0.052
Parul,https://www.instagram.com/_the_fit_mum_/?igshid=YmMyMTA2M2Y%3D,_the_fit_mum_,14300,Micro,0.87,8000,6400.0,Male,,12000,7200.0,4800.0,,No,Lucknow,North,Comedy,3.0,96.45526886906198,Low Value,Medium Value,0.06
Reda Shaikh,https://www.instagram.com/redaashaikh/,redaashaikh,14300,Micro,7.36,20300,16240.0,Female,35000.0,4000,,,0.982015095,No,West Bengal,East,Beauty,3.0,3.8005472788081485,High Value,High Value,0.97
Uzma,https://www.instagram.com/uzmaanayani,uzmaanayani,14300,Micro,1.5,11200,8960.0,Female,,2000,1000.0,1000.0,,No,Kochi,South,Travel,3.0,9.324009324009324,High Value,High Value,0.872
Nikita,https://www.instagram.com/_nikitaborse_/,_nikitaborse_,14200,Micro,3.85,7800,6240.0,Female,,5000,,,,No,Mumbai,West,Fashion & Lifestyle,3.0,9.145783793671116,High Value,High Value,0.872
Aniket Bangar,https://instagram.com/fooditude31417,fooditude31417,14200,Micro,1.78,9700,7760.0,Male,500.0,1000,400.0,2000.0,,No,Delhi NCR,North,Food,3.0,3.9563222028802025,High Value,High Value,0.872
Priya,https://www.instagram.com/priyaab__?igsh=cnVzbXV0MTF2ZnNt,priyaab__,14100,Micro,4.94,11200,8960.0,Male,,75000,30000.0,10000.0,,No,Mumbai,West,Fashion & Lifestyle,3.0,107.67507967955896,Low Value,Medium Value,0.052
subin m maji,https://www.instagram.com/foxy_clorax,foxy_clorax,14100,Micro,2.36,13000,10400.0,Female,2000.0,3500,3000.0,,,No,Ahmedabad,West,Fashion & Lifestyle,3.0,10.51809111672076,High Value,High Value,0.872
Ashmit,https://www.instagram.com/ashmit_gogoi/,ashmit_gogoi,14000,Micro,2.79,173921,139137.0,Male,16000.0,40000,,12000.0,0.363636364,No,Mumbai,West,Finance,3.0,102.40655401945725,Low Value,Medium Value,0.052
Cherry,https://www.instagram.com/_cherry29,_cherry29,14000,Micro,5.5,5800,4640.0,Female,5000.0,10000,6000.0,3000.0,,No,Mumbai,West,Beauty,3.0,12.987012987012987,High Value,High Value,0.97
Dhara,https://instagram.com/mauji_dhara,mauji_dhara,14000,Micro,74.0,1860,1488.0,Female,30000.0,2500,,,0.857142857,No,Mumbai,West,Beauty,3.0,,,Not scored,
Ritesh Jeph,https://www.instagram.com/riteshjeph_/,riteshjeph_,13900,Micro,2.35,10600,8480.0,Female,30000.0,15000,,,0.909366475,No,Jaipur,West,Beauty,3.0,45.920710240318385,Medium Value,Medium Value,0.052
Shilpi Jhingran,https://www.instagram.com/shilpijhingran/?igshid=YmMyMTA2M2Y%3D,shilpijhingran,13700,Micro,1.01,4500,3600.0,Male,5000.0,20000,15000.0,15000.0,0.396394397,No,Delhi NCR,North,Fashion & Lifestyle,3.0,144.5400014454,Low Value,Medium Value,0.06
Gazal Kalakaar,https://www.instagram.com/gazal.kalakar/,gazal.kalakar,13700,Micro,1.21,4120,3296.0,Female,1500.0,6000,7000.0,10000.0,,No,Mumbai,West,Beauty,3.0,36.19472763467455,Medium Value,High Value,0.872
Saketh Varma,https://www.instagram.com/saketh_unseen/,saketh_unseen,13700,Micro,8.95,11300,9040.0,Male,1000.0,6000,2000.0,1500.0,,No,Punjab,North,Fashion & Lifestyle,3.0,4.893365412062146,High Value,High Value,0.97
Lookachan,https://www.instagram.com/_lookachan,_lookachan,13635,Micro,2.63,11100,8880.0,Female,,48000,8000.0,15000.0,,No,Trivandrum,South,Beauty,3.0,133.85368955146467,Low Value,Medium Value,0.052
Pooja/Neha,https://www.instagram.com/magnificent.moments_?igsh=MTM3amxwMnFwcDE1eg==,magnificent.moments_,13600,Micro,3.13,11200,8960.0,Female,30000.0,5000,,,0.219003679,No,Mumbai,West,Beauty,3.0,11.745912422476978,High Value,High Value,0.872
Sahal Mansuri,https://www.instagram.com/sahalways/,sahalways,13600,Micro,1.83,30000,24000.0,Female,500.0,1500,1000.0,500.0,,No,Bangalore,South,Food,3.0,6.0270009643201545,High Value,High Value,0.872
MumbaiFoodKarma,https://www.instagram.com/mumbaifoodkarma,mumbaifoodkarma,13600,Micro,1.0,7600,6080.0,Male,,1000,,,,No,Delhi NCR,North,Food,3.0,7.352941176470588,High Value,Medium Value,0.06
Monica Bang,https://www.instagram.com/monica.bang/?igshid=YmMyMTA2M2Y%3D,monica.bang,13500,Micro,0.54,12000,9600.0,Female,1500.0,7000,5000.0,10000.0,0.6,No,Mumbai,West,Beauty,3.0,96.02194787379972,Low Value,Medium Value,0.06
Sravani SInha,https://www.instagram.com/sravanisinha/?igshid=YmMyMTA2M2Y%3D,sravanisinha,13400,Micro,0.75,6500,5200.0,Female,1500.0,3000,2000.0,1000.0,,No,Delhi NCR,North,Beauty,3.0,29.850746268656717,Medium Value,Medium Value,0.06
Sagar Shah,https://www.instagram.com/sachadiaries?igsh=M2ljZ2RpYXRucHFj,sachadiaries,13300,Micro,2.21,11300,9040.0,Male,1800.0,9000,4000.0,3000.0,,No,Mumbai,West,Travel,3.0,30.61953526349811,Medium Value,Medium Value,0.052
Isha,https://www.instagram.com/ishaa_chavann/,ishaa_chavann,13300,Micro,1.03,11000,8800.0,Female,1000.0,7000,3000.0,3000.0,,No,Mumbai,West,Beauty,3.0,51.09862033725089,Medium Value,Medium Value,0.06
abhisikta,https://www.instagram.com/__.abhisikta.__/,__.abhisikta.__,13222,Micro,1.89,10000,8000.0,Male,,55000,35000.0,12000.0,0.363636364,No,Surat,West,Fashion & Lifestyle,3.0,220.0917342348291,Low Value,Medium Value,0.052
Mani Sharma,https://www.instagram.com/inam18.home?utm_source=ig_web_button_share_sheet&igsh=ZDNlZDc0MzIxNw==,inam18.home,13200,Micro,2.26,7000,5600.0,Female,,85000,55000.0,20000.0,,No,Mumbai,West,Entertainment,3.0,284.92893537141333,Low Value,Medium Value,0.052
Purav,https://www.instagram.com/nagipurav?igsh=MW5lMmc2cDAxMDh1Zw==,nagipurav,13100,Micro,7.8,12900,10320.0,Male,6000.0,30000,18000.0,8000.0,,No,Delhi NCR,North,Fashion & Lifestyle,3.0,29.359953024075164,Medium Value,Medium Value,0.2
Manasvi,https://www.instagram.com/manasviiisinghh/,manasviiisinghh,13100,Micro,1.23,7000,5600.0,Female,,2000,,,,No,Mumbai,West,Beauty,3.0,12.412337863836655,High Value,High Value,0.872
Shruti Ghosh,https://www.instagram.com/__.shrutighosh/,__.shrutighosh,13000,Micro,58.99,10600,8480.0,Female,,20000,,,,No,Odisha,East,Beauty,3.0,,,Not scored,
Akash Selvan,https://www.instagram.com/thoduvanam/,thoduvanam,13000,Micro,4.0,11000,8800.0,Female,,3000,,,,No,Delhi NCR,North,Beauty,3.0,5.769230769230769,High Value,High Value,0.872
???????? ??????,https://www.instagram.com/_pxthxn_?igsh=cTBwN3IyMmE1YWxo,_pxthxn_,13000,Micro,1.83,3400,2720.0,Male,1000.0,2500,2000.0,1500.0,,No,Mumbai,West,Fashion & Lifestyle,3.0,10.508617065994114,High Value,High Value,0.872
Rayed,https://www.instagram.com/ig.rayed/,ig.rayed,13000,Micro,1.24,18000,14400.0,Female,30000.0,2000,,,0.837030217,No,Bangalore,South,Beauty,3.0,12.40694789081886,High Value,High Value,0.872
Muskaan Madan,https://www.instagram.com/styledbymusk?igsh=aTdpNXNndTZheXNp,styledbymusk,12900,Micro,1.7,2000,1600.0,Female,3000.0,9000,4000.0,3000.0,,No,Mumbai,West,Fashion & Lifestyle,3.0,41.03967168262653,Medium Value,Medium Value,0.052
Tanishka,https://www.instagram.com/foodissloveee_?igsh=MWRoMG4wM3FiMWExNA==,foodissloveee_,12900,Micro,0.76,12500,10000.0,Female,500.0,1500,1500.0,,,No,Delhi NCR,North,Fashion & Lifestyle,3.0,15.29987760097919,Medium Value,Medium Value,0.06
Phila,https://www.instagram.com/philinfine/,philinfine,12885,Micro,5.38,10548,8438.0,Female,,15000,,,0.434782609,No,Meghalaya,Northeast,Beauty,3.0,21.638370890332407,Medium Value,Medium Value,0.052
Shreya,https://instagram.com/way.to.home?utm_medium=copy_link,way.to.home,12800,Micro,2.44,23400,18720.0,Male,,50000,40000.0,15000.0,,No,Bihar,East,Beauty,3.0,160.0922131147541,Low Value,Medium Value,0.052
Trashaaru,https://www.instagram.com/trashaaru?igsh=MTlqbW5jOGN4eXMzcA==,trashaaru,12800,Micro,5.4,87000,69600.0,Female,1500.0,3000,2000.0,,1.0,No,Mumbai,West,Fashion & Lifestyle,3.0,4.340277777777778,High Value,High Value,0.97
Shreya Puri,https://www.instagram.com/shreyaapurii/,shreyaapurii,12700,Micro,2.71,50500,40400.0,Male,30000.0,170000,102000.0,68000.0,0.63525675,No,Delhi NCR,North,Comedy,3.0,493.9419472934887,Low Value,Low Value,0.0
Ria Jain,https://www.instagram.com/thegelasintales?igsh=MW4zenp0Ymw0Zmd3cA==,thegelasintales,12700,Micro,1.43,3100,2480.0,Female,500.0,2000,1000.0,500.0,0.454545455,No,Mumbai,West,Fashion & Lifestyle,3.0,11.012609437806287,High Value,High Value,0.872
desi.girl.pinterest_,https://www.instagram.com/desi.girl.pinterest_,desi.girl.pinterest_,12658,Micro,76.91,10323,8258.0,Female,,5000,2500.0,2000.0,,No,Hyderabad,South,Beauty,3.0,,,Not scored,
Pravin Malik,https://www.instagram.com/solotravelerpravin/,solotravelerpravin,12600,Micro,2.1,25000,20000.0,Female,30000.0,35000,,,0.857142857,No,Goa,West,Beauty,3.0,132.27513227513225,Low Value,Medium Value,0.052
Akansha Maker,https://www.instagram.com/akanksha_maker/,akanksha_maker,12600,Micro,1.7,7700,6160.0,Female,,15000,15000.0,15000.0,0.0,No,Mumbai,West,Beauty,3.0,70.0280112044818,Low Value,Medium Value,0.052
utkarsh,https://www.instagram.com/thesoultrails/,thesoultrails,12600,Micro,1.3,2300,1840.0,Female,30000.0,12000,8000.0,15000.0,0.819266667,No,Mumbai,West,Beauty,3.0,73.26007326007326,Low Value,Medium Value,0.052
Nayataa,https://www.instagram.com/navyataa.a?igsh=MXBtaGk0dzExZ25tdA==,navyataa.a,12600,Micro,9.73,12000,9600.0,Female,,4000,,,,No,Delhi NCR,North,Fashion & Lifestyle,3.0,3.2626959656764383,High Value,High Value,0.97
Muskan,https://www.instagram.com/wtf.muskan_/,wtf.muskan_,12600,Micro,2.02,6550,5240.0,Female,50000.0,3000,,,0.0,No,Mumbai,West,Fashion & Lifestyle,3.0,11.786892975011787,High Value,High Value,0.872
Ujjaini Iyer,https://www.instagram.com/miles_to_explore100/,miles_to_explore100,12500,Micro,1.3,4800,3840.0,Female,30000.0,220000,132000.0,88000.0,0.545454546,No,Mumbai,West,Comedy,3.0,1353.8461538461538,Low Value,Low Value,0.0
viyati kothari,https://www.instagram.com/viyati_kothari/,viyati_kothari,12500,Micro,9.1,15600,12480.0,Female,1500.0,3000,2500.0,2000.0,,No,Pune,West,Fashion & Lifestyle,3.0,2.6373626373626373,High Value,High Value,0.97
Amrutha,https://www.instagram.com/atthearrival/,atthearrival,12400,Micro,2.8,23000,18400.0,Female,30000.0,35000,10000.0,7000.0,1.0,No,Bangalore,South,Fashion & Lifestyle,3.0,100.80645161290323,Low Value,Medium Value,0.052
Rutuja Kamblee,https://www.instagram.com/rutujakamblee_1?igsh=dWdtZmxjeWlzZHEz,rutujakamblee_1,12400,Micro,3.03,108600,86880.0,Female,50000.0,30000,25000.0,12000.0,0.0,No,Mumbai,West,Fashion & Lifestyle,3.0,79.84669434685404,Low Value,Medium Value,0.052
khushisoni.16,https://www.instagram.com/khushisoni.16,khushisoni.16,12305,Micro,22.63,9200,7360.0,Female,50000.0,7000,5000.0,7000.0,0.065440144,No,Surat,West,Fashion & Lifestyle,3.0,2.513806634043442,High Value,High Value,0.97
Shreya Pandey,https://www.instagram.com/shreyapandey.24?igsh=amM2YnNkemVnODh5&utm_source=qr,shreyapandey.24,12200,Micro,2.55,3300,2640.0,Female,,3000,,,0.465116279,No,Delhi NCR,North,Fashion & Lifestyle,3.0,9.643201542912248,High Value,High Value,0.872
Hardik Khurana,https://www.instagram.com/Hardikkhurana9,hardikkhurana9,12181,Micro,4.18,10323,8258.4,Male,15000.0,1000000,400000.0,600000.0,0.6882,No,Delhi NCR,North,Beauty,3.0,1963.9967963284262,Low Value,Low Value,0.0
Tech Swami,https://www.instagram.com/techswami_,techswami_,12100,Micro,1.38,9200,7360.0,Female,,700000,280000.0,420000.0,,No,Delhi NCR,North,Beauty,3.0,4192.118816624746,Low Value,Low Value,0.0
Reuben Misquitta,https://www.instagram.com/reubenmisquitta/,reubenmisquitta,12100,Micro,3.7,35400,28320.0,Female,1500.0,1500,2000.0,,,No,West Bengal,East,Beauty,3.0,3.3504578959124416,High Value,High Value,0.872
Shahil,https://www.instagram.com/Beingshahil/,beingshahil,12000,Micro,5.15,43640,34912.0,Male,,200000,75000.0,50000.0,,No,Delhi NCR,North,Fashion & Lifestyle,3.0,323.6245954692556,Low Value,Low Value,0.0
Jayant,https://www.instagram.com/the_jayant_shelar/,the_jayant_shelar,12000,Micro,5.65,1440,1152.0,Male,,150000,90000.0,60000.0,0.566037736,No,Delhi NCR,North,Comedy,3.0,221.23893805309734,Low Value,Medium Value,0.031
Simran,https://www.instagram.com/that_foodiebong/,that_foodiebong,12000,Micro,31.14,7850,6280.0,Male,,100000,60000.0,40000.0,,No,West Bengal,East,Comedy,3.0,26.760864911153927,Medium Value,Medium Value,0.031
Ayushi Garg,https://www.instagram.com/ayushiiigarg_?igsh=MXVkZ3pla2E3cTBwbA==,ayushiiigarg_,12000,Micro,3.53,7850,6280.0,Female,,20000,10000.0,25000.0,,No,Delhi NCR,North,Beauty,3.0,47.21435316336166,Medium Value,Medium Value,0.052
Kunal,https://www.instagram.com/the_hungrytravellers?igsh=MWFtNjZiMHp3OWg1dw==,the_hungrytravellers,12000,Micro,1.46,3600,2880.0,Male,,15000,,,0.363636364,No,Delhi NCR,North,Travel,3.0,85.6164383561644,Low Value,Medium Value,0.052
Sarvadnya Kotian,https://www.instagram.com/kotiansaru?igsh=MWJhYW04eWluN2NqeA%3D%3D,kotiansaru,12000,Micro,6.16,47400,37920.0,Male,,6000,,,,No,Mumbai,West,Beauty,3.0,8.116883116883116,High Value,High Value,0.97
Sam on demand,https://www.instagram.com/sam_on_demand?igsh=cHJiZjRhcXRkbHYw,sam_on_demand,12000,Micro,1.68,11100,8880.0,Male,50000.0,5000,300.0,,0.909090909,No,Delhi NCR,North,Fashion & Lifestyle,3.0,24.8015873015873,Medium Value,High Value,0.872
Moksha,https://www.instagram.com/the_pamvaishnav11?igsh=YmVqaHltYzB5NGI3,the_pamvaishnav11,12000,Micro,1.37,6800,5440.0,Female,500.0,2000,3000.0,1000.0,1.0,No,Mumbai,West,Beauty,3.0,12.165450121654501,High Value,High Value,0.872
Divya aggarwal,https://www.instagram.com/divya_aggarwal_1/,divya_aggarwal_1,11800,Micro,4.64,18500,14800.0,Female,1000.0,4000,3000.0,1000.0,0.030105393,No,Mumbai,West,Fashion & Lifestyle,3.0,7.305669199298656,High Value,High Value,0.872
Saloni,https://www.instagram.com/khan_saloni,khan_saloni,11700,Micro,4.24,18000,14400.0,Male,,250000,150000.0,100000.0,,Yes,Mumbai,West,Comedy,3.0,503.9509756490889,Low Value,Low Value,0.0
Injoy Boiz,https://www.instagram.com/injoy_boiz/,injoy_boiz,11684,Micro,35.51,7700,6160.0,Male,,15000,,,,No,Delhi NCR,North,Comedy,3.0,3.6153391029003608,High Value,High Value,0.97
Ujval,https://www.instagram.com/road_tripper_traveler/,road_tripper_traveler,11600,Micro,1.7,1900,1520.0,Female,30000.0,200000,80000.0,120000.0,0.147882325,No,Surat,West,Fashion & Lifestyle,3.0,1014.1987829614606,Low Value,Low Value,0.0
Aakriti Anand,https://www.instagram.com/aakritii.anand/,aakritii.anand,11500,Micro,2.0,6000,4800.0,Male,,150000,60000.0,90000.0,,No,Delhi NCR,North,Entertainment,3.0,652.1739130434783,Low Value,Low Value,0.0
ankita,https://www.instagram.com/ankitaasharma003/,ankitaasharma003,11200,Micro,1.94,3400,2720.0,Female,1000.0,3000,3000.0,3000.0,0.0,No,Hyderabad,South,Fashion & Lifestyle,3.0,13.807069219440354,High Value,High Value,0.872
Deepak nadh,https://www.instagram.com/thevivido.co/,thevivido.co,11100,Micro,2.68,35000,28000.0,Male,800.0,4500,,,,No,Hyderabad,South,Fashion & Lifestyle,3.0,15.127067365873335,Medium Value,Medium Value,0.361
Mali,https://www.instagram.com/healthwithmali/,healthwithmali,11000,Micro,3.12,16500,5000.0,Female,15000.0,170000,,,0.909090909,No,Mumbai,West,Entertainment,3.0,495.3379953379954,Low Value,Low Value,0.0
Param,https://www.instagram.com/param_chauhan_fitness/,param_chauhan_fitness,11000,Micro,6.88,15000,12000.0,Male,15000.0,45000,30000.0,20000.0,1.0,No,Delhi NCR,North,Fashion & Lifestyle,3.0,59.46088794926005,Low Value,Medium Value,0.2
Ajitanshu,https://www.instagram.com/ajitanshu/,ajitanshu,11000,Micro,2.14,1320,1056.0,Male,,18000,10800.0,7200.0,,No,West Bengal,East,Comedy,3.0,76.46559048428207,Low Value,Medium Value,0.052
Radhika B,https://www.instagram.com/radhikabade_/,radhikabade_,11000,Micro,1.69,4500,3600.0,Female,3000.0,7000,3000.0,2500.0,0.940645283,No,Punjab,North,Fashion & Lifestyle,3.0,37.654653039268425,Medium Value,Medium Value,0.052
Sheetal Jain,https://www.instagram.com/thescrumptious_delight?igsh=MWtsc2I3NWU2dDIwMw==,thescrumptious_delight,11000,Micro,1.8,2000,1600.0,Female,,7000,3000.0,4000.0,,No,Mumbai,West,Fashion & Lifestyle,3.0,35.35353535353536,Medium Value,Medium Value,0.052
Sharvari,https://www.instagram.com/_sharvaripatil_/,_sharvaripatil_,10900,Micro,2.82,5000,4000.0,Female,1500.0,8000,5000.0,1000.0,,No,Mumbai,West,Beauty,3.0,26.02641681306526,Medium Value,Medium Value,0.052
Nikita,https://www.instagram.com/nostalgia_nikki?igshid=OGQ5ZDc2ODk2ZA%3D%3D&utm_source=qr,nostalgia_nikki,10900,Micro,1.89,11500,9200.0,Female,2000.0,7000,3000.0,2000.0,,No,Chandigarh,North,Beauty,3.0,33.97893306150187,Medium Value,Medium Value,0.052
Divesh Khatri,https://www.instagram.com/deekay_boss/,deekay_boss,10900,Micro,1.81,7500,6000.0,Male,,7000,,,,No,Mumbai,West,Fashion & Lifestyle,3.0,35.48076435703786,Medium Value,Medium Value,0.052
Vishvaja,https://www.instagram.com/vishvaja__,vishvaja__,10800,Micro,1.5,13000,10400.0,Male,50000.0,120000,72000.0,48000.0,0.0,No,Mumbai,West,Comedy,3.0,740.7407407407408,Low Value,Medium Value,0.052
Reshma Behera,https://www.instagram.com/reshmaabehera?igsh=MWpyOWUwZHEwNng1Nw==,reshmaabehera,10800,Micro,1.1,3400,2720.0,Female,1000.0,5000,3000.0,2000.0,,No,Mumbai,West,Beauty,3.0,42.08754208754208,Medium Value,Medium Value,0.361
Shilpi Kukreti,https://www.instagram.com/shil_pea,shil_pea,10707,Micro,5.39,22797,18237.6,Female,15000.0,150000,90000.0,60000.0,0.657981313,No,Dehradun,North,Comedy,3.0,259.91700330250546,Low Value,Low Value,0.0
Yihana,https://www.instagram.com/yihana12?igsh=cmduZnVhdTJuNnpz,yihana12,10700,Micro,4.98,12300,9840.0,Female,1500.0,5000,4000.0,3000.0,0.206185567,No,Mumbai,West,Beauty,3.0,9.38332770333671,High Value,Medium Value,0.361
Diya,https://www.instagram.com/diyaagarwal13?igsh=MWppMjl4Z2NoanR2NQ==,diyaagarwal13,10700,Micro,5.69,9880,7904.0,Female,1500.0,4000,2500.0,1000.0,,No,Mumbai,West,Beauty,3.0,6.569978483320467,High Value,High Value,0.97
Pratham Paste,https://www.instagram.com/hungry_for__food?igsh=MTVkYW80MXl4YjBmeA==,hungry_for__food,10700,Micro,9.12,56000,44800.0,Male,200.0,3000,800.0,1000.0,0.252495922,No,Mumbai,West,Fashion & Lifestyle,3.0,3.0742744712247916,High Value,High Value,0.97
Shivani Pandey,https://www.instagram.com/_shivaanipandey_?igsh=MXhza2NpOGhoNG1ucQ==,_shivaanipandey_,10600,Micro,3.64,4900,3920.0,Female,,6000,,,0.363636364,No,Mumbai,West,Beauty,3.0,15.550487248600458,Medium Value,Medium Value,0.361
Bhumika Shanbhag,https://www.instagram.com/bhumika.shanbhag?igsh=dXBvYzVyNWV2eHNw,bhumika.shanbhag,10600,Micro,1.28,9080,7264.0,Female,1000.0,3000,,3000.0,0.566037736,No,Delhi NCR,North,Beauty,3.0,22.110849056603772,Medium Value,Medium Value,0.361
Sumaila Chauhan,https://www.instagram.com/muddychoux/,muddychoux,10500,Micro,1.0,2500,2000.0,Male,,85000,,,0.363636364,No,Chandigarh,North,Entertainment,3.0,809.5238095238095,Low Value,Low Value,0.024
Soumya Nayyar,https://www.instagram.com/soumya_nayyar_?igsh=MWtwMHppbTc3cjZnaw==,soumya_nayyar_,10500,Micro,1.15,10500,8400.0,Female,1000.0,3500,2500.0,1000.0,0.727855011,No,Mumbai,West,Fashion & Lifestyle,3.0,28.985507246376816,Medium Value,Medium Value,0.361
rakhi singh,https://www.instagram.com/officialrakhisingh1/,officialrakhisingh1,10200,Micro,2.04,2140,1712.0,Female,,5000,3000.0,2000.0,,No,Delhi NCR,North,Fashion & Lifestyle,3.0,24.029219530949632,Medium Value,Medium Value,0.361
Hrithik Phondke,https://www.instagram.com/foodiefood07/,foodiefood07,10200,Micro,1.54,17800,14240.0,Male,,5000,2000.0,,,No,Mumbai,West,Food,3.0,31.83091418385536,Medium Value,Medium Value,0.361
Nachiket Save,https://www.instagram.com/nachiketsave/,nachiketsave,10100,Micro,6.0,6100,4880.0,Male,,50000,40000.0,30000.0,1.25,No,Mumbai,West,Fashion & Lifestyle,3.0,82.50825082508251,Low Value,Medium Value,0.2
Aditya Chauhan,https://www.instagram.com/mr.aditya.chauhan/,mr.aditya.chauhan,10100,Micro,1.0,2500,2000.0,Female,12000.0,30000,,9000.0,,No,Delhi NCR,North,Finance,3.0,297.029702970297,Low Value,Medium Value,0.06
Abhishek Sharma,https://www.instagram.com/depictions.photography/,depictions.photography,10100,Micro,1.0,2000,1600.0,Male,,25000,7000.0,2000.0,,Yes,Delhi NCR,North,Beauty,3.0,247.52475247524754,Low Value,Medium Value,0.06
Danny Mehta,https://www.instagram.com/danny_mehta_/,danny_mehta_,10100,Micro,1.75,4500,3600.0,Male,,11000,5000.0,2000.0,,No,Chandigarh,North,Beauty,3.0,62.234794908062234,Low Value,Medium Value,0.052
asmita,https://www.instagram.com/asmita932/,asmita932,10100,Micro,2.07,9800,7840.0,Female,1000.0,4000,1000.0,,0.909090909,No,Jaipur,West,Fashion & Lifestyle,3.0,19.132348017410436,Medium Value,Medium Value,0.361
Danish,https://www.instagram.com/danzzz.7/,danzzz.7,10000,Micro,15.88,29548,23638.0,Female,,52000,8000.0,7000.0,,No,Indore,Central,Beauty,3.0,32.7455919395466,Medium Value,Medium Value,0.031
Sammy,https://www.instagram.com/sammy_hamar/,sammy_hamar,10000,Micro,5.39,6660,5328.0,Male,50000.0,20000,,,0.200489194,No,Assam,Northeast,Fashion & Lifestyle,3.0,37.105751391465674,Medium Value,Medium Value,0.052
Payal,https://www.instagram.com/payal__023/,payal__023,10000,Micro,2.85,4400,3520.0,Female,1000.0,6000,4000.0,8000.0,,No,Mumbai,West,Beauty,3.0,21.05263157894737,Medium Value,Medium Value,0.361
Jash Notaria,https://www.instagram.com/food_and_brands,food_and_brands,10000,Micro,2.71,4600,3680.0,Male,500.0,3000,2000.0,2000.0,0.277777778,No,Mumbai,West,Food,3.0,11.07011070110701,High Value,Medium Value,0.361
Dakshata,https://www.instagram.com/dakshu_kilaje?igsh=OTc4MzE1NnhhYXpk,dakshu_kilaje,10000,Micro,1.15,7800,6240.0,Female,500.0,3000,1000.0,2000.0,0.185185185,No,West Bengal,East,Beauty,3.0,26.08695652173913,Medium Value,Medium Value,0.361
Nidhi,https://www.instagram.com/vini.27/profilecard/?igsh=bzQ2dDhodzh5N3U5,vini.27,10000,Micro,7.72,13500,10800.0,Female,50000.0,3000,,,0.252495922,No,Mumbai,West,Fashion & Lifestyle,3.0,3.8860103626943006,High Value,High Value,0.97
Priyanshee,https://www.instagram.com/prriiyyyyaannnshee//,prriiyyyyaannnshee,9916,Nano,1.52,29120,23296.0,Female,,35000,15000.0,7000.0,0.0,Yes,Delhi NCR,North,Fashion & Lifestyle,2.0,232.2137534234942,Low Value,Medium Value,0.052
yash,https://www.instagram.com/shutter_illusion_films/,shutter_illusion_films,9890,Nano,1.6,1500,1200.0,Male,10000.0,25000,,7500.0,,No,Delhi NCR,North,Finance,2.0,157.98786653185036,Low Value,Medium Value,0.052
Siddhi,https://www.instagram.com/siddhidhanawadee?igsh=MWYwcGxsa2NkeHJ6ZQ==,siddhidhanawadee,9787,Nano,9.44,15800,12640.0,Female,5000.0,25000,7000.0,5000.0,0.0,No,Mumbai,West,Beauty,2.0,27.05941641714277,High Value,Medium Value,0.2
Kamma Aneesha,https://www.instagram.com/kamma_aneesha/,kamma_aneesha,9700,Nano,3.17,7600,6080.0,Female,,10000,,,,No,Delhi NCR,North,Fashion & Lifestyle,2.0,32.52138280919704,Medium Value,Medium Value,0.052
sasha,https://www.instagram.com/sashamenezes5/,sashamenezes5,9650,Nano,3.78,20800,16640.0,Female,2500.0,7000,4000.0,3000.0,1.0,No,Mumbai,West,Fashion & Lifestyle,2.0,19.19017463058914,High Value,Medium Value,0.052
Rodali Deka,https://www.instagram.com/roodalii_/,roodalii_,9552,Nano,3.79,7600,6080.0,Female,,15000,,,,No,Assam,Northeast,Beauty,2.0,41.43408334548733,Medium Value,Medium Value,0.052
Indrani Sen,https://www.instagram.com/indraniwillteach/,indraniwillteach,9464,Nano,1.82,3500,2800.0,Female,500.0,2000,1000.0,,0.0,No,Delhi NCR,North,Beauty,2.0,11.61138101121195,High Value,Medium Value,0.361
Manav,https://www.instagram.com/knowmanav?igsh=MW4xeXh2cWVvdm13aQ==,knowmanav,9400,Nano,1.47,34100,27280.0,Male,3500.0,4000,2500.0,2500.0,,No,Mumbai,West,Beauty,2.0,28.947749312490952,Medium Value,Medium Value,0.361
Nidhi,https://www.instagram.com/nidhi__23?igsh=MXc0dDJqYmFuaW5lbw==,nidhi__23,9280,Nano,1.1,8300,6640.0,Female,2500.0,6500,3000.0,,,No,Mumbai,West,Beauty,2.0,63.675548589341695,Low Value,Medium Value,0.361
Surbhi Chandwani,https://www.instagram.com/surbhichandwaniii/,surbhichandwaniii,9159,Nano,7.73,7700,6160.0,Female,50000.0,5000,3000.0,5000.0,1.0,No,Delhi NCR,North,Beauty,2.0,7.062239659362756,High Value,High Value,0.97
Janak Vegad,https://www.instagram.com/janak_vegad/,janak_vegad,9108,Nano,1.06,4800,3840.0,Female,50000.0,2000,,,0.200489194,No,Delhi NCR,North,Beauty,2.0,20.71577133102974,High Value,Medium Value,0.361
Ashitosh Talreja,https://www.instagram.com/ashitoshtalreja/,ashitoshtalreja,9101,Nano,1.22,5652,4522.0,Male,50000.0,7000,4200.0,2800.0,0.277777778,No,Mumbai,West,Comedy,2.0,63.04477439877802,Low Value,Medium Value,0.052
Pranjal Ahire,https://www.instagram.com/yourtravellingeyes_?igsh=MTJpdDUweGsyYzdmZA==,yourtravellingeyes_,8900,Nano,1.46,18900,15120.0,Female,1500.0,5000,3000.0,2500.0,,No,Mumbai,West,Travel,2.0,38.47929813760197,Medium Value,Medium Value,0.361
A hungry Tour,https://www.instagram.com/a_hungry_tour?igsh=MTBlZzltc3gxZmJzcg==,a_hungry_tour,8800,Nano,3.4,13000,10400.0,Male,1000.0,5000,2000.0,2500.0,0.611067657,No,Mumbai,West,Travel,2.0,16.711229946524064,High Value,Medium Value,0.361
Tafeem Shaikh,https://www.instagram.com/tafeem.__.shaikh/,tafeem.__.shaikh,8585,Nano,3.39,7026,5621.0,Female,,15000,,,,No,Bangalore,South,Beauty,2.0,51.54081259245133,Medium Value,Medium Value,0.052
Renuka Tyagi,https://www.instagram.com/skincarey.ing?igsh=OXlvZDA0bjZzamN5,skincarey.ing,8500,Nano,6.36,6211,4969.0,Female,,18000,,,0.666666667,No,Delhi NCR,North,Beauty,2.0,33.29633740288568,Medium Value,Medium Value,0.2
Sakshi,https://www.instagram.com/kamblesaakshii?igsh=MTd1NTA0NjA4czZ5cw==,kamblesaakshii,8500,Nano,9.82,19800,15840.0,Female,50000.0,7500,3000.0,2000.0,1.0,No,J & K,North,Fashion & Lifestyle,2.0,8.985264166766502,High Value,High Value,0.97
Dhwani Solanki,https://www.instagram.com/dhwani.solanki?igsh=MWV0MTIxa2ZocHM0MQ%3D%3D,dhwani.solanki,8495,Nano,7.6,4800,3840.0,Female,2000.0,5000,2000.0,7000.0,0.14170247,No,Kanpur,North,Fashion & Lifestyle,2.0,7.744493665004182,High Value,High Value,0.97
Harssh Bhagtaani,https://www.instagram.com/harsshbhagtaani?igsh=MXI2OWc1c2M5MXEzbQ==,harsshbhagtaani,8415,Nano,2.26,6770,5416.0,Male,5000.0,15000,10000.0,10000.0,,No,Mumbai,West,Fashion & Lifestyle,2.0,78.87306169450886,Low Value,Medium Value,0.052
roshni,https://www.instagram.com/_roshaniiii._?igsh=MWtrN25jajhiNjQycA==,_roshaniiii._,8316,Nano,1.47,3900,3120.0,Female,1000.0,5000,2000.0,2000.0,0.044590105,No,Bangalore,South,Beauty,2.0,40.90140144561913,Medium Value,Medium Value,0.361
Ressica Tamai,https://www.instagram.com/ressica___/,ressica___,8184,Nano,13.5,6300,5040.0,Female,,15000,,,,No,Delhi NCR,North,Beauty,2.0,13.576626479852287,High Value,High Value,0.97
Mahek K,https://www.instagram.com/aroundtheworldinaplate?igsh=MWo2YjFzejRsNXF2Nw%3D%3D,aroundtheworldinaplate,8147,Nano,1.22,2200,1760.0,Female,1200.0,6000,3500.0,2000.0,,No,Bangalore,South,Food,2.0,60.36618125549584,Medium Value,Medium Value,0.361
Foodie Mulga,https://www.instagram.com/foodieemulga19?igsh=cjlhZjZ1dXF1bmlr,foodieemulga19,8000,Nano,2.14,11200,8960.0,Male,,5000,3000.0,2500.0,0.181818182,No,Mumbai,West,Food,2.0,29.205607476635517,Medium Value,Medium Value,0.361
Aditi Sihag,https://www.instagram.com/aditixsihag/,aditixsihag,7830,Nano,32.33,7282,5826.0,Male,,40000,3500.0,15000.0,,No,Delhi NCR,North,Beauty,2.0,15.80128930620094,High Value,Medium Value,0.2
Shubra Mishra,https://www.instagram.com/a.nomad.trail/,a.nomad.trail,7680,Nano,2.2,2800,2240.0,Male,10000.0,35000,8000.0,6000.0,,No,Lucknow,North,Food,2.0,207.1496212121212,Low Value,Medium Value,0.052
Riddhi,https://www.instagram.com/ridhiimakkar/,ridhiimakkar,7632,Nano,86.56,6891,5513.0,Female,10000.0,25000,,7500.0,,No,Mumbai,West,Business & Marketing,2.0,,,Not scored,
Parina gada,https://www.instagram.com/parinnaaa?igsh=MXQydHhnOW50eXBsdQ==,parinnaaa,7620,Nano,1.24,9000,7200.0,Female,2500.0,4000,3000.0,1000.0,,No,Mumbai,West,Beauty,2.0,42.33341800016933,Medium Value,Medium Value,0.361
Aarushi,https://www.instagram.com/aarushi_nagar?igsh=aXB1dGU4cnRyejky,aarushi_nagar,7601,Nano,1.2,6500,5200.0,Female,500.0,2000,1500.0,,0.126582279,No,Delhi NCR,North,Beauty,2.0,21.926939437793276,High Value,Medium Value,0.361
Gagan,https://www.instagram.com/gagan_kaurr__?utm_source=ig_web_button_share_sheet&igsh=ZDNlZDc0MzIxNw==,gagan_kaurr__,7500,Nano,3.06,9900,7920.0,Female,700.0,3000,1800.0,1000.0,1.0,No,Delhi NCR,North,Fashion & Lifestyle,2.0,13.071895424836601,High Value,Medium Value,0.361
Aastha Goswami,https://www.instagram.com/aasthagoswamiiii?igsh=MWgwZzFoczA4ZmZnZw==,aasthagoswamiiii,7500,Nano,1.5,2300,1840.0,Female,50000.0,2000,1000.0,1000.0,1.0,No,Chandigarh,North,Travel,2.0,17.77777777777778,High Value,Medium Value,0.361
Jessica,https://www.instagram.com/__jqueen__?igsh=MXkwdGh3b2VzMmMyaw==,__jqueen__,7464,Nano,1.55,6300,5040.0,Female,50000.0,4000,,,0.518338828,No,Delhi NCR,North,Beauty,2.0,34.574560038723504,Medium Value,Medium Value,0.361
Datta,https://www.instagram.com/dchavanfilms/,dchavanfilms,7457,Nano,1.66,895,716.0,Male,50000.0,12000,7200.0,4800.0,1.151543068,No,Delhi NCR,North,Comedy,2.0,96.94133917997321,Low Value,Medium Value,0.052
Brijesh,https://www.instagram.com/brijj__/,brijj__,7442,Nano,1.88,893,714.0,Male,50000.0,12000,7200.0,4800.0,0.0,No,Mumbai,West,Comedy,2.0,85.76966841446192,Low Value,Medium Value,0.052
Dinky Malhotra,https://www.instagram.com/_lifewithdinky_?igsh=MTd3bWhodWhpczVyMg%3D%3D&utm_source=qr,_lifewithdinky_,7233,Nano,1.78,10200,8160.0,Female,4000.0,7000,3500.0,3000.0,0.01149989,No,Mumbai,West,Beauty,2.0,54.370029996722266,Medium Value,Medium Value,0.052
Saumya,https://www.instagram.com/saumyya14?igsh=MXA1eGJidXJnMGp2aQ==,saumyya14,7171,Nano,9.03,20800,16640.0,Female,2000.0,3500,3000.0,,,No,Goa,West,Fashion & Lifestyle,2.0,5.405060650185556,High Value,High Value,0.97
Asen,https://www.instagram.com/sennlaaaa/,sennlaaaa,7159,Nano,4.96,8141,6513.0,Female,,15000,,,0.181818182,No,Mumbai,West,Beauty,2.0,42.243239955120785,Medium Value,Medium Value,0.052
Nirja,https://instagram.com/nirja_kamat?igshid=MzRlODBiNWFlZA==,nirja_kamat,7048,Nano,1.54,9900,7920.0,Female,,35000,25000.0,30000.0,,No,Mumbai,West,Beauty,2.0,322.46414198741104,Low Value,Medium Value,0.052
Jitesh,https://www.instagram.com/jituacts?igsh=MXN0eTRibzY3aTY3dw==,jituacts,6917,Nano,8.95,11200,8960.0,Male,1000.0,6000,2000.0,1500.0,,No,Delhi NCR,North,Fashion & Lifestyle,2.0,9.691933807322743,High Value,High Value,0.97
Senam tondrang,https://www.instagram.com/osingkim/,osingkim,6702,Nano,9.33,10700,8560.0,Female,,15000,,,,No,Delhi NCR,North,Fashion & Lifestyle,2.0,23.98861596240888,High Value,High Value,0.97
Tript,https://www.instagram.com/triptgirdhar?igsh=N2tzOTJxMzcwOWFv,triptgirdhar,6610,Nano,10.3,34400,27520.0,Male,5000.0,20000,15000.0,15000.0,,No,Goa,West,Fashion & Lifestyle,2.0,29.37590881717903,Medium Value,Medium Value,0.2
Vanisha,https://www.instagram.com/vanishagupta_?igsh=YzdsbWx5bjR1bWp0,vanishagupta_,6532,Nano,6.46,12500,10000.0,Female,,15000,10000.0,10000.0,0.126582279,No,Mumbai,West,Beauty,2.0,35.54778665261186,Medium Value,High Value,0.97
Shiza,https://www.instagram.com/sheezaaakay?igsh=MTdncTVoYmd6aHV2bw==,sheezaaakay,6394,Nano,3.78,34800,27840.0,Female,50000.0,5000,,,1.0,No,Delhi NCR,North,Beauty,2.0,20.687383840339738,High Value,Medium Value,0.361
Renuka Babbar,https://www.instagram.com/renuka_babbar/,renuka_babbar,6260,Nano,1.7,1600,1280.0,Female,50000.0,35000,20000.0,0.0,0.518338828,No,Delhi NCR,North,Beauty,2.0,328.8855478293554,Low Value,Medium Value,0.052
Aayushee,https://www.instagram.com/aayusheec1604?igsh=bzhycmsybzAxOHB5,aayusheec1604,6216,Nano,1.34,4500,3600.0,Female,1500.0,7000,5000.0,10000.0,0.8,No,Mumbai,West,Beauty,2.0,84.03926314374074,Low Value,Medium Value,0.052
Jai Lala,https://www.instagram.com/jaixstyle/,jaixstyle,6210,Nano,1.5,5700,4560.0,Male,2000.0,5000,,,1.0,No,Mumbai,West,Beauty,2.0,53.676865271068166,Medium Value,Medium Value,0.361
Pranusha,https://www.instagram.com/yourweebestie/,yourweebestie,6195,Nano,2.31,5800,4640.0,Female,,15000,,,,No,Bangalore,South,Fashion & Lifestyle,2.0,104.81850675555276,Low Value,Medium Value,0.052
Shweta,https://www.instagram.com/shwetaa__raut08/,shwetaa__raut08,6076,Nano,1.21,5800,4640.0,Female,1500.0,3000,2000.0,1000.0,,No,Bangalore,South,Beauty,2.0,40.80544507859129,Medium Value,Medium Value,0.361
Shirin,https://www.instagram.com/shirinkerkarr?igsh=bmd0dmg4endzZzBj,shirinkerkarr,5975,Nano,1.23,5600,4480.0,Female,,2000,,,0.181818182,No,Mumbai,West,Beauty,2.0,27.21366125795149,Medium Value,Medium Value,0.361
Divya,https://www.instagram.com/divyamyana?igsh=ZHRyZzE5djJiMmZi,divyamyana,5743,Nano,2.2,1800,1440.0,Female,30000.0,90000,45000.0,30000.0,,No,Bangalore,South,Fashion & Lifestyle,2.0,712.3296344957497,Low Value,Medium Value,0.052
Kriya,https://www.instagram.com/kriyaparekh_03?igsh=Y2c4bnh1NTF4aWdj,kriyaparekh_03,5700,Nano,4.41,5300,4240.0,Female,20000.0,3000,,,0.444444444,No,Mumbai,West,Beauty,2.0,11.934598400763814,High Value,Medium Value,0.361
Vaishnavi,https://www.instagram.com/_vaish_navi_20_?igsh=MTdjZmo3cmtldGF4eA==,_vaish_navi_20_,5700,Nano,1.8,4400,3520.0,Female,,2000,,,0.4,No,Mumbai,West,Beauty,2.0,19.49317738791423,High Value,Medium Value,0.361
Softredkisses,https://www.instagram.com/softredkisses?igsh=MTgzcTVieG1xcDdiaA==,softredkisses,5500,Nano,7.31,31200,24960.0,Female,500.0,1500,1500.0,,,No,Delhi NCR,North,Fashion & Lifestyle,2.0,3.73087924387514,High Value,High Value,0.97
Kashish Hinduja,https://www.instagram.com/the.funtastic.life/,the.funtastic.life,5430,Nano,2.0,1300,1040.0,Male,15000.0,40000,,35000.0,0.181818182,No,Mumbai,West,Technology,2.0,368.3241252302026,Low Value,Medium Value,0.052
Sneha Sakya,https://www.instagram.com/snehasakya?igsh=MW10OW9pbHc2d2xzaQ==,snehasakya,5223,Nano,2.57,2000,1600.0,Female,50000.0,5000,2500.0,2000.0,0.091800895,No,Bangalore,South,Beauty,2.0,37.24919187878219,Medium Value,Medium Value,0.361
Sakshi,https://www.instagram.com/sakshi.shindee?igsh=YW83ZTA3dzBka3hx,sakshi.shindee,5085,Nano,4.07,5600,4480.0,Female,,7000,5000.0,7000.0,,No,Odisha,East,Fashion & Lifestyle,2.0,33.82304267260019,Medium Value,Medium Value,0.052
Dhruv Raj Chauhan,https://www.instagram.com/idhruvrahchauhan/,idhruvrahchauhan,4763,Nano,2.0,12243,9794.0,Male,2000.0,8000,,,,No,Delhi NCR,North,Fashion & Lifestyle,2.0,83.98068444257821,Low Value,Medium Value,0.052
Prathamesh,https://www.instagram.com/prathamaze_?igsh=MWZxbHAwaHZseWRtZg==,prathamaze_,4453,Nano,1.55,6400,5120.0,Female,1500.0,1500,2000.0,,0.840760047,Yes,Delhi NCR,North,Beauty,2.0,21.73235875777837,High Value,Medium Value,0.361
Harshita Dhongdi,https://www.instagram.com/harshitadhongdi_official?igsh=NzhkMTF0NWQ1ZDNt,harshitadhongdi_official,4400,Nano,1.21,3700,2960.0,Female,3000.0,8000,4500.0,10000.0,0.064631131,No,Mumbai,West,Beauty,2.0,150.26296018031556,Low Value,Medium Value,0.052
Ishan,https://www.instagram.com/ishan/,ishan,4345,Nano,4.47,435700,348560.0,Male,600.0,5000,,,,No,Delhi NCR,North,Fashion & Lifestyle,2.0,25.74380282306542,High Value,Medium Value,0.361
Nishtha,https://instagram.com/nxshthaa_?igshid=MzRlODBiNWFlZA==,nxshthaa_,4340,Nano,0.81,6400,5120.0,Female,5000.0,18000,2000.0,5000.0,,No,Mumbai,West,Food,2.0,512.0327700972862,Low Value,Medium Value,0.06
Yuthika,https://www.instagram.com/yuthiccaa?igsh=MXBlYjY2aHExbHFhZg==,yuthiccaa,4279,Nano,1.12,6700,5360.0,Female,500.0,2000,2000.0,,0.276134776,No,Delhi NCR,North,Beauty,2.0,41.732046873435046,Medium Value,Medium Value,0.361
Jhanvi,https://instagram.com/jhanvimehtaaa?utm_source=qr&igshid=NGExMmI2YTkyZg%3D%3D,jhanvimehtaaa,4062,Nano,18.87,6400,5120.0,Female,,180000,60000.0,50000.0,,Yes,Mumbai,West,Music,2.0,234.83384331416306,Low Value,Medium Value,0.031
Raemaraan,https://www.instagram.com/rae_jaffer/,rae_jaffer,3991,Nano,2.17,7280,5824.0,Female,20000.0,60000,40000.0,8000.0,0.4,No,Goa,West,Beauty,2.0,692.8030464859298,Low Value,Medium Value,0.052
Vedang Chavan,https://www.instagram.com/coach_vedzz/,coach_vedzz,3782,Nano,12.92,41240,32992.0,Female,,21000,2000.0,7000.0,,Yes,Mumbai,West,Fashion & Lifestyle,2.0,42.97691689328463,Medium Value,Medium Value,0.2
Akram Virani,https://www.instagram.com/officialrawfiul/,officialrawfiul,2239,Nano,1.33,7200,5760.0,Female,,50000,10000.0,5000.0,,Yes,Mumbai,West,Fashion & Lifestyle,2.0,1679.0524771061193,Low Value,Medium Value,0.052
Ayushmann Rawat,https://www.instagram.com/shawtt_gaming/,shawtt_gaming,1635,Nano,9.12,1620,1296.0,Male,,80000,48000.0,32000.0,,Yes,Delhi NCR,North,Comedy,2.0,536.5094693921347,Low Value,Medium Value,0.031
Ryan Suri (Couple),https://www.instagram.com/suripurified/,suripurified,1518,Nano,8.53,87350,69880.0,Male,50000.0,35000,5000.0,5000.0,0.0,No,Delhi NCR,North,Entertainment,2.0,270.3007443310211,Low Value,Medium Value,0.2
Thahira,https://www.instagram.com/thahiraafraah,thahiraafraah,1305,Nano,1.01,10233,8186.0,Female,7000.0,20000,12000.0,5000.0,0.841538332,No,Chennai,South,Fashion & Lifestyle,2.0,1517.393118622207,Low Value,Medium Value,0.06
Skye,https://www.instagram.com/_skyesg/,_skyesg,880,Sub-Nano (<1K),0.36,664,531.0,Female,,35000,12000.0,5000.0,,No,Mumbai,West,Beauty,1.0,11047.979797979797,Low Value,Low Value,0.0
Akosi,https://www.instagram.com/akosijepay/,akosijepay,762,Sub-Nano (<1K),1.56,582,466.0,Female,,18000,,,,No,Mumbai,West,Fashion & Lifestyle,1.0,1514.2337976983647,High Value,Medium Value,0.052
Twirly,https://www.instagram.com/an.cajanding/,an.cajanding,625,Sub-Nano (<1K),1.87,2300,1840.0,Male,50000.0,20000,5000.0,5000.0,0.064631131,No,Mumbai,West,Fashion & Lifestyle,1.0,1711.2299465240642,Low Value,Medium Value,0.052
Azis Nandang,https://www.instagram.com/azyshaha/,azyshaha,418,Sub-Nano (<1K),1.75,2600,2080.0,Female,50000.0,12000,6000.0,3000.0,0.276134776,Yes,Mumbai,West,Beauty,1.0,1640.464798359535,Medium Value,Medium Value,0.052
vastraa_vibe_,https://www.instagram.com/vastraa_vibe_,vastraa_vibe_,0,Sub-Nano (<1K),0.0,13550,10840.0,Female,65000.0,300000,285000.0,75000.0,0.822,No,Punjab,North,Fitness,1.0,,,Not scored,
edgyetika,https://www.instagram.com/edgyetika,edgyetika,0,Sub-Nano (<1K),0.0,13550,10840.0,Female,75000.0,300000,250000.0,50000.0,0.833333333,No,Bangalore,South,Finance,1.0,,,Not scored,
ellie_kt,https://www.instagram.com/ellie_kt,ellie_kt,0,Sub-Nano (<1K),0.0,13550,10840.0,Male,75000.0,300000,300000.0,75000.0,0.99262,No,Delhi NCR,North,Business & Marketing,1.0,,,Not scored,
ethnichaul_,https://www.instagram.com/ethnichaul_,ethnichaul_,0,Sub-Nano (<1K),0.0,13550,10840.0,Male,100000.0,250000,225000.0,50000.0,,No,Mumbai,West,Comedy,1.0,,,Not scored,
yourbaecaramel,https://www.instagram.com/yourbaecaramel,yourbaecaramel,0,Sub-Nano (<1K),0.0,13550,10840.0,Male,50000.0,250000,250000.0,50000.0,,No,Jaipur,West,Entertainment,1.0,,,Not scored,
thedaily_wanderlust_,https://www.instagram.com/thedaily_wanderlust_,thedaily_wanderlust_,0,Sub-Nano (<1K),0.0,13550,10840.0,Female,75000.0,200000,100000.0,50000.0,0.181818182,No,Delhi NCR,North,Music,1.0,,,Not scored,
fashionhub_of_priya,https://www.instagram.com/fashionhub_of_priya,fashionhub_of_priya,0,Sub-Nano (<1K),0.0,13550,10840.0,Female,75000.0,100000,125000.0,50000.0,0.181818182,No,Dehradun,North,Comedy,1.0,,,Not scored,
picksbysonia,https://www.instagram.com/picksbysonia,picksbysonia,0,Sub-Nano (<1K),0.0,13550,10840.0,Female,40000.0,100000,85000.0,45000.0,,No,Bangalore,South,Entertainment,1.0,,,Not scored,
rafnas_own,https://www.instagram.com/rafnas_own,rafnas_own,0,Sub-Nano (<1K),0.0,13550,10840.0,Female,50000.0,100000,125000.0,50000.0,,No,Mumbai,West,Entertainment,1.0,,,Not scored,
unfoldself_,https://www.instagram.com/unfoldself_,unfoldself_,0,Sub-Nano (<1K),0.0,13550,10840.0,Female,50000.0,100000,120000.0,20000.0,,No,Mumbai,West,Entertainment,1.0,,,Not scored,
oriana.adarkar,https://www.instagram.com/oriana.adarkar?igsh=enc1a3hiOGx1d3Zk,oriana.adarkar,0,Sub-Nano (<1K),0.0,52000,41600.0,Female,,20000,,,0.0,No,Delhi NCR,North,Beauty,1.0,,,Not scored,
Palak Tiwari,https://www.instagram.com/palaktiwarii/,palaktiwarii,4080000,Mega/Celebrity,,1700000,1360000.0,Female,100000.0,800000,320000.0,480000.0,,No,Lucknow,North,Fashion & Lifestyle,5.0,,,Not scored,
Bhoomika Dash,https://www.instagram.com/officialbhoomikadash/,officialbhoomikadash,868000,Macro,,151850,121480.0,Female,16000.0,55000,,12000.0,,No,Odisha,East,Fashion & Lifestyle,4.0,,,Not scored,
CA Vibhash Khatri,https://instagram.com/vibhashkhattri?igshid=MzRlODBiNWFlZA==,vibhashkhattri,845000,Macro,,191500,153200.0,Male,36000.0,120000,,36000.0,,No,Varanasi,North,Finance,4.0,,,Not scored,
SMC Kapil,https://www.instagram.com/55000/,55000,828117,Macro,,200950,160760.0,Female,38000.0,18000,,28500.0,,No,Indore,Central,Fashion & Lifestyle,4.0,,,Not scored,
Sudeshna,https://www.instagram.com/sudeshnasworld/,sudeshnasworld,724000,Macro,,214500,171600.0,Female,28000.0,350000,85000.0,21000.0,,No,West Bengal,East,Beauty,4.0,,,Not scored,
shubhamgaur09,https://www.instagram.com/shubhamgaur09/,shubhamgaur09,647000,Macro,,230000,184000.0,Male,,400000,250000.0,50000.0,,Yes,Mumbai,West,Comedy,4.0,,,Not scored,
Tech Feroz,https://www.instagram.com/_techferoz/,_techferoz,615000,Macro,,260500,208400.0,Male,10000.0,25000,,7500.0,,No,Mumbai,West,Finance,4.0,,,Not scored,
Satyajit Banerjee,https://www.instagram.com/grownuptales/,grownuptales,580000,Macro,,180000,144000.0,Male,60000.0,200000,,50000.0,,No,West Bengal,East,Finance,4.0,,,Not scored,
thatcutestthing,https://www.instagram.com/thatcutestthing/,thatcutestthing,512000,Macro,,226208,180966.0,Female,,350000,200000.0,70000.0,,No,Chandigarh,North,Fashion & Lifestyle,4.0,,,Not scored,
Ankit,https://www.instagram.com/ankit_sr,ankit_sr,512000,Macro,,170000,136000.0,Male,50000.0,180000,70000.0,35000.0,,No,Delhi NCR,North,Business & Marketing,4.0,,,Not scored,
Lakshya Narula,https://www.instagram.com/learningwithlakshya,learningwithlakshya,501000,Macro,,376000,300800.0,Male,60000.0,150000,120000.0,50000.0,,No,Delhi NCR,North,Finance,4.0,,,Not scored,
Arsh Goyal,https://www.instagram.com/arshgoyalyt/,arshgoyalyt,456000,Macro,,200000,160000.0,Male,50000.0,200000,85000.0,60000.0,,Yes,Bangalore,South,Finance,4.0,,,Not scored,
salonidaini_,https://www.instagram.com/salonidaini_/,salonidaini_,428000,Macro,,200600,160480.0,Male,20000.0,250000,150000.0,50000.0,,No,Mumbai,West,Entertainment,4.0,,,Not scored,
Rohit,https://www.instagram.com/rupeeswith_rohit?&igsh=ZDNlZDc0MzIxNw==,rupeeswith_rohit,399000,Macro,,151950,121560.0,Male,24000.0,60000,,18000.0,,Yes,Odisha,East,Business & Marketing,4.0,,,Not scored,
mai_mohini,https://www.instagram.com/mai_mohini/,mai_mohini,344000,Macro,,123000,98400.0,Female,,120000,70000.0,30000.0,,Yes,Delhi NCR,North,Fashion & Lifestyle,4.0,,,Not scored,
Ishani,https://www.instagram.com/ishanibhattacharya/,ishanibhattacharya,341000,Macro,,120679,96543.0,Female,280000.0,60000,,,,No,West Bengal,East,Beauty,4.0,,,Not scored,
Salini Agarwal,https://www.instagram.com/financewithsalini/,financewithsalini,304000,Macro,,40000,32000.0,Female,20000.0,50000,85000.0,20000.0,,No,West Bengal,East,Finance,4.0,,,Not scored,
Skincare by Tanisha,https://www.instagram.com/skincarebytanisha?igsh=N2JvZzZxdTVpcGFo,skincarebytanisha,298000,Macro,,110000,88000.0,Male,,100000,80000.0,40000.0,,No,Mumbai,West,Beauty,4.0,,,Not scored,
shreya.priyam,https://www.instagram.com/shreya.priyam/,shreya.priyam,242000,Macro,,154000,123200.0,Female,,150000,80000.0,30000.0,,Yes,Delhi NCR,North,Entertainment,4.0,,,Not scored,
Gloria V Simon,https://www.instagram.com/Gloria (@grolia_.__)/,gloria (@grolia_.__),226000,Macro,,1783400,1426720.0,Female,100000.0,450000,,100000.0,,No,Kochi,South,Business & Marketing,4.0,,,Not scored,
Hardik Bhatia,https://instagram.com/hardikbhatia.in?igshid=MzRlODBiNWFlZA==,hardikbhatia.in,212000,Macro,,101198,80958.0,Male,28000.0,70000,,21000.0,,No,Delhi NCR,North,Finance,4.0,,,Not scored,
Tanu,https://www.instagram.com/tanu_konjengbam_/,tanu_konjengbam_,156000,Macro,,83062,66450.0,Female,,15000,,,,No,Manipur,Northeast,Fashion & Lifestyle,4.0,,,Not scored,
Simra,https://www.instagram.com/simra.khan__?igsh=aThoYTM2bGdibGd5,simra.khan__,146000,Macro,,72814,58251.0,Female,,40000,,,,No,Lucknow,North,Beauty,4.0,,,Not scored,
RK,https://www.instagram.com/72000/,72000,145000,Macro,,52000,41600.0,Male,,100000,,,,No,Indore,Central,Beauty,4.0,,,Not scored,
Siddharth Dudeja,https://www.instagram.com/siddharthdudeja,siddharthdudeja,142000,Macro,,52000,41600.0,Male,25000.0,60000,100000.0,50000.0,,No,Mumbai,West,Finance,4.0,,,Not scored,
Monmayuri,https://www.instagram.com/monmayuriiiiii/,monmayuriiiiii,137000,Macro,,66860,53488.0,Female,10000.0,45000,,7500.0,,No,Assam,Northeast,Fashion & Lifestyle,4.0,,,Not scored,
Mehak Oberoi,https://www.instagram.com/mehakoberoi,mehakoberoi,133000,Macro,,52000,41600.0,Female,150000.0,200000,200000.0,100000.0,,No,Delhi NCR,North,Travel,4.0,,,Not scored,
Borsha Gogoi,https://www.instagram.com/dikxa_gogoi/,dikxa_gogoi,131000,Macro,,70500,56400.0,Female,,15000,,,,No,Assam,Northeast,Fashion & Lifestyle,4.0,,,Not scored,
Aarya,https://www.instagram.com/aarya_dongre,aarya_dongre,130000,Macro,,52000,41600.0,Male,16000.0,40000,,12000.0,,No,Mumbai,West,Business & Marketing,4.0,,,Not scored,
Kunal Rawal,https://www.instagram.com/kunalrawalofficial,kunalrawalofficial,127000,Macro,,52000,41600.0,Male,150000.0,350000,300000.0,150000.0,,No,Mumbai,West,Finance,4.0,,,Not scored,
Sharmili Chakraborty,https://www.instagram.com/_sharmili_/,_sharmili_,126000,Macro,,68720,54976.0,Female,,70000,,,,No,West Bengal,East,Beauty,4.0,,,Not scored,
Shubhankar Mishra,https://www.instagram.com/theshubhankarmishra/,theshubhankarmishra,121302,Macro,,52000,41600.0,Male,200000.0,800000,600000.0,250000.0,,No,Assam,Northeast,Beauty,4.0,,,Not scored,
Jagdish Chaturvedi,https://www.instagram.com/drjagdishchatur,drjagdishchatur,119000,Macro,,52000,41600.0,Female,75000.0,100000,,30000.0,,No,Bangalore,South,Beauty,4.0,,,Not scored,
Vikas Naagru,https://www.instagram.com/naagruvikaas?utm_source=ig_web_button_share_sheet&igsh=ZDNlZDc0MzIxNw==,naagruvikaas,103000,Macro,,59562,47650.0,Male,10000.0,25000,,7500.0,,Yes,Delhi NCR,North,Business & Marketing,4.0,,,Not scored,
Chanchilee,https://www.instagram.com/chanchilee_nongthombam/,chanchilee_nongthombam,102000,Macro,,55000,44000.0,Female,,20000,,,,No,Manipur,Northeast,Fashion & Lifestyle,4.0,,,Not scored,
Midhu,https://www.instagram.com/food___stories_____,food___stories_____,99000,Micro,,54641,43713.0,Female,,35000,,,,No,Trivandrum,South,Fashion & Lifestyle,3.0,,,Not scored,
Layba Ahmad,https://www.instagram.com/layba_ahmad?igsh=eDB3bzYxYXB6YXR2,layba_ahmad,84500,Micro,,54000,43200.0,Female,,70000,,,,No,Delhi NCR,North,Beauty,3.0,,,Not scored,
Meher Kaur,https://www.instagram.com/meheronmmoney?utm_source=ig_web_button_share_sheet&igsh=ZDNlZDc0MzIxNw==,meheronmmoney,82400,Micro,,20000,16000.0,Female,12000.0,50000,,10000.0,,No,Surat,West,Finance,3.0,,,Not scored,
Apoorva,https://www.instagram.com/apoorva.mehandiratta?igsh=MWZxbzB3aDIxd2E1Yw==,apoorva.mehandiratta,75900,Micro,,52000,41600.0,Female,,35000,,,,No,Mumbai,West,Travel,3.0,,,Not scored,
simrananand21,https://www.instagram.com/simrananand21/,simrananand21,71000,Micro,,45000,36000.0,Female,,50000,35000.0,10000.0,,No,Delhi NCR,North,Fashion & Lifestyle,3.0,,,Not scored,
Food of Kolkata,https://www.instagram.com/food_of_kolkata?igsh=YWZibjdpZXdmaWY=,food_of_kolkata,68000,Micro,,42700,34160.0,Male,16000.0,40000,,12000.0,,No,West Bengal,East,Business & Marketing,3.0,,,Not scored,
Simpli stocks Hindi,https://www.instagram.com/simplistocks.hindi/,simplistocks.hindi,60300,Micro,,45000,36000.0,Male,12000.0,30000,,9000.0,,No,Delhi NCR,North,Finance,3.0,,,Not scored,
Rahul Singh,https://www.instagram.com/vermarahulofficial?,vermarahulofficial,52300,Micro,,37888,30310.0,Male,,35000,,,,No,Delhi NCR,North,Fashion & Lifestyle,3.0,,,Not scored,
Pratham,https://www.instagram.com/prathamgurung_/,prathamgurung_,50500,Micro,,35741,28593.0,Male,100000.0,450000,,100000.0,,No,Delhi NCR,North,Business & Marketing,3.0,,,Not scored,
Raisha Sultana,https://www.instagram.com/im_raiiiiii/,im_raiiiiii,50000,Micro,,36000,28800.0,Female,,30000,,,,No,Mumbai,West,Beauty,3.0,,,Not scored,
Madhusmita,https://www.instagram.com/_madhusmita_das__/,_madhusmita_das__,47000,Micro,,35300,28240.0,Female,65000.0,15000,100000.0,65000.0,,No,Assam,Northeast,Fashion & Lifestyle,3.0,,,Not scored,
Namma Pondy,https://www.instagram.com/namma_pondy/,namma_pondy,46113,Micro,,35100,28080.0,Female,100000.0,25000,250000.0,100000.0,,No,Delhi NCR,North,Beauty,3.0,,,Not scored,
ivrizzz12,https://www.instagram.com/ivrizzz12?igsh=anYzNHBrdmpodHNh,ivrizzz12,46000,Micro,,114000,91200.0,Female,150000.0,15000,375000.0,100000.0,,No,Meghalaya,Northeast,Fashion & Lifestyle,3.0,,,Not scored,
Ritika Rawat,https://www.instagram.com/ritikarawat_0020/,ritikarawat_0020,45600,Micro,,100000,80000.0,Female,100000.0,15000,180000.0,100000.0,,No,Delhi NCR,North,Beauty,3.0,,,Not scored,
Imnasenla Rachel,https://www.instagram.com/imnasenlarachel/,imnasenlarachel,44000,Micro,,35708,28566.0,Female,200000.0,45000,600000.0,250000.0,,No,Nagaland,Northeast,Fashion & Lifestyle,3.0,,,Not scored,
Mondal Raja,https://www.instagram.com/mondalraja_/,mondalraja_,42000,Micro,,65490,52392.0,Female,,20000,,,,No,Delhi NCR,North,Beauty,3.0,,,Not scored,
ambikaaroraaaaa,https://www.instagram.com/ambikaaroraaaaa?igsh=MXc2YXo3dnp5Yjdlcg==,ambikaaroraaaaa,41000,Micro,,48000,38400.0,Female,,25000,,,,No,Dehradun,North,Comedy,3.0,,,Not scored,
Reena Kausar,https://www.instagram.com/kausarreena?igsh=MXFkN3I0MWk4emszbQ==,kausarreena,35300,Micro,,23839,19071.0,Female,,40000,,,,No,Delhi NCR,North,Beauty,3.0,,,Not scored,
Gitanjali Pradhan,https://www.instagram.com/_gitanjali__20/,_gitanjali__20,21000,Micro,,12473,9978.0,Female,,25000,,,,No,Delhi NCR,North,Beauty,3.0,,,Not scored,
Khyati,https://www.instagram.com/khyyyatii/,khyyyatii,21000,Micro,,12473,9978.0,Female,,15000,,,,Yes,Assam,Northeast,Beauty,3.0,,,Not scored,
matti.tariang_,https://www.instagram.com/matti.tariang_,matti.tariang_,19400,Micro,,9000,7200.0,Male,,100000,,,,No,Mumbai,West,Beauty,3.0,,,Not scored,
Siamte,https://www.instagram.com/siamte9_/,siamte9_,17344,Micro,,18000,14400.0,Female,,10000,,,,No,Meghalaya,Northeast,Fashion & Lifestyle,3.0,,,Not scored,
Simran,https://www.instagram.com/vxnloviee/,vxnloviee,14793,Micro,,12500,10000.0,Female,,13000,,,,No,Bhopal,Central,Beauty,3.0,,,Not scored,
Bhavika Jain,https://instagram.com/getthaatbread?igshid=YmMyMTA2M2Y=,getthaatbread,14700,Micro,,12492,9994.0,Female,8000.0,20000,,6000.0,,No,Bangalore,South,Finance,3.0,,,Not scored,
Rengmili Taropi,https://www.instagram.com/_rengmili_taropi_/,_rengmili_taropi_,12000,Micro,,7850,6280.0,Female,,15000,,,,No,Assam,Northeast,Beauty,3.0,,,Not scored,
Ava Rai,https://www.instagram.com/aava_rai/,aava_rai,11000,Micro,,7250,5800.0,Female,,15000,,,,No,Mumbai,West,Comedy,3.0,,,Not scored,
Vaishnavi,https://www.instagram.com/vaishnavvi22,vaishnavvi22,9096,Nano,,7750,6200.0,Female,,25000,,,,No,Pune,West,Beauty,2.0,,,Not scored,
