Name,Instagram Link,Instagram Handle,Followers,Creator Type,Engagement Rate (%), Average Views ,Average Reach,Gender, Story Cost , Reel / Collab Reel Cost , Carousel Post Cost ,Digital / Ad Rights Cost,CPV,Also on YouTube?,Final_cities,Region,Niche Category (Standardized),TierOrderClean
Jannat Zubair,https://www.instagram.com/jannatzubair29/,jannatzubair29,"4,97,00,000",Mega/Celebrity,1.89%," 53,81,805 ",4305444,Female,," 8,00,000 "," 4,50,000 ","3,20,000",,No,Delhi NCR,North,Entertainment,5
mr_faisu_07,https://www.instagram.com/mr_faisu_07,mr_faisu_07,"3,31,20,272",Mega/Celebrity,12.49%," 35,00,000 ",2800000,Male,," 3,00,000 "," 1,20,000 ","1,80,000",,No,Mumbai,West,Entertainment,5
Avneet Kaur,https://www.instagram.com/avneetkaur_13,avneetkaur_13,"3,20,00,000",Mega/Celebrity,1.75%," 31,00,000 ",2480000,Female," 1,50,000 "," 7,00,000 "," 5,50,000 ","1,00,000",,No,Mumbai,West,Beauty,5
awez_darbar,https://www.instagram.com/awez_darbar/,awez_darbar,"3,06,61,216",Mega/Celebrity,3.73%," 12,00,000 ",960000,Male,," 3,00,000 "," 1,20,000 ","1,80,000",,No,Mumbai,West,Entertainment,5
divyankatripathidahiya,https://www.instagram.com/divyankatripathidahiya,divyankatripathidahiya,"2,60,36,526",Mega/Celebrity,1.15," 35,00,000 ",2800000,Female,," 12,00,000 "," 4,80,000 ","7,20,000",,No,Mumbai,West,Entertainment,5
angelrai07,https://www.instagram.com/angelrai07,angelrai07,"2,51,93,880",Mega/Celebrity,5.15%," 14,00,000 ",1120000,Female,," 3,00,000 "," 1,20,000 ","1,80,000",,No,Delhi NCR,North,Entertainment,5
Adnaan Shaikh,https://www.instagram.com/adnaan_07dz/,adnaan_07dz,"1,19,00,000",Mega/Celebrity,4.11," 4,88,200 ",390560,Male," 1,20,000 "," 2,00,000 "," 80,000 ",120000,,No,Indore,Central,Fashion & Lifestyle,5
Nitesh Soni,https://www.instagram.com/niteshsoniy?igsh=cm5iejlyOXcyM3Fm,niteshsoniy,"92,00,000",Mega/Celebrity,2.00%," 16,42,776 ",1314221,Male,," 5,00,000 "," 2,00,000 ",300000,,No,Mumbai,West,Fashion & Lifestyle,5
Sourav Joshi,https://www.instagram.com/souravjoshivlogs/,souravjoshivlogs,"86,00,000",Mega/Celebrity,1.54," 40,00,000 ",3200000,Male,," 2,00,000 "," 1,20,000 ",80000,,Yes,Mumbai,West,Comedy,5
themermaidscales,https://www.instagram.com/themermaidscales/,themermaidscales,"82,44,844",Mega/Celebrity,8.95%," 9,89,381 ",791505,Female," 1,00,000 "," 12,00,000 "," 7,20,000 ","4,80,000",,No,Bangalore,South,Comedy,5
Nagma Mirajkar,https://www.instagram.com/nagmamirajkar/,nagmamirajkar,"80,30,400",Mega/Celebrity,1.77%," 8,17,500 ",654000,Female," 3,50,000 "," 5,00,000 "," 2,00,000 ","3,00,000",,No,Mumbai,West,Beauty,5
RJ Karishma,https://www.instagram.com/rjkarishma/,rjkarishma,"70,30,903",Mega/Celebrity,11.03%," 46,00,000 ",3680000,Female," 1,20,000 "," 4,00,000 "," 1,60,000 ",240000,,No,Mumbai,West,Comedy,5
Amresh Bharti,https://www.instagram.com/mahatmaji_technical/reels/,mahatmaji_technical,"68,70,000",Mega/Celebrity,1.49%," 33,00,000 ",2640000,Male," 3,50,000 "," 2,50,000 "," 1,60,000 ",105000,,No,Ranchi,East,Technology,5
maisamayhoon,https://www.instagram.com/maisamayhoon/,maisamayhoon,"67,55,958",Mega/Celebrity,2.26%," 8,10,715 ",648572,Male,," 3,00,000 "," 18,00,000 ","12,00,000",,No,Mumbai,West,Comedy,5
Ayesha Khan,https://www.instagram.com/ayeshaakhan_official,ayeshaakhan_official,"58,54,127",Mega/Celebrity,1.4," 82,900 ",66320,Female," 1,00,000 "," 4,00,000 "," 1,60,000 ",240000,,No,Mumbai,West,Entertainment,5
Rajveer Shisodia,https://www.instagram.com/rajveer_fitness_series?igsh=YTVscDI5bnYxM2I3,rajveer_fitness_series,"56,00,000",Mega/Celebrity,2.11%," 14,76,004 ",1180803,Male," 2,000 "," 15,00,000 "," 3,000 ","3,00,000",,No,Mumbai,West,Fashion & Lifestyle,5
ankita lokhande,https://www.instagram.com/lokhandeankita?utm_source=ig_web_button_share_sheet&igsh=MW84OXJ4cjJ4cmtqeg==,lokhandeankita,"55,00,000",Mega/Celebrity,2.89%," 30,00,000 ",2400000,Female," 1,50,000 "," 8,75,000 "," 5,00,000 ",400000,,No,Delhi NCR,North,Entertainment,5
Amulya Rattan,https://www.instagram.com/amulyarattan_/,amulyarattan_,"50,03,023",Mega/Celebrity,1.17%," 11,00,000 ",880000,Female," 1,00,000 "," 7,00,000 "," 2,80,000 ",420000,,No,Delhi NCR,North,Beauty,5
Apoorva (Rebel Kid),https://www.instagram.com/the.rebel.kid,the.rebel.kid,"44,00,000",Mega/Celebrity,10.00%," 80,00,000 ",6400000,Female," 4,00,000 "," 14,00,000 "," 8,00,000 ",300000,,No,Mumbai,West,Fashion & Lifestyle,5
Deepak Dhaiya,https://www.instagram.com/deepak_daiya2.0/,deepak_daiya2.0,"42,40,000",Mega/Celebrity,2.32%," 22,50,000 ",1800000,Male," 5,00,000 "," 4,00,000 "," 3,40,000 ",200000,,No,Mumbai,West,Fashion & Lifestyle,5
Bhavin,https://www.instagram.com/bhavin_333,bhavin_333,"42,38,965",Mega/Celebrity,1.87%," 12,09,345 ",967476,Male,," 4,00,000 "," 3,00,000 ","2,00,000",,No,Delhi NCR,North,Comedy,5
Parth Samthaan,https://www.instagram.com/the_parthsamthaan/,the_parthsamthaan,"40,00,670",Mega/Celebrity,2.77%," 13,21,000 ",105680,Male," 1,00,000 "," 2,25,000 "," 90,000 ",135000,,No,Mumbai,West,Entertainment,5
Mithilesh Patankar,https://www.instagram.com/mythpat/,mythpat,"39,00,000",Mega/Celebrity,1.15%," 40,00,000 ",3200000,Male," 90,000 "," 10,00,000 "," 6,00,000 ","4,00,000",,Yes,Mumbai,West,Gaming,5
Jiya Shankar,https://www.instagram.com/jiyaashankarofficial/,jiyaashankarofficial,"36,00,000",Mega/Celebrity,5.75%," 20,00,000 ",1600000,Female," 60,000 "," 7,00,000 "," 6,00,000 ","2,50,000",,No,Mumbai,West,Fashion & Lifestyle,5
Shashank Sanghvi,https://www.instagram.com/iamshashh/?hl=en,iamshashh,"34,00,000",Mega/Celebrity,1.84%," 14,00,000 ",1120000,Male," 1,00,000 "," 5,00,000 "," 3,00,000 ","75,000",,No,Mumbai,West,Fashion & Lifestyle,5
Jai Arora,https://www.instagram.com/tech_iela/,tech_iela,"41,00,000",Mega/Celebrity,13.2," 10,00,000 ",256000,Male,," 2,00,000 "," 5,00,000 ",100000,,No,Delhi NCR,North,Beauty,5
Aarush Bhola,https://www.instagram.com/aarushbhola17?igsh=MWQ0dnprZmdxN2tzaA==,aarushbhola17,"33,00,000",Mega/Celebrity,9.07%," 60,33,938 ",4827150,Male," 10,000 "," 2,50,000 "," 4,20,000 ","7,500",,No,Indore,Central,Finance,5
Naveen Singh,https://www.instagram.com/bihariladka/,bihariladka,"31,00,000",Mega/Celebrity,2," 8,10,000 ",648000,Male," 1,00,000 "," 5,50,000 "," 4,00,000 ",67500,,No,Delhi NCR,North,Entertainment,5
Rahul Sinha,https://www.instagram.com/thethar_puns/,thethar_puns,"30,19,855",Mega/Celebrity,1.7," 3,62,383 ",289906,Male," 60,000 "," 1,50,000 "," 90,000 ",60000,,No,Mumbai,West,Comedy,5
Soumya Daundkar,https://www.instagram.com/somya_daaundkar/,somya_daaundkar,"30,00,000",Mega/Celebrity,1.44%," 6,67,600 ",534080,Female," 80,000 "," 8,00,000 "," 3,20,000 ",480000,,No,Mumbai,West,Beauty,5
Anam darbar,https://www.instagram.com/anamdarbar97/,anamdarbar97,"30,00,000",Mega/Celebrity,1.52," 4,73,800 ",379040,Female,," 4,00,000 "," 1,60,000 ","2,40,000",,No,Mumbai,West,Beauty,5
realharshgujral,https://www.instagram.com/realharshgujral/,realharshgujral,"29,00,000",Mega/Celebrity,7.32%," 3,83,842 ",307074,Male,," 12,00,000 "," 5,00,000 ","1,00,000",,No,Delhi NCR,North,Comedy,5
Just Neel Things,https://www.instagram.com/just_neel_things,just_neel_things,"29,00,000",Mega/Celebrity,2.98%," 15,00,000 ",1200000,Male," 1,50,000 "," 8,50,000 "," 5,50,000 ","2,00,000",,No,Delhi NCR,North,Entertainment,5
Abhishek Kar,https://instagram.com/abhishekkarofficial?igshid=MTI1ZDU5ODQ3Yw==,abhishekkarofficial,"29,00,000",Mega/Celebrity,3.88," 4,28,821 ",343057,Male," 1,20,000 "," 3,00,000 "," 4,20,000 ",90000,,Yes,Indore,Central,Finance,5
Funcho,https://www.instagram.com/funcho,funcho,"27,96,720",Mega/Celebrity,1.66%," 3,35,606 ",268485,Male," 2,00,000 "," 8,50,000 "," 4,00,000 ",100000,,No,Delhi NCR,North,Comedy,5
adarshanand111,https://www.instagram.com/adarshanand111/,adarshanand111,"27,71,207",Mega/Celebrity,7.90%," 3,32,545 ",266036,Male,," 2,50,000 "," 1,50,000 ",100000,,No,Pune,West,Comedy,5
Sharan Hegde,https://www.instagram.com/financewithsharan,financewithsharan,"27,00,000",Mega/Celebrity,10.50%," 7,50,000 ",600000,Male,," 14,00,000 "," 9,00,000 ",600000,,No,Mumbai,West,Finance,5
abhijeetkain,https://www.instagram.com/abhijeetkain/,abhijeetkain,"26,52,253",Mega/Celebrity,45.40%," 3,18,270 ",254616,Male," 60,000 "," 3,00,000 "," 1,80,000 ","1,20,000",,No,Mumbai,West,Comedy,5
gurleen_pannu,https://www.instagram.com/gurleen_pannu/,gurleen_pannu,"25,41,867",Mega/Celebrity,6.26%," 3,05,024 ",244019,Female," 1,00,000 "," 4,00,000 "," 2,40,000 ",160000,,No,Delhi NCR,North,Comedy,5
Riya Verma,https://www.instagram.com/_bachuuuu,_bachuuuu,"25,30,726",Mega/Celebrity,4.49," 10,30,000 ",824000,Female," 2,00,000 "," 2,00,000 "," 80,000 ",120000,,No,Mumbai,West,Gaming,5
Rahman Khan,https://www.instagram.com/sirsupremeofficial/,sirsupremeofficial,"25,00,000",Mega/Celebrity,1.66," 3,57,480 ",285984,Male," 1,00,000 "," 3,00,000 "," 40,000 ","6,00,000",,Yes,Bangalore,South,Entertainment,5
Readers book Club,https://www.instagram.com/readersbooksclub/,readersbooksclub,"24,30,000",Mega/Celebrity,3.71%," 6,65,000 ",532000,Male," 2,80,000 "," 2,00,000 "," 40,000 ",120000,,Yes,Mumbai,West,Education,5
Zain Imam,https://www.instagram.com/zainimam_official/,zainimam_official,"24,00,000",Mega/Celebrity,2.85%," 20,00,000 ",1600000,Male," 1,05,000 "," 5,00,000 "," 2,00,000 ",300000,,No,Mumbai,West,Fashion & Lifestyle,5
Vishnu Kaushal,https://www.instagram.com/thevishnukaushal/,thevishnukaushal,"23,00,000",Mega/Celebrity,7.82%," 2,76,000 ",220800,Male," 60,000 "," 7,00,000 "," 4,20,000 ","2,80,000",,No,Delhi NCR,North,Comedy,5
SlayyPoint,https://www.instagram.com/slayypoint/,slayypoint,"23,00,000",Mega/Celebrity,2.59%," 44,30,500 ",3544400,Female,," 5,00,000 "," 3,00,000 ",200000,,Yes,Mumbai,West,Entertainment,5
Satwinder Singh,https://www.instagram.com/sukh_johal_pandori?igsh=ajB2NGc1aXkxNG9h,sukh_johal_pandori,"23,00,000",Mega/Celebrity,2.14%," 6,42,488 ",513990,Male,," 2,00,000 "," 40,000 ",60000,,No,Delhi NCR,North,Beauty,5
Kashmira,https://www.instagram.com/kashmiraofficial,kashmiraofficial,"22,74,762",Mega/Celebrity,1.19%," 6,50,000 ",520000,Female," 1,00,000 "," 2,00,000 "," 80,000 ",120000,,No,Surat,West,Entertainment,5
Ruhee Dosani,https://www.instagram.com/ruheedosani/,ruheedosani,"22,00,000",Mega/Celebrity,2," 10,00,000 ",800000,Female," 2,00,000 "," 6,50,000 "," 5,00,000 ",100000,,No,Pune,West,Fashion & Lifestyle,5
Sachin Mann,https://instagram.com/sachinmann1,sachinmann1,"21,00,000",Mega/Celebrity,2.51," 2,43,000 ",194400,Male,," 4,50,000 "," 30,000 ","10,000",,No,Mumbai,West,Fashion & Lifestyle,5
Suku,https://www.instagram.com/_beingsuku_/,_beingsuku_,"20,10,000",Mega/Celebrity,11.96%," 10,50,000 ",840000,Female," 75,000 "," 17,00,000 "," 6,80,000 ",1020000,,No,Mumbai,West,Entertainment,5
rajgrover_in,https://www.instagram.com/rajgrover_in/,rajgrover_in,"20,00,000",Mega/Celebrity,4.41%," 10,90,000 ",872000,Male," 1,50,000 "," 8,00,000 "," 4,00,000 ","80,000",,Yes,Mumbai,West,Comedy,5
Rida Tharana,https://www.instagram.com/rida.tharanaa,rida.tharanaa,"20,00,000",Mega/Celebrity,8.43%," 26,00,000 ",2080000,Female," 1,50,000 "," 6,50,000 "," 4,00,000 ","1,50,000",,No,West Bengal,East,Beauty,5
Sagar Sinha,https://www.instagram.com/coachsagarsinha?utm_source=ig_web_button_share_sheet&igsh=ZDNlZDc0MzIxNw==,coachsagarsinha,"20,00,000",Mega/Celebrity,3.71%," 10,70,000 ",856000,Male," 1,20,000 "," 4,00,000 "," 40,000 ","1,20,000",,No,Delhi NCR,North,Business & Marketing,5
Sakchi Jain,https://instagram.com/ca.sakchijain?igshid=OGQ5ZDc2ODk2ZA===,ca.sakchijain,"20,00,000",Mega/Celebrity,1.49%," 10,70,000 ",856000,Female," 1,05,000 "," 3,50,000 "," 80,000 ","1,05,000",,No,Ranchi,East,Finance,5
Swati Verma,https://www.instagram.com/swativerma/,swativerma,"20,00,000",Mega/Celebrity,1.34," 1,22,900 ",98320,Female," 1,05,000 "," 2,00,000 "," 80,000 ","1,20,000",,No,Pune,West,Beauty,5
Shraddha Singh,https://www.instagram.com/shrads/,shrads,"20,00,000",Mega/Celebrity,1.31%," 5,50,100 ",440080,Female," 82,500 "," 1,50,000 "," 60,000 ","90,000",,No,Mumbai,West,Beauty,5
Technology Gyan,https://www.instagram.com/manojsaru/,manojsaru,"20,00,000",Mega/Celebrity,21.00%," 12,00,000 ",960000,Male," 1,50,000 "," 1,50,000 "," 60,000 ","90,000",,No,Jaipur,West,Fashion & Lifestyle,5
Fiza khan,https://www.instagram.com/thefizahkhan/,thefizahkhan,"20,00,000",Mega/Celebrity,1.92%," 4,06,100 ",324880,Female,," 1,00,000 "," 40,000 ","60,000",,No,Delhi NCR,North,Beauty,5
?????????????? ??. ????????????,https://www.instagram.com/dynamo__gaming/,dynamo__gaming,"20,00,000",Mega/Celebrity,4.63%," 14,00,000 ",1120000,Male," 1,50,000 "," 1,00,000 "," 40,000 ",60000,,No,Mumbai,West,Fashion & Lifestyle,5
maheshkeshwala,https://www.instagram.com/maheshkeshwala/,maheshkeshwala,"19,97,726",Mega/Celebrity,3.78%," 2,39,727 ",191782,Male," 48,000 "," 4,00,000 "," 2,40,000 ",160000,,No,Mumbai,West,Comedy,5
Saurabh Ghadge,https://www.instagram.com/saurabhghadge_vines/,saurabhghadge_vines,"19,30,421",Mega/Celebrity,5.17%," 2,28,938 ",183150,Male," 75,000 "," 6,50,000 "," 3,90,000 ",75000,,No,Mumbai,West,Comedy,5
Kaashvi Hiranandani,https://www.instagram.com/kaaashvi/,kaaashvi,"22,00,000",Mega/Celebrity,8.44," 13,00,000 ",1040000,Female," 14,000 "," 3,50,000 "," 1,50,000 ",10500,,No,Delhi NCR,North,Finance,5
rjkisnaa,https://www.instagram.com/rjkisnaa/,rjkisnaa,"18,00,000",Mega/Celebrity,4.29%," 4,80,000 ",384000,Male," 57,000 "," 6,00,000 "," 3,00,000 ","70,000",,No,Delhi NCR,North,Music,5
Pragati Verma,https://www.instagram.com/pragati.vermaa/,pragati.vermaa,"18,00,000",Mega/Celebrity,2.34%," 9,50,000 ",760000,Female," 1,00,000 "," 5,00,000 "," 2,00,000 ",75000,,No,Delhi NCR,North,Beauty,5
Gokul Ram,https://www.instagram.com/gokul_yog?igsh=MTM5cGJ0MjZjYWRoeQ==,gokul_yog,"20,00,000",Mega/Celebrity,4.85%," 16,57,263 ",1325810,Male," 72,000 "," 2,50,000 "," 48,000 ","72,000",0.75,No,Delhi NCR,North,Fashion & Lifestyle,5
Parul Gulati,https://www.instagram.com/gulati06,gulati06,"17,00,000",Mega/Celebrity,1.08%," 2,94,000 ",235200,Female," 1,50,000 "," 6,50,000 "," 2,50,000 ","1,00,000",,No,Varanasi,North,Fashion & Lifestyle,5
Just Janvi,https://www.instagram.com/justjanvi/?hl=en,justjanvi,"17,00,000",Mega/Celebrity,5.76," 9,72,000 ",777600,Female," 1,50,000 "," 4,00,000 "," 3,50,000 ","1,00,000",,No,Delhi NCR,North,Fashion & Lifestyle,5
Shraddha Rangarh,https://www.instagram.com/unfitofit_official_?igsh=dTJ4cjFsc2UwM2Fj,unfitofit_official_,"18,00,000",Mega/Celebrity,2.5," 9,30,000 ",736048,Female," 6,00,000 "," 5,00,000 "," 65,000 ",20000,,No,Delhi NCR,North,Fashion & Lifestyle,5
Rajat Rai,https://www.instagram.com/trickblower/,trickblower,"17,00,000",Mega/Celebrity,3.2," 1,83,000 ",146400,Male," 2,00,000 "," 1,20,000 "," 3,000 ",5000,,No,West Bengal,East,Travel,5
Bhvaika Sharma,https://www.instagram.com/bhavikasharma53,bhavikasharma53,"16,61,238",Mega/Celebrity,7.86%," 2,14,000 ",171200,Female," 90,000 "," 2,00,000 "," 80,000 ","1,20,000",,No,Mumbai,West,Entertainment,5
Rj Princy,https://www.instagram.com/princymirchilove/,princymirchilove,"16,52,371",Mega/Celebrity,46.61%," 2,01,889 ",161511,Female," 82,500 "," 7,00,000 "," 4,20,000 ",125000,,No,Mumbai,West,Comedy,5
Falguni,https://www.instagram.com/falgunipeacock,falgunipeacock,"16,15,651",Mega/Celebrity,1.65%," 6,51,000 ",520800,Female,," 1,50,000 "," 60,000 ",90000,,No,Delhi NCR,North,Fashion & Lifestyle,5
Manav Chhabra,https://www.instagram.com/mr.mnv/,mr.mnv,"16,00,000",Mega/Celebrity,2.32%," 8,06,800 ",645440,Male," 1,50,000 "," 5,70,000 "," 3,40,000 ",200000,,No,Mumbai,West,Fashion & Lifestyle,5
Ashi Khanna,https://www.instagram.com/ashi_khanna/,ashi_khanna,"16,00,000",Mega/Celebrity,2.17%," 4,56,000 ",364800,Female," 48,000 "," 1,50,000 "," 60,000 ","90,000",,No,Delhi NCR,North,Fashion & Lifestyle,5
Sangram B Chougle,https://www.instagram.com/sangram_chougule_official?igsh=d3ZwMnpoZno1MzNo,sangram_chougule_official,"16,00,000",Mega/Celebrity,2.19%," 2,25,950 ",180760,Male," 1,00,000 "," 2,00,000 "," 10,000 ","10,000",,No,Delhi NCR,North,Fashion & Lifestyle,5
sanah_kainat,https://www.instagram.com/sanah_kainat/,sanah_kainat,"15,93,223",Mega/Celebrity,9.21%," 1,91,187 ",152950,Female," 44,000 "," 1,50,000 "," 90,000 ",60000,,No,Udaipur,West,Comedy,5
Aaditya Shukla,https://www.instagram.com/aadityashukla09/,aadityashukla09,"15,65,812",Mega/Celebrity,20.88%," 1,93,383 ",154706,Male," 80,000 "," 2,50,000 "," 1,50,000 ",100000,,No,Delhi NCR,North,Comedy,5
Focused Indian (Karan Sonwane),https://www.instagram.com/focusedindian,focusedindian,"15,09,621",Mega/Celebrity,4.29%," 1,81,155 ",144924,Male," 1,50,000 "," 7,00,000 "," 3,00,000 ",100000,,No,Delhi NCR,North,Comedy,5
Anirudh Sharma,https://www.instagram.com/anirudhh_sharma/,anirudhh_sharma,"15,00,000",Mega/Celebrity,2.81%," 4,41,000 ",35280,Male," 80,000 "," 3,00,000 "," 1,20,000 ",180000,,No,Mumbai,West,Fashion & Lifestyle,5
Rochit Singh,https://www.instagram.com/rochit__singh/,rochit__singh,"15,00,000",Mega/Celebrity,7.28%," 3,07,800 ",246240,Male," 1,00,000 "," 2,50,000 "," 2,00,000 ","75,000",,No,Lucknow,North,Finance,5
Tanuj Virwani,https://www.instagram.com/tanujvirwani?igsh=MTZwM3Vrb2V4Nmd3aA%3D%3D,tanujvirwani,"15,00,000",Mega/Celebrity,1.85%," 1,32,100 ",105680,Male," 38,000 "," 1,50,000 "," 60,000 ","90,000",,No,Assam,Northeast,Fashion & Lifestyle,5
Pranavi Manukonda,https://www.instagram.com/pranavi_manukonda/,pranavi_manukonda,"15,00,000",Mega/Celebrity,2.55%," 4,00,000 ",320000,Female," 72,000 "," 1,20,000 "," 48,000 ",72000,,No,Delhi NCR,North,Beauty,5
Bani J,https://www.instagram.com/banij?utm_source=ig_web_button_share_sheet&igsh=ZDNlZDc0MzIxNw==,banij,"15,00,000",Mega/Celebrity,2.7," 2,84,200 ",227360,Female,," 2,10,000 "," 15,000 ",4200,,No,Mumbai,West,Fashion & Lifestyle,5
Arohi Khurana,https://www.instagram.com/arohikhurana_,arohikhurana_,"14,54,511",Mega/Celebrity,1.95," 1,74,541 ",139633,Female," 1,00,000 "," 1,20,000 "," 72,000 ",48000,,No,West Bengal,East,Entertainment,5
rjashishsharma,https://www.instagram.com/rjashishsharma/,rjashishsharma,"14,00,000",Mega/Celebrity,1.67," 3,12,000 ",249600,Male," 60,000 "," 6,00,000 "," 4,25,000 ",150000,,No,Delhi NCR,North,Entertainment,5
Nitin Joshi,https://www.instagram.com/ji_nitinjoshi/reels/,ji_nitinjoshi,"14,00,000",Mega/Celebrity,2.09," 4,00,000 ",320000,Male," 90,000 "," 3,00,000 "," 1,50,000 ",90000,,No,Delhi NCR,North,Business & Marketing,5
Darshan Wairkar,https://www.instagram.com/darshansthetics,darshansthetics,"14,00,000",Mega/Celebrity,9.76%," 6,50,000 ",520000,Male," 1,00,000 "," 2,50,000 "," 10,80,000 ",300000,,No,Delhi NCR,North,Fitness,5
Bhagyashree,https://www.instagram.com/helloshreee/,helloshreee,"14,00,000",Mega/Celebrity,1.74%," 10,00,000 ",800000,Female,," 1,00,000 "," 40,000 ",60000,,No,West Bengal,East,Beauty,5
Sahil Joshi,https://www.instagram.com/official_Sahiljoshi/,official_sahiljoshi,"18,00,000",Mega/Celebrity,12.20%," 30,00,000 ",2400000,Male," 50,000 "," 3,50,000 "," 1,60,000 ",240000,,Yes,Delhi NCR,North,Fashion & Lifestyle,5
Anjali Tripathi,https://www.instagram.com/aimfit_anjali?igsh=MThhMzNqZDVuNTg5ZQ==,aimfit_anjali,"14,00,000",Mega/Celebrity,2.14%," 2,80,000 ",22414,Female," 24,000 "," 3,00,000 "," 15,000 ","5,000",,No,Mumbai,West,Beauty,5
Khyati Sonigra,https://www.instagram.com/khyati.3am/,khyati.3am,"13,00,000",Mega/Celebrity,2.02," 1,00,000 ",56368,Female,," 2,00,000 "," 3,000 ",10000,,No,Mumbai,West,Fashion & Lifestyle,5
Nayan Shelke,https://www.instagram.com/assassinsarmy01,assassinsarmy01,"13,51,007",Mega/Celebrity,1.57," 9,72,000 ",777600,Male," 50,000 "," 1,50,000 "," 60,000 ",90000,,Yes,Delhi NCR,North,Gaming,5
brotomotiv,https://www.instagram.com/brotomotiv.in/,brotomotiv.in,"13,20,000",Mega/Celebrity,2," 6,27,000 ",501600,Female," 80,000 "," 3,50,000 ",,60000,,No,Delhi NCR,North,Beauty,5
Viraj Ghelani,https://www.instagram.com/viraj_ghelani/,viraj_ghelani,"13,08,346",Mega/Celebrity,10.10%," 15,60,000 ",124800,Male,," 6,50,000 "," 3,90,000 ","2,60,000",,No,Mumbai,West,Comedy,5
Shivanshu Agrawal,https://www.instagram.com/shivanshu.agrawal_/reels/,shivanshu.agrawal_,"13,00,000",Mega/Celebrity,2.86%," 4,93,000 ",394400,Male," 1,00,000 "," 4,50,000 "," 1,20,000 ","1,00,000",,Yes,Delhi NCR,North,Business & Marketing,5
Abhishek Jain,https://www.instagram.com/fryder01/,fryder01,"13,00,000",Mega/Celebrity,4.00%," 4,89,000 ",391200,Male," 50,000 "," 3,00,000 "," 1,20,000 ","1,80,000",,No,Bangalore,South,Beauty,5
Rise with Rahul,https://www.instagram.com/rise_with_rahul?i&igsh=ZDNlZDc0MzIxNw==,rise_with_rahul,"13,00,000",Mega/Celebrity,3.19%," 3,81,200 ",304960,Male," 60,000 "," 2,00,000 "," 6,00,000 ",60000,,Yes,Delhi NCR,North,Business & Marketing,5
TSG?RITIK,https://www.instagram.com/jain__ritik/,jain__ritik,"13,00,000",Mega/Celebrity,6.03%," 13,00,000 ",1040000,Male,," 2,00,000 "," 1,20,000 ",80000,,No,Pune,West,Comedy,5
Naezy,https://www.instagram.com/naezythebaa,naezythebaa,"12,65,873",Mega/Celebrity,1.48%," 1,40,000 ",112000,Male,," 1,20,000 "," 48,000 ","72,000",,No,Mumbai,West,Music,5
Umer Qureshi,https://www.instagram.com/NA/,na,"12,00,000",Mega/Celebrity,22.30%," 2,76,500 ",221200,Male,," 6,00,000 "," 3,00,000 ","1,00,000",,Yes,Mumbai,West,Comedy,5
Kareema Barry,https://www.instagram.com/kareemabarry,kareemabarry,"12,00,000",Mega/Celebrity,3.02%," 1,44,000 ",115200,Male," 1,00,000 "," 6,00,000 "," 4,50,000 ","1,00,000",,No,Punjab,North,Comedy,5
Shreya Kalra,https://www.instagram.com/shreyakalraa?igsh=MXQ3aTRtM29ieWtwZw==,shreyakalraa,"12,00,000",Mega/Celebrity,7.59%," 18,00,000 ",1440000,Female," 52,000 "," 5,00,000 "," 2,00,000 ",300000,,No,Delhi NCR,North,Fashion & Lifestyle,5
Prakash Thinkwings,https://www.instagram.com/thinkwings_prakash/,thinkwings_prakash,"12,00,000",Mega/Celebrity,12.10%," 7,00,000 ",560000,Male," 80,000 "," 3,50,000 "," 80,000 ",40000,,No,Mumbai,West,Finance,5
TimebillionaireAbu,https://www.instagram.com/timebillionaireabu/,timebillionaireabu,"12,00,000",Mega/Celebrity,1.50%," 2,89,000 ",231200,Male," 67,500 "," 2,25,000 "," 80,000 ","67,500",,No,Chennai,South,Finance,5
Harshak Sinha,https://instagram.com/harshaksinha?igshid=NzZhOTFlYzFmZQ==,harshaksinha,"12,00,000",Mega/Celebrity,1.56%," 2,76,500 ",221200,Male," 80,000 "," 2,20,000 "," 50,000 ","66,000",,No,Mumbai,West,Business & Marketing,5
Viral Sakshiya,https://www.instagram.com/viral_sakhiya?igsh=ZDNlZDc0MzIxNw==,viral_sakhiya,"12,00,000",Mega/Celebrity,3.23," 2,76,500 ",221200,Male," 60,000 "," 2,00,000 "," 2,50,000 ",60000,,No,Mumbai,West,Business & Marketing,5
Ujjwal D Gadhvi | Finance | Business | Marketing,https://www.instagram.com/finspire_ujjwal,finspire_ujjwal,"12,00,000",Mega/Celebrity,4.40%," 1,80,000 ",144000,Male," 60,000 "," 2,00,000 "," 90,000 ",60000,,No,Mumbai,West,Finance,5
Prabhat Chaudhary,https://www.instagram.com/iamprabhatchaudhary?igsh=MWQ3cDRrMGk3dzFycQ%3D%3D,iamprabhatchaudhary,"12,00,000",Mega/Celebrity,1.67%," 1,40,950 ",112760,Male," 80,000 "," 1,00,000 "," 40,000 ",60000,,No,Mumbai,West,Fashion & Lifestyle,5
Ankita PrabhuWalawalkar,https://www.instagram.com/kokanheartedgirl,kokanheartedgirl,"11,49,074",Mega/Celebrity,2.09%," 8,00,900 ",640720,Female," 36,000 "," 1,75,000 "," 70,000 ",105000,,No,Delhi NCR,North,Entertainment,5
Ayush Mehra,https://www.instagram.com/ayush007,ayush007,"11,47,062",Mega/Celebrity,9.76%," 3,91,000 ",312800,Male," 32,000 "," 2,70,000 "," 10,80,000 ",1620000,,No,Mumbai,West,Entertainment,5
Akriti Negi,https://www.instagram.com/akritinegi_official,akritinegi_official,"11,35,307",Mega/Celebrity,1.14%," 1,40,950 ",112760,Female," 50,000 "," 3,00,000 "," 1,20,000 ",180000,,No,Chandigarh,North,Entertainment,5
Swaalina,https://www.instagram.com/swaalina,swaalina,"11,05,691",Mega/Celebrity,12.20%," 1,32,683 ",106146,Female," 50,000 "," 4,00,000 "," 1,60,000 ",240000,,No,Delhi NCR,North,Entertainment,5
usman_insane,https://www.instagram.com/usman_insane/,usman_insane,"11,00,164",Mega/Celebrity,1.5," 1,32,020 ",105616,Male,," 2,00,000 "," 1,20,000 ",80000,,No,Mumbai,West,Comedy,5
satishray_,https://www.instagram.com/satishray_/,satishray_,"11,00,000",Mega/Celebrity,3.88," 1,90,000 ",152000,Male," 24,000 "," 7,50,000 "," 4,20,000 ","1,50,000",,Yes,Mumbai,West,Education,5
Pretty Much Finance,https://www.instagram.com/prettymuchfinance/,prettymuchfinance,"11,00,000",Mega/Celebrity,1.33%," 5,00,000 ",400000,Female," 80,000 "," 3,00,000 "," 80,000 ",60000,,No,Delhi NCR,North,Finance,5
kunal jaisingh,https://www.instagram.com/kunaljaisingh?utm_source=ig_web_button_share_sheet&igsh=NnRvOWNsYjAxdDR6,kunaljaisingh,"11,00,000",Mega/Celebrity,1.20%," 1,00,000 ",80000,Male,," 2,50,000 "," 2,00,000 ",200000,,No,Mumbai,West,Entertainment,5
Deepak Wadhwa (SEBI Registered),https://www.instagram.com/deepakwadhwa.official?&igsh=ZDNlZDc0MzIxNw==,deepakwadhwa.official,"11,00,000",Mega/Celebrity,27.20%," 1,21,239 ",96991,Male," 90,000 "," 2,25,000 "," 90,000 ",67500,,No,Delhi NCR,North,Finance,5
Sanskaar Singh R,https://www.instagram.com/codes.learning/,codes.learning,"11,00,000",Mega/Celebrity,7.20%," 84,000 ",67200,Male," 30,000 "," 3,50,000 "," 62,000 ",93000,,No,Delhi NCR,North,Comedy,5
Gujarati Media Factory,https://www.instagram.com/gujaratimediafactory/,gujaratimediafactory,"11,00,000",Mega/Celebrity,0.37," 1,21,239 ",96991,Female," 5,000 "," 3,00,000 "," 10,000 ",20000,,Yes,Mumbai,West,Travel,5
kennethseb,https://www.instagram.com/kennethseb/,kennethseb,"10,89,926",Mega/Celebrity,3.19%," 1,30,791 ",104633,Male," 36,000 "," 1,00,000 "," 6,00,000 ",400000,,No,Udaipur,West,Comedy,5
Shefali Shah,https://www.instagram.com/shefalishahofficial,shefalishahofficial,"10,85,627",Mega/Celebrity,3.33%," 1,30,275 ",104220,Female," 50,000 "," 5,00,000 "," 2,00,000 ","3,00,000",,No,Bangalore,South,Entertainment,5
Raj Gourav,https://www.instagram.com/feat_raj,feat_raj,"10,84,825",Mega/Celebrity,0.09%," 4,56,000 ",364800,Male,," 1,00,000 "," 40,000 ",60000,,No,Pune,West,Business & Marketing,5
Romit Raj,https://www.instagram.com/romitrajprasher,romitrajprasher,"10,83,350",Mega/Celebrity,0.01%," 18,120 ",14496,Male,," 1,80,000 "," 72,000 ",108000,,No,Delhi NCR,North,Entertainment,5
Myra Singh,https://www.instagram.com/myrasinghofficial,myrasinghofficial,"10,82,389",Mega/Celebrity,1.56%," 1,29,887 ",103910,Female,," 1,25,000 "," 50,000 ",75000,,No,Mumbai,West,Entertainment,5
Raja Kumari,https://www.instagram.com/therajakumari,therajakumari,"10,81,715",Mega/Celebrity,8.99%," 1,29,806 ",103845,Female," 12,000 "," 2,80,000 "," 20,000 ",10000,,No,Mumbai,West,Travel,5
Dushyant Yadav,https://www.instagram.com/kumardushyantyadav,kumardushyantyadav,"10,80,636",Mega/Celebrity,3.23%," 1,29,676 ",103741,Male,," 2,50,000 "," 20,000 ","22,500",,No,Delhi NCR,North,Fashion & Lifestyle,5
Raghav,https://www.instagram.com/rjraghav/,rjraghav,"10,80,000",Mega/Celebrity,1.50%," 8,00,900 ",640720,Male," 35,000 "," 2,00,000 "," 80,000 ","1,20,000",,No,Delhi NCR,North,Entertainment,5
Harshita,https://www.instagram.com/harshita1210,harshita1210,"10,78,298",Mega/Celebrity,6.20%," 1,29,396 ",103517,Female," 50,000 "," 2,25,000 "," 90,000 ","1,35,000",,No,Vadodara,West,Entertainment,5
Sreejita,https://www.instagram.com/sreejita_de,sreejita_de,"10,76,935",Mega/Celebrity,12.10%," 1,29,232 ",103386,Female," 30,000 "," 2,00,000 "," 80,000 ",120000,,No,Delhi NCR,North,Entertainment,5
ritviksahore,https://www.instagram.com/ritviksahore,ritviksahore,"10,70,446",Mega/Celebrity,3.73," 1,28,454 ",102763,Male,," 3,00,000 "," 1,20,000 ",180000,,No,Mumbai,West,Entertainment,5
Ronith Ashra,https://www.instagram.com/ronit.ashra/,ronit.ashra,"10,70,000",Mega/Celebrity,2.94," 10,04,000 ",803200,Male," 24,000 "," 2,00,000 "," 80,000 ",120000,,No,Delhi NCR,North,Fashion & Lifestyle,5
Dharna,https://www.instagram.com/dharnaaaaa/,dharnaaaaa,"10,60,000",Mega/Celebrity,10.5," 7,30,000 ",584000,Female,," 1,50,000 "," 9,00,000 ",600000,,Yes,Delhi NCR,North,Entertainment,5
Debashree Biswas,https://www.instagram.com/debashreebiswas/,debashreebiswas,"10,49,739",Mega/Celebrity,0.38%," 1,21,157 ",96926,Female," 32,000 "," 7,00,000 "," 2,80,000 ",420000,,No,Mumbai,West,Beauty,5
Namrita Kour,https://www.instagram.com/theknampage?igsh=MTlrejJhOW5sNThmbg==,theknampage,"10,30,000",Mega/Celebrity,6.5," 20,50,000 ",1640000,Female," 25,000 "," 3,00,000 "," 1,20,000 ","1,80,000",,No,Delhi NCR,North,Comedy,5
Nisman,https://www.instagram.com/niswoman?igsh=ZG85NzVlcjkzZWlo,niswoman,"10,30,000",Mega/Celebrity,6.48," 7,60,000 ",608000,Female," 36,000 "," 3,00,000 "," 1,20,000 ",180000,,No,Mumbai,West,Entertainment,5
iamkhanzaadi,https://www.instagram.com/iamkhanzaadi,iamkhanzaadi,"10,10,329",Mega/Celebrity,4.62," 1,21,239 ",96991,Female," 1,80,000 "," 1,65,000 "," 4,00,000 ",250000,,No,Delhi NCR,North,Comedy,5
aishwarya_tm,https://www.instagram.com/aishwarya_tm,aishwarya_tm,"10,10,269",Mega/Celebrity,2.70%," 1,21,232 ",96986,Female," 32,000 "," 2,00,000 "," 1,20,000 ","1,80,000",,No,Delhi NCR,North,Music,5
raj_gehani_,https://www.instagram.com/raj_gehani_,raj_gehani_,"10,10,179",Mega/Celebrity,0.16%," 1,21,221 ",96977,Male,," 1,80,000 "," 4,000 ","3,000",,No,Delhi NCR,North,Fashion & Lifestyle,5
aaryaveer__singh,https://www.instagram.com/aaryaveer__singh,aaryaveer__singh,"10,10,149",Mega/Celebrity,2.63%," 1,21,218 ",96974,Male," 28,000 "," 1,80,000 "," 40,000 ",15000,,No,Mumbai,West,Beauty,5
shreemanlegend,https://www.instagram.com/shreemanlegend,shreemanlegend,"10,10,059",Mega/Celebrity,1.52%," 1,21,207 ",96966,Male," 50,000 "," 1,00,000 "," 40,000 ",45000,,No,Mumbai,West,Gaming,5
vineet_ksofficial,https://www.instagram.com/vineet_ksofficial,vineet_ksofficial,"10,10,029",Mega/Celebrity,3.09%," 1,21,203 ",96962,Male," 40,000 "," 1,50,000 "," 60,000 ",90000,,No,Mumbai,West,Entertainment,5
Pranav Sharma,https://www.instagram.com/pranavsharm_a?igsh=aWJibHk0dHdoYXZj,pranavsharm_a,"10,10,000",Mega/Celebrity,6.02," 50,00,000 ",4000000,Male," 60,000 "," 2,00,000 "," 1,20,000 ",180000,,No,Mumbai,West,Entertainment,5
Meghna Kaur,https://www.instagram.com/shetroublemaker/,shetroublemaker,"10,10,000",Mega/Celebrity,1.20%," 2,80,000 ",224000,Female," 60,000 "," 2,00,000 "," 80,000 ","1,20,000",,No,Mumbai,West,Fashion & Lifestyle,5
kalkikanmani,https://www.instagram.com/kalkikanmani,kalkikanmani,"10,09,984",Mega/Celebrity,1.03%," 1,21,198 ",96958,Female," 20,000 "," 2,55,000 "," 25,000 ",10000,,No,Mumbai,West,Beauty,5
ananyasharmamusic,https://www.instagram.com/ananyasharmamusic,ananyasharmamusic,"10,09,924",Mega/Celebrity,1.94%," 1,21,191 ",96953,Female," 3,000 "," 1,90,000 "," 6,000 ",2000,,No,Mumbai,West,Fashion & Lifestyle,5
sannavannitasuri,https://www.instagram.com/sannavannitasuri,sannavannitasuri,"10,09,894",Mega/Celebrity,1.37%," 1,21,187 ",96950,Female,," 1,80,000 "," 15,000 ",20000,,No,Mumbai,West,Fashion & Lifestyle,5
ashukla09,https://www.instagram.com/ashukla09,ashukla09,"10,09,864",Mega/Celebrity,1.33%," 1,21,184 ",96947,Male," 30,000 "," 2,00,000 "," 80,000 ","1,20,000",,No,Dehradun,North,Entertainment,5
anishbhagatt,https://www.instagram.com/anishbhagatt,anishbhagatt,"10,09,804",Mega/Celebrity,1.13," 1,21,176 ",96941,Male," 2,00,000 "," 3,00,000 "," 1,80,000 ","1,20,000",,No,Delhi NCR,North,Entertainment,5
rasika123s,https://www.instagram.com/rasika123s,rasika123s,"10,09,789",Mega/Celebrity,7.21," 1,21,175 ",96940,Female,," 1,80,000 "," 3,20,000 ",480000,,No,Assam,Northeast,Fashion & Lifestyle,5
koyana_chakraborty,https://www.instagram.com/koyana_chakraborty,koyana_chakraborty,"10,09,774",Mega/Celebrity,8.53%," 1,21,173 ",96938,Female," 40,000 "," 1,75,000 "," 70,000 ",105000,,No,Mumbai,West,Entertainment,5
prarbdha_batwal,https://www.instagram.com/prarbdha_batwal,prarbdha_batwal,"10,09,759",Mega/Celebrity,2.13%," 1,21,171 ",96937,Male," 1,00,000 "," 2,50,000 "," 2,75,000 ","50,000",,No,Mumbai,West,Beauty,5
theorangeepistles,https://www.instagram.com/theorangeepistles,theorangeepistles,"10,09,744",Mega/Celebrity,1.40%," 1,21,169 ",96935,Male,," 1,55,000 "," 62,000 ","93,000",,No,Delhi NCR,North,Entertainment,5
limitless_adventurer,https://www.instagram.com/limitless_adventurer,limitless_adventurer,"10,09,729",Mega/Celebrity,1.95%," 1,21,167 ",96934,Male," 35,000 "," 2,00,000 "," 80,000 ","1,20,000",,No,J & K,North,Entertainment,5
ashwaniguptaofficial,https://www.instagram.com/ashwaniguptaofficial,ashwaniguptaofficial,"10,09,714",Mega/Celebrity,3.88%," 1,21,166 ",96933,Male," 85,000 "," 1,75,000 "," 3,50,000 ",75000,,No,Mumbai,West,Fashion & Lifestyle,5
pikkachu_girl,https://www.instagram.com/pikkachu_girl,pikkachu_girl,"10,09,699",Mega/Celebrity,1.19%," 1,21,164 ",96931,Female," 20,000 "," 2,00,000 "," 10,000 ",6000,,No,Jaipur,West,Beauty,5
kreetika10,https://www.instagram.com/kreetika10,kreetika10,"10,09,684",Mega/Celebrity,1.65%," 1,21,162 ",96930,Female,," 2,50,000 "," 1,00,000 ",150000,,No,Mumbai,West,Entertainment,5
veronicavanij,https://www.instagram.com/veronicavanij,veronicavanij,"10,09,654",Mega/Celebrity,1.48%," 1,21,158 ",96926,Female," 24,000 "," 2,00,000 "," 5,000 ",2000,,No,Mumbai,West,Beauty,5
ruchikaguptaaa,https://www.instagram.com/ruchikaguptaaa,ruchikaguptaaa,"10,09,624",Mega/Celebrity,4.49%," 1,21,155 ",96924,Female," 20,000 "," 2,00,000 "," 80,000 ","1,20,000",,No,Mumbai,West,Beauty,5
itisariah,https://www.instagram.com/itisariah,itisariah,"10,09,594",Mega/Celebrity,0.09%," 1,21,151 ",96921,Female," 30,000 "," 2,25,000 "," 90,000 ",135000,,No,Delhi NCR,North,Entertainment,5
maeramishra,https://www.instagram.com/maeramishra,maeramishra,"10,09,549",Mega/Celebrity,2.77%," 1,21,146 ",96917,Female,," 2,50,000 "," 1,00,000 ",150000,,No,Mumbai,West,Entertainment,5
mallikadua,https://www.instagram.com/mallikadua,mallikadua,"10,09,534",Mega/Celebrity,0.01%," 1,21,144 ",96915,Female,," 3,00,000 "," 1,20,000 ",180000,,No,Mumbai,West,Entertainment,5
aadhya_anand,https://www.instagram.com/aadhya_anand,aadhya_anand,"10,09,489",Mega/Celebrity,7.03," 1,21,139 ",96911,Female,," 2,50,000 "," 1,00,000 ",150000,,No,Manipur,Northeast,Entertainment,5
arshiyaarshiofficial,https://www.instagram.com/arshiyaarshiofficial,arshiyaarshiofficial,"10,09,459",Mega/Celebrity,4.17," 1,21,135 ",96908,Female,," 2,00,000 "," 80,000 ",120000,,No,Mumbai,West,Entertainment,5
vikramsingh_chauhan,https://www.instagram.com/vikramsingh_chauhan,vikramsingh_chauhan,"10,09,414",Mega/Celebrity,2.98," 1,21,130 ",96904,Male," 1,05,000 "," 1,50,000 "," 60,000 ",67500,,No,Assam,Northeast,Entertainment,5
rohitboseroy,https://www.instagram.com/rohitboseroy,rohitboseroy,"10,09,399",Mega/Celebrity,7.66," 1,21,128 ",96902,Male,," 3,00,000 "," 2,40,000 ",360000,,No,Mumbai,West,Entertainment,5
_rushna_noor_,https://www.instagram.com/_rushna_noor_,_rushna_noor_,"10,09,324",Mega/Celebrity,1.17," 1,21,119 ",96895,Female," 50,000 "," 1,85,000 "," 34,000 ","38,250",,No,Delhi NCR,North,Entertainment,5
vishalsingh713,https://www.instagram.com/vishalsingh713,vishalsingh713,"10,09,309",Mega/Celebrity,3.14," 1,21,117 ",96894,Male," 57,000 "," 2,20,000 "," 88,000 ","1,32,000",,No,Delhi NCR,North,Entertainment,5
faizan.bollywood,https://www.instagram.com/faizan.bollywood,faizan.bollywood,"10,09,294",Mega/Celebrity,4.55," 1,21,115 ",96892,Male,," 2,50,000 "," 15,000 ","5,000",,No,Delhi NCR,North,Fashion & Lifestyle,5
realkaranmehra,https://www.instagram.com/realkaranmehra,realkaranmehra,"10,09,264",Mega/Celebrity,1.06%," 1,21,112 ",96890,Male," 24,000 "," 1,70,000 "," 68,000 ",102000,,No,Delhi NCR,North,Entertainment,5
maltichahar,https://www.instagram.com/maltichahar,maltichahar,"10,09,249",Mega/Celebrity,0.48%," 1,21,110 ",96888,Female,," 3,00,000 "," 10,000 ","20,000",,No,Assam,Northeast,Beauty,5
meenakshidixit,https://www.instagram.com/meenakshidixit,meenakshidixit,"10,09,189",Mega/Celebrity,1.35%," 1,21,103 ",96882,Female,," 1,20,000 "," 48,000 ",72000,,No,West Bengal,East,Entertainment,5
lekhaprajapati,https://www.instagram.com/lekhaprajapati,lekhaprajapati,"10,09,144",Mega/Celebrity,1.66%," 1,21,097 ",96878,Female," 25,000 "," 1,00,000 "," 40,000 ",60000,,No,Mumbai,West,Entertainment,5
reecha_sinha,https://www.instagram.com/reecha_sinha,reecha_sinha,"10,09,099",Mega/Celebrity,0.44," 1,21,092 ",96874,Male," 60,000 "," 3,50,000 "," 1,40,000 ",210000,,No,Bangalore,South,Entertainment,5
Ankush Bahuguna,https://www.instagram.com/ankushbahuguna,ankushbahuguna,"10,00,000",Mega/Celebrity,1.97%," 10,30,000 ",824000,Male," 2,00,000 "," 8,00,000 "," 5,50,000 ",250000,,No,Mumbai,West,Entertainment,5
Aashna Shroff,https://www.instagram.com/aashnashroff/,aashnashroff,"10,00,000",Mega/Celebrity,2.05%," 5,62,000 ",449600,Female," 72,000 "," 8,00,000 "," 3,20,000 ",480000,,No,Assam,Northeast,Beauty,5
Anushka Rathod,https://www.instagram.com/anushkarathod98,anushkarathod98,"10,00,000",Mega/Celebrity,4.57%," 4,50,000 ",360000,Female," 1,00,000 "," 5,50,000 "," 35,000 ",100000,,Yes,Surat,West,Finance,5
Aashna Hegde,https://www.instagram.com/aashnahegde/,aashnahegde,"10,00,000",Mega/Celebrity,3.19%," 3,49,000 ",279200,Female," 20,000 "," 5,00,000 "," 2,00,000 ",300000,,No,Mumbai,West,Beauty,5
Dasoham,https://www.instagram.com/dasoham_/,dasoham_,"10,00,000",Mega/Celebrity,2.84%," 1,20,000 ",96000,Male," 75,000 "," 5,00,000 "," 3,00,000 ","2,00,000",,No,West Bengal,East,Comedy,5
Celesti,https://www.instagram.com/celesti.bairagey/,celesti.bairagey,"10,00,000",Mega/Celebrity,4.37%," 1,21,205 ",96964,Female," 28,000 "," 4,00,000 "," 48,000 ",21000,,No,Mumbai,West,Fashion & Lifestyle,5
Technical Sapien,https://www.instagram.com/technical_sapien,technical_sapien,"10,00,000",Mega/Celebrity,1.44," 2,00,000 ",160000,Male," 60,000 "," 2,50,000 "," 1,25,000 ",40000,,No,Pune,West,Technology,5
Ankita Singh,https://www.instagram.com/be_that_diva/,be_that_diva,"10,00,000",Mega/Celebrity,2.03," 20,700 ",16560,Female," 35,000 "," 2,00,000 "," 80,000 ","1,20,000",,No,Mumbai,West,Beauty,5
Durjoy Dutta,https://www.instagram.com/durjoydatta/,durjoydatta,"10,00,000",Mega/Celebrity,1.84," 5,70,000 ",456000,Male," 28,000 "," 2,00,000 "," 80,000 ",120000,,No,Delhi NCR,North,Entertainment,5
Surabhi Das,https://www.instagram.com/surabhi_das22/,surabhi_das22,"10,00,000",Mega/Celebrity,1," 1,21,205 ",96964,Female,," 1,85,000 "," 25,000 ","5,000",,No,Mumbai,West,Beauty,5
Sanjay Kathuria,https://www.instagram.com/financebysanjay/,financebysanjay,"10,00,000",Mega/Celebrity,1.80%," 1,21,205 ",96964,Male," 60,000 "," 1,50,000 "," 1,20,000 ",45000,,Yes,Delhi NCR,North,Finance,5
Anmol Bhatia,https://www.instagram.com/anmolbhatia_/,anmolbhatia_,"10,00,000",Mega/Celebrity,1.21%," 2,14,700 ",171760,Male," 48,000 "," 1,20,000 "," 48,000 ",72000,,No,Mumbai,West,Beauty,5
Akriti Bardwaj,https://www.instagram.com/theglobalistagirl/,theglobalistagirl,"10,00,000",Mega/Celebrity,1.43%," 3,69,600 ",295680,Female," 40,000 "," 1,20,000 "," 48,000 ",72000,,No,Delhi NCR,North,Beauty,5
Mridul Meena,https://www.instagram.com/mridul.meena17?igsh=eWx3YTF1Y3FjZ3Fh,mridul.meena17,"10,00,000",Mega/Celebrity,3.71%," 10,00,000 ",800000,Female," 16,000 "," 1,00,000 "," 40,000 ",60000,,No,Mumbai,West,Fashion & Lifestyle,5
Avinash Mukherjee,https://www.instagram.com/avinashmukherjee_/,avinashmukherjee_,"10,00,000",Mega/Celebrity,1.26%," 2,14,000 ",171200,Male," 35,000 "," 87,000 "," 34,800 ",52200,,No,Mumbai,West,Fashion & Lifestyle,5
Yasmin Karachiwala,https://www.instagram.com/yasminkarachiwala?igsh=MTB0djVuMGJzOTJqMw==,yasminkarachiwala,"10,00,000",Mega/Celebrity,2.08%," 77,900 ",62320,Female,," 55,000 "," 40,000 ",15000,,No,Mumbai,West,Fashion & Lifestyle,5
neelmotwani,https://www.instagram.com/neelmotwani,neelmotwani,"9,99,874",Macro,1.95," 2,82,000 ",225600,Male," 35,000 "," 85,000 "," 34,000 ",51000,,No,Mumbai,West,Entertainment,4
drishtiigarewal9,https://www.instagram.com/drishtiigarewal9,drishtiigarewal9,"9,99,736",Macro,1.64%," 31,300 ",25040,Female," 20,000 "," 1,50,000 "," 60,000 ",90000,,No,Jaipur,West,Entertainment,4
esha_jhanji_,https://www.instagram.com/esha_jhanji_,esha_jhanji_,"9,98,265",Macro,1.85%," 2,17,000 ",173600,Female," 20,000 "," 1,25,000 "," 50,000 ",75000,,No,West Bengal,East,Entertainment,4
Gaurav Yadav,https://www.instagram.com/gaurav_yadav_5575/,gaurav_yadav_5575,"9,91,112",Macro,16.57%," 2,32,000 ",185600,Male," 24,000 "," 2,00,000 "," 80,000 ",120000,,No,Mumbai,West,Fashion & Lifestyle,4
Lagni,https://www.instagram.com/lagnipanchall/,lagnipanchall,"9,85,000",Macro,4.92%," 7,80,000 ",624000,Female," 20,000 "," 1,60,000 "," 30,000 ",10000,,No,Mumbai,West,Comedy,4
Thedesindia,Instagram.com/thedesindia/,instagram.com,"9,67,000",Macro,4.92%," 7,000 ",5600,Male," 50,000 "," 16,000 "," 80,000 ",40000,,No,Delhi NCR,North,Fashion & Lifestyle,4
yuvraj.dua,https://www.instagram.com/yuvraj.dua/,yuvraj.dua,"9,66,000",Macro,7.56%," 30,20,000 ",2416000,Male,," 9,00,000 "," 5,00,000 ",150000,,No,Delhi NCR,North,Travel,4
Tirth Parsana,https://www.instagram.com/tirthrajparsana/,tirthrajparsana,"9,61,000",Macro,1.46," 1,15,320 ",92256,Male," 20,000 "," 4,00,000 "," 2,40,000 ",160000,,No,Delhi NCR,North,Comedy,4
Sonal,https://www.instagram.com/sonal_1206/,sonal_1206,"9,60,000",Macro,1.14%," 82,900 ",66320,Female,," 1,20,000 "," 48,000 ",72000,,No,Delhi NCR,North,Beauty,4
Unnati,https://www.instagram.com/unnati_m/,unnati_m,"9,57,000",Macro,4.15%," 6,68,800 ",535040,Female," 50,000 "," 5,20,000 "," 3,00,000 ",180000,,No,Mumbai,West,Beauty,4
WIll Power Star (Mangesh),https://www.instagram.com/thewillpowerstar/,thewillpowerstar,"9,55,000",Macro,1.46," 1,21,173 ",96938,Male," 1,05,000 "," 3,50,000 "," 15,000 ","1,05,000",,Yes,Pune,West,Business & Marketing,4
Harsh Rane,https://www.instagram.com/harshhrane/,harshhrane,"9,49,000",Macro,1.72," 1,13,880 ",91104,Male,," 3,50,000 "," 2,10,000 ","45,000",,No,Mumbai,West,Comedy,4
Chandralekha | Finance,https://www.instagram.com/financewizardcl,financewizardcl,"9,42,000",Macro,2," 3,00,000 ",240000,Female," 75,000 "," 3,50,000 "," 85,000 ","75,000",,No,Bangalore,South,Finance,4
Vijay NihalChandani,https://www.instagram.com/idea____man,idea____man,"9,32,000",Macro,1.19," 1,00,000 ",80000,Male," 50,000 "," 2,20,000 "," 1,50,000 ",60000,,No,Delhi NCR,North,Finance,4
Riyaelity,https://www.instagram.com/riyaelity?igsh=ZDNlZDc0MzIxNw==,riyaelity,"9,30,000",Macro,1.66%," 1,21,169 ",96935,Female," 57,000 "," 1,90,000 "," 50,000 ","57,000",,No,Delhi NCR,North,Business & Marketing,4
Jesika,https://instagram.com/peachy_vibe?igshid=MmU2YjMzNjRlOQ==,peachy_vibe,"9,22,000",Macro,1.10%," 10,100 ",8080,Female,," 2,00,000 "," 75,000 ","50,000",,No,Delhi NCR,North,Beauty,4
CA Bhagyashree Thakkar,https://www.instagram.com/ca.bhagyashreethakkar/,ca.bhagyashreethakkar,"9,10,000",Macro,1," 3,00,000 ",240000,Male," 60,000 "," 2,00,000 "," 30,000 ","70,000",,No,Bangalore,South,Finance,4
Dhiraj,https://www.instagram.com/dhirajjjjj_/,dhirajjjjj_,"8,72,000",Macro,7.44%," 1,04,640 ",83712,Male,," 3,00,000 "," 1,80,000 ","1,20,000",,No,Assam,Northeast,Comedy,4
rishabhhshukla,https://www.instagram.com/rishabhhshukla/,rishabhhshukla,"8,68,000",Macro,2.00%," 1,51,850 ",121480,Male," 50,000 "," 4,00,000 "," 2,70,000 ","1,00,000",,Yes,Delhi NCR,North,Entertainment,4
Maheep,https://www.instagram.com/maheep.singhh/,maheep.singhh,"8,66,000",Macro,2.35%," 1,03,920 ",83136,Male,," 3,50,000 "," 2,10,000 ","1,40,000",,No,Assam,Northeast,Comedy,4
Shivani Singh,https://www.instagram.com/shivani.singhh/,shivani.singhh,"8,53,000",Macro,1.61%," 86,800 ",69440,Female," 48,000 "," 1,50,000 "," 60,000 ",90000,,No,Delhi NCR,North,Fashion & Lifestyle,4
Papistudents,https://www.instagram.com/papistudents/,papistudents,"8,53,000",Macro,2.11%," 6,000 ",4800,Female," 15,000 "," 70,000 "," 15,000 ",30000,,No,West Bengal,East,Food,4
Sanket,https://www.instagram.com/sankett25/,sankett25,"8,41,000",Macro,1.81%," 2,01,900 ",161520,Male," 55,000 "," 4,20,000 "," 3,00,000 ",170000,,No,Mumbai,West,Fashion & Lifestyle,4
Bhanu Pathak,https://www.instagram.com/bhanu_pathak?igsh=ZDNlZDc0MzIxNw==,bhanu_pathak,"8,30,000",Macro,2.11%," 2,00,000 ",160000,Male," 82,500 "," 2,75,000 "," 3,60,000 ",82500,,Yes,Delhi NCR,North,Finance,4
Samaira,https://www.instagram.com/samaira_bellasimo/,samaira_bellasimo,"8,25,000",Macro,1.03%," 2,32,800 ",186240,Female," 40,000 "," 50,000 "," 20,000 ",50000,,No,Mumbai,West,Beauty,4
Himanshi,https://www.instagram.com/himanshii21/,himanshii21,"8,19,000",Macro,4.37%," 6,51,000 ",520800,Female," 36,000 "," 1,20,000 "," 48,000 ",72000,,No,Chandigarh,North,Fashion & Lifestyle,4
sharmajikabaddabeta,https://www.instagram.com/sharmajikabaddabeta/,sharmajikabaddabeta,"8,07,000",Macro,1.95," 2,01,900 ",161520,Male," 52,000 "," 5,00,000 "," 4,00,000 ",100000,,No,Delhi NCR,North,Beauty,4
Nisha Gupta,https://www.instagram.com/ng__nishi/,ng__nishi,"8,06,000",Macro,1.31%," 5,68,200 ",454560,Female," 80,000 "," 1,00,000 "," 40,000 ",60000,,No,Mumbai,West,Beauty,4
Tanzeel Khan,https://www.instagram.com/tanzeel_khan03/,tanzeel_khan03,"8,03,000",Macro,1.80%," 2,80,000 ",224000,Male,," 1,80,000 "," 1,20,000 ",110000,,No,Mumbai,West,Entertainment,4
Atharva Ruke,https://www.instagram.com/ruke_atharva/,ruke_atharva,"7,80,000",Macro,4.57%," 30,00,000 ",2400000,Male," 1,50,000 "," 2,50,000 "," 35,000 ",300000,0.2,No,Mumbai,West,Entertainment,4
Learn with Lokesh Lalwani,https://www.instagram.com/learnwithlokeshlalwani?igsh=ZDNlZDc0MzIxNw==,learnwithlokeshlalwani,"7,78,000",Macro,0.53%," 1,79,625 ",143700,Male," 48,000 "," 1,20,000 "," 17,000 ",36000,,No,Delhi NCR,North,Education,4
Tech Believers,https://www.instagram.com/tech_believers/,tech_believers,"7,67,000",Macro,2.30%," 4,93,000 ",394400,Female,," 1,00,000 "," 60,000 ","40,000",,No,Mumbai,West,Comedy,4
Finance with Manveer,https://www.instagram.com/stockswithmanveer?utm_source=ig_web_button_share_sheet&igsh=ZDNlZDc0MzIxNw==,stockswithmanveer,"7,55,000",Macro,3.58%," 2,03,000 ",162400,Male," 44,000 "," 1,10,000 "," 50,000 ","33,000",,No,Udaipur,West,Finance,4
iamavinashdagar,https://www.instagram.com/iamavinashdagar/,iamavinashdagar,"7,52,000",Macro,2.21%," 85,080 ",68064,Male," 16,000 "," 2,00,000 "," 1,20,000 ",70000,,Yes,Delhi NCR,North,Entertainment,4
Namrata Pathania,https://www.instagram.com/namrata_pathania/,namrata_pathania,"7,50,000",Macro,1.07%," 3,30,200 ",264160,Female," 20,000 "," 2,00,000 "," 80,000 ","1,20,000",,No,Mumbai,West,Beauty,4
sahigal.ankita,https://www.instagram.com/sahigal.ankita/,sahigal.ankita,"7,46,000",Macro,0.23%," 1,91,125 ",152900,Female," 24,000 "," 6,00,000 "," 4,50,000 ",100000,,No,Delhi NCR,North,Fashion & Lifestyle,4
Tech With Lalit,https://www.instagram.com/techwithlalit_/reels/,techwithlalit_,"7,44,000",Macro,27.20%," 1,91,125 ",152900,Female,," 20,000 "," 90,000 ","40,000",,No,Mumbai,West,Fashion & Lifestyle,4
MrGeekGuy,https://www.instagram.com/mrgeekguy/,mrgeekguy,"7,43,000",Macro,1.34%," 10,400 ",8320,Female," 50,000 "," 30,000 "," 1,80,000 ","50,000",,No,Delhi NCR,North,Beauty,4
Steffy Sunny,https://www.instagram.com/steffy_sunny_,steffy_sunny_,"7,41,000",Macro,7.28," 20,00,000 ",1600000,Male," 75,000 "," 3,25,000 "," 2,00,000 ",75000,,No,Bangalore,South,Entertainment,4
Srishti Dixit,https://www.instagram.com/srishtipatch,srishtipatch,"7,37,000",Macro,5.72," 88,440 ",70752,Female," 1,50,000 "," 5,50,000 "," 2,75,000 ",100000,,No,Delhi NCR,North,Comedy,4
Atiksha,https://www.instagram.com/fin_saheli?igsh=d2tqcWVuZGlvbDZh,fin_saheli,"7,35,000",Macro,3.75," 2,47,250 ",197800,Female," 72,000 "," 1,80,000 "," 3,000 ",54000,,No,Delhi NCR,North,Finance,4
Sameeksha Takke,https://www.instagram.com/sameekshatakke13/,sameekshatakke13,"7,34,567",Macro,1.53%," 88,148 ",70518,Female," 36,000 "," 4,00,000 "," 2,40,000 ",160000,,Yes,Mumbai,West,Comedy,4
Richa Chetry,https://www.instagram.com/richachetryofficial12/,richachetryofficial12,"7,28,000",Macro,3.81%," 2,70,090 ",216072,Female," 34,000 "," 40,000 "," 7,000 ","5,000",0.6,No,Assam,Northeast,Fashion & Lifestyle,4
Aishwarya Mohanraj,https://www.instagram.com/aishwaryamrj/?hl=en,aishwaryamrj,"7,18,000",Macro,1.82," 86,160 ",68928,Female," 45,000 "," 7,00,000 "," 4,20,000 ","2,80,000",,No,Mumbai,West,Comedy,4
Kajal,https://www.instagram.com/kajal_paigwar14._/,kajal_paigwar14._,"7,08,000",Macro,1.51," 84,960 ",67968,Female,," 3,00,000 "," 1,80,000 ",120000,,No,Mumbai,West,Comedy,4
Hassleytrolls,https://www.instagram.com/hassleytrolls/,hassleytrolls,"7,01,000",Macro,2.05%," 5,000 ",4000,Male,," 1,50,000 "," 90,000 ","60,000",,No,Mumbai,West,Comedy,4
Jigisha,https://www.instagram.com/jigisha_j/reels/,jigisha_j,"6,86,000",Macro,9.25%," 6,50,000 ",520000,Male," 35,000 "," 2,15,000 "," 3,00,000 ",60000,,No,Assam,Northeast,Comedy,4
Shashwat Amrev,https://www.instagram.com/shashwat_amrev/,shashwat_amrev,"6,67,000",Macro,0.48%," 1,75,000 ",140000,Male," 60,000 "," 1,50,000 "," 30,000 ",45000,,No,Chhattisgarh,Central,Finance,4
iamarunkushwah,https://www.instagram.com/iamarunkushwah/,iamarunkushwah,"6,63,000",Macro,9.32%," 1,92,500 ",154000,Male," 20,000 "," 2,50,000 "," 1,50,000 ",50000,,Yes,Mumbai,West,Entertainment,4
Shreyaa Kapoor | Your money coach,https://www.instagram.com/shreyaakapoor_,shreyaakapoor_,"6,52,000",Macro,1.01%," 2,50,000 ",200000,Female," 60,000 "," 3,00,000 "," 12,000 ",50000,,No,Delhi NCR,North,Finance,4
Keshav maloo,https://www.instagram.com/sarcaaster/,sarcaaster,"6,50,000",Macro,2.15%," 12,04,070 ",963256,Male," 50,000 "," 1,50,000 ",,190000,,Yes,Delhi NCR,North,Entertainment,4
Gracy Thapa,https://www.instagram.com/gracy__thapa01/,gracy__thapa01,"6,50,000",Macro,4.07%," 2,10,000 ",168000,Female," 75,000 "," 1,05,000 "," 3,50,000 ",75000,,No,West Bengal,East,Beauty,4
Suramya Pandiya,https://www.instagram.com/suramyapandiya,suramyapandiya,"6,45,000",Macro,3.39%," 2,10,000 ",168000,Female," 20,000 "," 60,000 "," 18,000 ",,,No,Mumbai,West,Fashion & Lifestyle,4
Kriiti,https://www.instagram.com/krilovee._/,krilovee._,"6,35,000",Macro,8.66%," 2,50,000 ",200000,Female,," 3,00,000 "," 40,000 ","20,000",,No,Assam,Northeast,Beauty,4
zamaanaa,https://www.instagram.com/zamaanaa/,zamaanaa,"6,31,000",Macro,2.87," 2,50,000 ",200000,Male," 50,000 "," 2,00,000 "," 1,20,000 ","70,000",,Yes,Delhi NCR,North,Comedy,4
Stocklopedia - (NISM certified),https://www.instagram.com/stocklopedia?&igsh=ZDNlZDc0MzIxNw==,stocklopedia,"6,30,000",Macro,1.46%," 2,30,000 ",184000,Male," 52,000 "," 1,30,000 "," 15,000 ","39,000",,No,Mumbai,West,Finance,4
Rohit Sukheja,https://www.instagram.com/rohitsukheja/,rohitsukheja,"6,19,819",Macro,95.93%," 80,520 ",64416,Male," 40,000 "," 5,00,000 "," 3,00,000 ",100000,,No,Mumbai,West,Comedy,4
Chahal Verma,https://instagram.com/chahalvermaa?igshid=MzRlODBiNWFlZA==,chahalvermaa,"6,15,000",Macro,1.19%," 2,60,500 ",208400,Male," 72,000 "," 1,80,000 "," 65,000 ","54,000",,No,Delhi NCR,North,Finance,4
Tech Quirk,https://www.instagram.com/tech_quirk/,tech_quirk,"6,12,000",Macro,1.75%," 2,71,000 ",216800,Female,," 70,000 "," 35,000 ","15,000",,Yes,Jaipur,West,Beauty,4
Cheshta Bhagat,https://www.instagram.com/cheshtabhagat/,cheshtabhagat,"6,09,000",Macro,0.27%," 2,60,500 ",208400,Female,," 3,50,000 "," 2,50,000 ","2,00,000",,No,Mumbai,West,Beauty,4
Mrunal Sharma,https://www.instagram.com/mrunu/,mrunu,"6,00,000",Macro,2.20%," 9,04,900 ",723920,Female," 40,000 "," 5,00,000 "," 2,00,000 ","3,00,000",,No,Delhi NCR,North,Beauty,4
Dharmesh Nayak,https://www.instagram.com/dharmesh_nyk?igsh=MWI5emMzbzZldzRlag==,dharmesh_nyk,"5,84,000",Macro,1.00%," 2,87,700 ",230160,Male," 10,000 "," 70,000 "," 30,000 ",10000,,No,Mumbai,West,Entertainment,4
Pranjali Papnai,https://www.instagram.com/pranjali_papnai/?hl=en,pranjali_papnai,"5,82,000",Macro,2.14%," 69,840 ",55872,Female,," 2,50,000 "," 1,50,000 ",100000,,No,Mumbai,West,Comedy,4
Mobiscrub,https://www.instagram.com/mobiscrub/,mobiscrub,"5,68,000",Macro,0.53%," 2,01,000 ",160800,Female," 14,000 "," 50,000 "," 25,000 ","45,000",,Yes,Mumbai,West,Beauty,4
Yogesh Kawle,https://www.instagram.com/techworldmarathi/,techworldmarathi,"5,64,000",Macro,1.24%," 3,77,700 ",302160,Male," 15,000 "," 50,000 "," 1,20,000 ","20,000",,No,Dehradun,North,Entertainment,4
Swara Singh,https://www.instagram.com/swara.singh03/,swara.singh03,"5,60,000",Macro,2.00%," 5,45,000 ",436000,Female," 50,000 "," 2,50,000 "," 90,000 ",15000,,No,Delhi NCR,North,Beauty,4
Vagmita Singh,https://www.instagram.com/thatindianchick_/?hl=en,thatindianchick_,"5,58,000",Macro,7.31," 66,960 ",53568,Female," 11,200 "," 1,70,000 "," 1,02,000 ",68000,,No,Delhi NCR,North,Comedy,4
Ketan Mali,https://www.instagram.com/ketanmaliofficial/,ketanmaliofficial,"5,51,000",Macro,0.95%," 1,87,700 ",150160,Male," 48,000 "," 1,20,000 "," 2,00,000 ","36,000",,No,Assam,Northeast,Finance,4
Agastya Shah,https://www.instagram.com/agasthya.shah/?hl=en,agasthya.shah,"5,47,000",Macro,5.38%," 65,640 ",52512,Male,," 4,00,000 "," 2,40,000 ",160000,,No,West Bengal,East,Comedy,4
Nehlaxmi joshi,https://www.instagram.com/nehalaxmi_?igsh=MWd3MTFvaW8zenFobw==,nehalaxmi_,"5,45,000",Macro,0.1," 1,200 ",960,Female," 20,000 "," 70,000 "," 22,000 ",10000,,No,Mumbai,West,Comedy,4
Mallu Food Stories,https://www.instagram.com/mallufoodstories/,mallufoodstories,"5,44,000",Macro,1.08%," 1,80,000 ",144000,Female,," 60,000 "," 15,000 ",10000,,No,Manipur,Northeast,Beauty,4
Tarun Malhotra - (NISM certified),https://instagram.com/tarunmalhotraaa?igshid=MzRlODBiNWFlZA==,tarunmalhotraaa,"5,41,000",Macro,6.63%," 1,87,400 ",149920,Male," 36,000 "," 90,000 ",,27000,,No,Delhi NCR,North,Finance,4
CA Palak Rathi,https://www.instagram.com/ca.palakrathii/,ca.palakrathii,"5,40,000",Macro,32.18%," 1,80,000 ",144000,Female," 55,000 "," 3,00,000 "," 60,000 ","50,000",,No,Surat,West,Finance,4
Nitesh,https://www.instagram.com/nitesh_shetty99/,nitesh_shetty99,"5,38,000",Macro,1.94%," 64,560 ",51648,Male,," 6,00,000 "," 3,60,000 ",240000,,No,Assam,Northeast,Comedy,4
Amit Behal,https://www.instagram.com/techdekho.in/,techdekho.in,"5,38,000",Macro,2.27%," 1,03,400 ",82720,Male," 10,000 "," 70,000 "," 10,000 ",10000,,No,Mumbai,West,Beauty,4
Preet Ghanani,https://instagram.com/thepocketpro_?igshid=MzRlODBiNWFlZA==,thepocketpro_,"5,35,000",Macro,0.70%," 2,01,000 ",160800,Female," 38,000 "," 95,000 "," 30,000 ","28,500",,No,Indore,Central,Finance,4
Kanupriya Gupta,https://www.instagram.com/kanupriya1707/,kanupriya1707,"5,30,212",Macro,22.30%," 72,840 ",58272,Female,," 5,00,000 "," 3,00,000 ","1,00,000",,No,Mumbai,West,Comedy,4
Garima Goel,https://www.instagram.com/garimasgoodlife/,garimasgoodlife,"5,29,000",Macro,1.88%," 5,92,090 ",473672,Female," 80,000 "," 1,90,000 "," 7,500 ",280000,,Yes,Mumbai,West,Fashion & Lifestyle,4
Riya Upreti,https://www.instagram.com/careerwithriya?igsh=Ym9kd2FoM3RpYmt5,careerwithriya,"5,29,000",Macro,1.95%," 1,94,500 ",155600,Female," 52,000 "," 1,30,000 "," 2,000 ",39000,,Yes,Delhi NCR,North,Education,4
Finance with Arun - (NISM certified),https://instagram.com/financewitharun?igshid=OGQ2MjdiOTE=,financewitharun,"5,29,000",Macro,10.98%," 1,94,500 ",155600,Male," 36,000 "," 90,000 "," 70,000 ",27000,,No,Punjab,North,Finance,4
filmychokri,https://www.instagram.com/filmychokri/,filmychokri,"5,19,000",Macro,3.88%," 2,18,000 ",174400,Female,," 1,25,000 "," 1,20,000 ","50,000",,Yes,Delhi NCR,North,Comedy,4
shirin_sewani,https://www.instagram.com/shirin_sewani/,shirin_sewani,"5,18,000",Macro,2.70%," 2,18,000 ",174400,Female," 30,000 "," 3,50,000 "," 3,00,000 ",70000,0.2,No,Delhi NCR,North,Entertainment,4
Tanesho,https://www.instagram.com/taneesho/?hl=en,taneesho,"5,03,000",Macro,1.06%," 60,360 ",48288,Female," 24,000 "," 4,00,000 "," 2,40,000 ",160000,,No,Mumbai,West,Comedy,4
Amiett kumar,https://www.instagram.com/amiettkumar?igsh=Y3picWVyd3RpcjYw,amiettkumar,"5,02,000",Macro,6.71%," 2,00,500 ",160400,Male," 3,50,000 "," 2,50,000 "," 70,000 ",16500,,Yes,Delhi NCR,North,Education,4
Mohit Malhotra,https://www.instagram.com/mohitmalhotra9/,mohitmalhotra9,"5,00,100",Macro,2.50%," 3,17,000 ",253600,Male,," 1,25,000 "," 1,25,000 ",50000,,No,Mumbai,West,Fashion & Lifestyle,4
Raghav Arora,https://www.instagram.com/hiraghavarorajobs/?,hiraghavarorajobs,"5,00,000",Macro,0.23%," 2,01,000 ",160800,Male," 24,000 "," 60,000 "," 60,000 ",18000,,No,Punjab,North,Education,4
Divya Gupta,https://www.instagram.com/divyagupta7811/,divyagupta7811,"4,99,502",Macro,27.20%," 67,200 ",53760,Female," 25,000 "," 1,50,000 "," 90,000 ","40,000",,No,Mumbai,West,Comedy,4
Ketan Patel,https://www.instagram.com/ketan_k18/,ketan_k18,"4,90,000",Macro,13.89%," 45,000 ",36000,Male,," 45,000 "," 35,000 ","25,000",,No,Manipur,Northeast,Fashion & Lifestyle,4
Zinie Sanghvi,https://www.instagram.com/bandedinacandid,bandedinacandid,"4,89,000",Macro,3.74%," 4,05,100 ",324080,Female," 50,000 "," 2,00,000 "," 1,80,000 ","50,000",,No,Delhi NCR,North,Beauty,4
Ahona,https://www.instagram.com/the_ahona_dutta_official/,the_ahona_dutta_official,"4,88,000",Macro,2.51%," 2,19,333 ",175466,Female," 4,00,000 "," 30,000 "," 1,05,000 ","70,000",,No,West Bengal,East,Fashion & Lifestyle,4
Gauri,https://www.instagram.com/gauri.more666?igsh=ZjVtZTU2N3NzMjdh,gauri.more666,"4,85,000",Macro,5.96%," 3,40,900 ",272720,Female,," 95,000 "," 60,000 ","10,000",,No,Mumbai,West,Beauty,4
Kenavita,https://www.instagram.com/kenavita,kenavita,"4,72,000",Macro,3.75%," 19,00,000 ",1520000,Male," 50,000 "," 4,00,000 "," 3,000 ",2000,,No,Mumbai,West,Fashion & Lifestyle,4
Divyanshu Jain,https://www.instagram.com/divyanshu.jain/?hl=en,divyanshu.jain,"4,56,000",Macro,0.61%," 2,40,000 ",192000,Male," 36,000 "," 90,000 "," 60,000 ",27000,,No,Udaipur,West,Finance,4
Gaurav Ghai,https://instagram.com/thegauravghai?igshid=MzRlODBiNWFlZA==,thegauravghai,"4,56,000",Macro,2.30%," 2,40,000 ",192000,Male," 34,000 "," 85,000 "," 1,00,000 ",25500,0.6,No,Delhi NCR,North,Education,4
Rashmi Agdekar,https://www.instagram.com/rashmiagdekar_/,rashmiagdekar_,"4,48,763",Macro,6.05%," 1,06,100 ",84880,Female," 28,000 "," 3,00,000 "," 2,00,000 ",200000,,No,Mumbai,West,Entertainment,4
radhikaguglani,https://www.instagram.com/radhikaguglani/,radhikaguglani,"4,48,000",Macro,1.00%," 2,14,150 ",171320,Female,," 3,00,000 "," 1,50,000 ",50000,,Yes,Delhi NCR,North,Entertainment,4
govinuts,https://www.instagram.com/govinuts/,govinuts,"4,44,000",Macro,4.87%," 53,520 ",42816,Male," 48,000 "," 4,50,000 "," 3,00,000 ",60000,,No,Delhi NCR,North,Fashion & Lifestyle,4
Harshit Jain,https://www.instagram.com/bizharshit/,bizharshit,"4,40,000",Macro,0.48%," 2,00,000 ",160000,Male," 35,000 "," 90,000 "," 30,000 ",20000,,No,Delhi NCR,North,Finance,4
Tech Sattire,https://www.instagram.com/techsatire/,techsatire,"4,40,000",Macro,7.35%," 2,03,463 ",162770,Female,," 85,000 "," 50,000 ","30,000",,Yes,Mumbai,West,Beauty,4
Rakhi,https://www.instagram.com/i.rakhi01,i.rakhi01,"4,36,000",Macro,9.32%," 8,90,000 ",712000,Female," 30,000 "," 1,50,000 "," 1,20,000 ",16500,,No,Delhi NCR,North,Fashion & Lifestyle,4
MSK,https://www.instagram.com/msk_s1991/,msk_s1991,"4,36,000",Macro,7.86%," 2,40,000 ",192000,Female,," 28,000 "," 9,000 ",7000,,No,West Bengal,East,Beauty,4
Smit Thakkar,https://www.instagram.com/iam_smitthakkar/,iam_smitthakkar,"4,33,000",Macro,0.49%," 1,10,000 ",88000,Male," 50,000 "," 1,50,000 "," 45,000 ",40000,,No,Vadodara,West,Finance,4
Srishti Garg,https://www.instagram.com/srishtigargg,srishtigargg,"4,30,000",Macro,4.07%," 51,600 ",41280,Female," 75,000 "," 4,00,000 "," 3,50,000 ","75,000",,No,Mumbai,West,Comedy,4
CA Anshul,https://instagram.com/ca_anshulbhai_?igshid=OGQ2MjdiOTE=,ca_anshulbhai_,"4,29,000",Macro,1.46%," 2,00,600 ",160480,Male," 30,000 "," 75,000 "," 1,20,000 ",22500,,No,Delhi NCR,North,Finance,4
Neha Dutta,https://www.instagram.com/canehadatta/,canehadatta,"4,27,000",Macro,1.69%," 2,00,600 ",160480,Female," 2,00,000 "," 1,20,000 "," 15,000 ","7,000",,No,Delhi NCR,North,Finance,4
aaronkoul,https://www.instagram.com/aaronkoul/,aaronkoul,"4,24,000",Macro,6.84%," 2,00,000 ",160000,Male," 6,000 "," 1,50,000 "," 1,20,000 ",40000,,No,Delhi NCR,North,Fashion & Lifestyle,4
Aamir Sharma,https://www.instagram.com/aamirsharma/,aamirsharma,"4,21,000",Macro,5.09%," 18,00,000 ",1440000,Male,," 1,00,000 "," 60,000 ","40,000",,No,Nagaland,Northeast,Fashion & Lifestyle,4
Bigg Nerds,https://www.instagram.com/bigg_nerds/,bigg_nerds,"4,19,411",Macro,11.60%," 62,280 ",49824,Male," 35,000 "," 3,50,000 "," 2,10,000 ","1,40,000",,No,Mumbai,West,Entertainment,4
Sarang Yadav - (NISM certified),https://www.instagram.com/bossofstockmarket?igsh=ZDNlZDc0MzIxNw==,bossofstockmarket,"4,19,000",Macro,2.87%," 2,00,000 ",160000,Male," 32,000 "," 80,000 "," 75,000 ",24000,,No,Delhi NCR,North,Finance,4
Vrushali,https://www.instagram.com/vinewali/,vinewali,"4,18,000",Macro,1.00%," 50,160 ",40128,Female,," 6,00,000 "," 3,60,000 ",240000,,No,Mumbai,West,Comedy,4
Sejal Jain,https://www.instagram.com/glamprotocol?igsh=MWNoOGV0engwODl5,glamprotocol,"4,15,000",Macro,1.85%," 2,10,000 ",168000,Female," 40,000 "," 1,00,000 "," 45,000 ","15,000",,No,Delhi NCR,North,Beauty,4
Harshvira,https://www.instagram.com/harshvira19/?igshid=YmMyMTA2M2Y%3D,harshvira19,"4,12,000",Macro,0.49%," 2,00,000 ",160000,Male," 36,000 "," 90,000 "," 30,000 ",27000,,Yes,Mumbai,West,Finance,4
Uzair,https://instagram.com/tradertooth?igshid=MzRlODBiNWFlZA==,tradertooth,"4,11,000",Macro,9.03%," 2,00,000 ",160000,Male," 32,000 "," 80,000 "," 60,000 ",24000,,No,Delhi NCR,North,Finance,4
Shrutik Kolambekar,https://www.instagram.com/konshrutik/,konshrutik,"4,09,000",Macro,1.87%," 49,080 ",39264,Male,," 3,00,000 "," 1,80,000 ",120000,,No,Jaipur,West,Comedy,4
CA Jay Desai,https://www.instagram.com/ca.jaydesai/,ca.jaydesai,"4,09,000",Macro,0.75%," 1,50,000 ",120000,Male," 50,000 "," 1,70,000 "," 25,000 ","50,000",,No,Mumbai,West,Finance,4
Ashita Dhawan,https://www.instagram.com/ashitadhawan?igsh=ODRqejZ3eGVod3Ns,ashitadhawan,"4,08,000",Macro,0.27%," 2,01,200 ",160960,Female," 3,000 "," 75,000 "," 35,000 ",100000,,No,Mumbai,West,Fashion & Lifestyle,4
Viren singh,https://www.instagram.com/tec_viral/,tec_viral,"4,08,000",Macro,3.14%," 2,30,100 ",184080,Male,," 50,000 "," 30,000 ",20000,,No,Assam,Northeast,Comedy,4
Akshay Mirchandani,https://www.instagram.com/niftystretch,niftystretch,"4,07,000",Macro,3.73%," 3,30,200 ",264160,Male," 40,000 "," 1,70,000 "," 90,000 ","30,000",,No,Mumbai,West,Fashion & Lifestyle,4
Sakshi Shivdasani,https://www.instagram.com/sakshishivdasani/,sakshishivdasani,"4,05,715",Macro,12.08%," 50,280 ",40224,Female," 10,000 "," 5,00,000 "," 3,00,000 ","2,00,000",,No,Mumbai,West,Comedy,4
Akash,https://www.instagram.com/akashdodeja/,akashdodeja,"4,04,000",Macro,1.02%," 48,480 ",38784,Male,," 5,50,000 "," 3,30,000 ",220000,,No,Mumbai,West,Comedy,4
Shreemani Tripathi,https://www.instagram.com/shreemanitripathi/,shreemanitripathi,"3,99,000",Macro,8.75%," 1,51,950 ",121560,Male," 4,000 "," 12,000 "," 25,000 ",10000,,Yes,Meghalaya,Northeast,Fashion & Lifestyle,4
mahimaaseth,https://www.instagram.com/mahimaaseth/,mahimaaseth,"3,88,000",Macro,0.38%," 1,45,275 ",116220,Female," 14,000 "," 2,00,000 "," 1,50,000 ","40,000",,Yes,Mumbai,West,Entertainment,4
Sukanya Boruah,https://www.instagram.com/sukanyaboruah99/,sukanyaboruah99,"3,85,000",Macro,3.69%," 1,43,782 ",115026,Female,," 1,00,000 "," 20,000 ",10000,,No,Mumbai,West,Beauty,4
Rohit Joshi | Finance | Info,https://www.instagram.com/rohitjoshi.ig,rohitjoshi.ig,"3,84,000",Macro,2.14%," 50,000 ",40000,Male," 30,000 "," 65,000 "," 1,20,000 ","20,000",,No,Dehradun,North,Finance,4
piyushyaminiofficial,https://www.instagram.com/piyushyaminiofficial,piyushyaminiofficial,"3,83,000",Macro,6.04%," 1,42,290 ",113832,Male,," 1,80,000 "," 90,000 ",30000,0.210526316,Yes,Delhi NCR,North,Fashion & Lifestyle,4
Kajal Jadhav,https://www.instagram.com/kajalvp?igsh=bjFxano2aWp0YXhi,kajalvp,"3,83,000",Macro,0.58%," 35,700 ",28560,Female," 11,200 "," 50,000 "," 35,000 ",20000,,No,Mumbai,West,Beauty,4
ayootaran,https://www.instagram.com/ayootaran/,ayootaran,"3,77,000",Macro,0.95%," 1,34,150 ",107320,Male," 24,000 "," 3,50,000 "," 2,00,000 ","50,000",,No,Delhi NCR,North,Entertainment,4
Brinda Shah,https://www.instagram.com/brindaashah?igsh=aTYwcG5yazJoa3Fo,brindaashah,"3,76,000",Macro,1.64%," 1,27,300 ",101840,Female,," 85,000 "," 22,000 ",10000,,No,Mumbai,West,Beauty,4
Gepelina,https://www.instagram.com/gepe_lina/,gepe_lina,"3,75,000",Macro,5.68%," 1,30,300 ",104240,Female,," 40,000 "," 1,02,000 ","68,000",,No,Manipur,Northeast,Beauty,4
Yash & Gyan,https://www.instagram.com/flyingboysz,flyingboysz,"3,62,000",Macro,6.63%," 4,50,000 ",360000,Male," 30,000 "," 1,80,000 ",,"6,000",,No,Delhi NCR,North,Entertainment,4
Dolly Shah,https://www.instagram.com/dollyshah_official/,dollyshah_official,"3,60,000",Macro,1.72%," 1,27,300 ",101840,Male," 10,000 "," 2,75,000 ",,"5,000",,No,Nagaland,Northeast,Beauty,4
Pallavi Mhatre,https://www.instagram.com/___whos_pallavi___,___whos_pallavi___,"3,60,000",Macro,2.30%," 3,55,200 ",284160,Female,," 70,000 "," 60,000 ",35000,,No,Mumbai,West,Fashion & Lifestyle,4
Ravish Shetty,https://www.instagram.com/ravish_shetty_/,ravish_shetty_,"3,59,154",Macro,84.02%," 46,080 ",36864,Male," 10,000 "," 2,50,000 "," 1,50,000 ",50000,,No,Mumbai,West,Comedy,4
Nidhi Uttam,https://www.instagram.com/nidhiuttam?utm_source=ig_web_button_share_sheet&igsh=ZDNlZDc0MzIxNw==,nidhiuttam,"3,59,000",Macro,0.70%," 2,500 ",2000,Female," 60,000 "," 40,000 "," 30,000 ","50,000",,No,Mumbai,West,Fashion & Lifestyle,4
Sushitra,https://www.instagram.com/sushitrawangkhem1/,sushitrawangkhem1,"3,55,000",Macro,3.25%," 1,28,800 ",103040,Female,," 50,000 ",,,1.666666667,No,Manipur,Northeast,Fashion & Lifestyle,4
Devishi Madaan,https://www.instagram.com/devishimadaan/,devishimadaan,"3,54,679",Macro,10.98%," 39,720 ",31776,Female,," 1,20,000 "," 72,000 ",48000,0.2,No,Mumbai,West,Fashion & Lifestyle,4
Nidhi Jain,https://www.instagram.com/cookwithnidhiii?igsh=amdvejZxd3ltdXBk,cookwithnidhiii,"3,53,000",Macro,1.03%," 2,90,000 ",232000,Female,," 55,000 "," 2,000 ","40,000",,No,Mumbai,West,Fashion & Lifestyle,4
Reshmi Sinha,https://www.instagram.com/ireshmee/,ireshmee,"3,48,000",Macro,1.40%," 1,29,400 ",103520,Female," 16,000 "," 1,20,000 "," 15,000 ",12000,,No,Assam,Northeast,Beauty,4
deeshakatkar,https://www.instagram.com/deeshakatkar/,deeshakatkar,"3,46,000",Macro,5.23%," 1,25,150 ",100120,Female,," 4,00,000 "," 2,50,000 ","75,000",0.444444444,No,Mumbai,West,Fashion & Lifestyle,4
shibani_bedi,https://www.instagram.com/shibani_bedi/,shibani_bedi,"3,45,000",Macro,1.79%," 1,25,150 ",100120,Female,," 3,50,000 "," 2,50,000 ",75000,,Yes,Delhi NCR,North,Fashion & Lifestyle,4
Rutvi Tiwari,https://www.instagram.com/rutviitiwari/,rutviitiwari,"3,45,000",Macro,2.11%," 5,20,000 ",416000,Female," 30,000 "," 60,000 ",,180000,,No,Delhi NCR,North,Beauty,4
Mayank khandelwal(investifyme),https://www.instagram.com/investify_me?igsh=a2QzeHJybXhyZW5p,investify_me,"3,44,000",Macro,9.33%," 1,23,000 ",98400,Male," 24,000 "," 60,000 "," 25,000 ","18,000",,No,Delhi NCR,North,Finance,4
Ankit,https://www.instagram.com/framesbyankit/,framesbyankit,"3,42,000",Macro,2.34%," 1,38,000 ",110400,Male," 1,50,000 "," 70,000 "," 5,50,000 ",100000,,No,Delhi NCR,North,Beauty,4
Tilak Raj,https://www.instagram.com/raaz_photography/,raaz_photography,"3,42,000",Macro,1.01%," 78,600 ",62880,Male,," 3,00,000 "," 1,20,000 ",180000,3.75,No,Chandigarh,North,Entertainment,4
Yashvi Bagga,https://www.instagram.com/yashvayayay/,yashvayayay,"3,42,000",Macro,6.71%," 6,50,000 ",520000,Female," 6,000 "," 1,75,000 "," 70,000 ","1,05,000",,No,Delhi NCR,North,Comedy,4
Vadiraj Babaladi,https://www.instagram.com/vadirajbabaladi/,vadirajbabaladi,"3,40,655",Macro,40.82%," 1,20,679 ",96543,Male,," 1,20,000 "," 4,80,000 ","7,20,000",,No,Bangalore,South,Entertainment,4
Ritvi,https://www.instagram.com/aboutritvi,aboutritvi,"3,38,000",Macro,17.00%," 1,17,179 ",93743,Female,," 1,70,000 "," 18,00,000 ","12,00,000",,No,Mumbai,West,Comedy,4
Mohini,https://www.instagram.com/riseandshinefamily?utm_source=ig_web_button_share_sheet&igsh=ZDNlZDc0MzIxNw==,riseandshinefamily,"3,38,000",Macro,2.3," 63,100 ",50480,Female,," 2,00,000 "," 1,20,000 ",180000,,No,Delhi NCR,North,Entertainment,4
Pavan Kulkarni,https://www.instagram.com/udaalpavvya/,udaalpavvya,"3,37,725",Macro,27.48," 1,18,359 ",94687,Male," 15,00,000 "," 2,20,000 "," 30,00,000 ",500000,,No,Bangalore,South,Entertainment,4
Purvi Shah,https://www.instagram.com/iampurvishah/,iampurvishah,"3,36,568",Macro,5.96," 1,16,000 ",92800,Female,," 2,00,000 "," 80,000 ",120000,,No,Pune,West,Fashion & Lifestyle,4
Shakshi Shetty,https://instagram.com/sharkshe_?utm_medium=copy_link,sharkshe_,"3,35,000",Macro,7.66," 3,32,100 ",265680,Female,," 2,00,000 "," 80,000 ",50000,,No,Manipur,Northeast,Gaming,4
Ravikant Sharma,https://www.instagram.com/businesswithravikant/reels/,businesswithravikant,"3,35,000",Macro,1.37," 1,50,000 ",120000,Male," 25,000 "," 65,000 "," 8,000 ",20000,0.638433709,No,Delhi NCR,North,Business & Marketing,4
Shashank Udupa,https://www.instagram.com/shashank_udupa,shashank_udupa,"3,34,000",Macro,5.06," 1,50,000 ",120000,Male," 60,000 "," 2,00,000 "," 25,000 ",50000,1.176470588,Yes,Bangalore,South,Business & Marketing,4
humhainvarsha,https://www.instagram.com/humhainvarsha/,humhainvarsha,"3,32,000",Macro,0.01%," 1,16,000 ",92800,Female,," 2,50,000 "," 1,25,000 ",50000,,Yes,Delhi NCR,North,Entertainment,4
Anchal Goel,https://www.instagram.com/Anchal/,anchal,"3,30,000",Macro,8.95," 3,20,000 ",256000,Female,," 12,00,000 "," 7,20,000 ","4,80,000",,No,Delhi NCR,North,Comedy,4
Tanvi Thakkar,https://instagram.com/tanvithakker?igshid=MmU2YjMzNjRlOQ==,tanvithakker,"3,30,000",Macro,0.84," 58,600 ",46880,Female,," 1,00,000 "," 70,000 ",25000,1.666666667,No,Delhi NCR,North,Beauty,4
Iitian Trader,https://www.instagram.com/iitian_trader_official/?hl=en,iitian_trader_official,"3,30,000",Macro,1.31%," 1,10,000 ",88000,Male," 36,000 "," 90,000 ",,"27,000",,Yes,Varanasi,North,Finance,4
Arushi chib,https://www.instagram.com/aarushehehe,aarushehehe,"3,29,000",Macro,1.77," 1,10,000 ",88000,Female,," 5,00,000 "," 2,00,000 ","3,00,000",,No,Mumbai,West,Beauty,4
Gurleen Gambhir,https://www.instagram.com/gurleengambhir,gurleengambhir,"3,29,000",Macro,0.70%," 73,100 ",58480,Female," 40,000 "," 1,00,000 "," 1,00,000 ","40,000",,No,Mumbai,West,Beauty,4
Arjun,https://www.instagram.com/oye.foodieee/,oye.foodieee,"3,27,000",Macro,5.14%," 1,08,990 ",87192,Male," 40,000 "," 2,50,000 ",,,0.841375,No,Delhi NCR,North,Technology,4
Akash Kivani,https://www.instagram.com/akash.kivani,akash.kivani,"3,27,000",Macro,17.56%," 1,10,000 ",88000,Male," 4,800 "," 45,000 "," 10,000 ","5,000",,No,Delhi NCR,North,Beauty,4
Naveen Kumar,https://www.instagram.com/andreobee/,andreobee,"3,26,000",Macro,2.26%," 2,20,000 ",176000,Male,," 3,00,000 "," 18,00,000 ","12,00,000",,Yes,Delhi NCR,North,Comedy,4
Manish,https://www.instagram.com/manish_ag_finance?igsh=ZDNlZDc0MzIxNw==,manish_ag_finance,"3,25,000",Macro,9.13%," 1,13,000 ",90400,Male," 28,000 "," 70,000 ",,"21,000",,No,Pune,West,Finance,4
Muzaffar Hussain,https://www.instagram.com/techyMuzaffar/,techymuzaffar,"3,22,000",Macro,4.50%," 29,300 ",23440,Male,," 4,00,000 "," 1,60,000 ","2,40,000",,No,Delhi NCR,North,Entertainment,4
Aanchal Jain,https://www.instagram.com/justagirlandherblog?utm_source=ig_web_button_share_sheet&igsh=ZDNlZDc0MzIxNw==,justagirlandherblog,"3,22,000",Macro,1.00%," 2,08,000 ",166400,Female,," 80,000 "," 25,000 ","5,000",,No,Mumbai,West,Beauty,4
Danica Moadi,https://www.instagram.com/Danica/,danica,"3,21,000",Macro,3.95%," 1,95,888 ",156710,Female," 40,000 "," 8,75,000 "," 5,00,000 ","4,00,000",0.86655,No,Mumbai,West,Entertainment,4
Mukul Agarwal,https://www.instagram.com/themukulagrawal?igsh=NjhhdDh6aGpudmpt,themukulagrawal,"3,20,000",Macro,2.31%," 1,13,000 ",90400,Male," 48,000 "," 1,20,000 ",,"36,000",0.666666667,No,Lucknow,North,Finance,4
Nitin & Soumya,https://www.instagram.com/passagetous/,passagetous,"3,19,419",Macro,9.30%," 1,16,000 ",92800,Female,," 7,00,000 "," 2,80,000 ","4,20,000",,No,Pune,West,Beauty,4
Preetha Athrey,https://www.instagram.com/easyeatswithpreetha/,easyeatswithpreetha,"3,17,671",Macro,0.86%," 1,16,000 ",92800,Female," 4,00,000 "," 14,00,000 "," 8,00,000 ","3,00,000",,No,Delhi NCR,North,Fashion & Lifestyle,4
Prateek Sahni,https://www.instagram.com/prateeksahni_bull/,prateeksahni_bull,"3,16,000",Macro,2.80%," 1,16,000 ",92800,Male," 48,000 "," 1,20,000 "," 27,000 ",36000,,No,Delhi NCR,North,Finance,4
GIGL (Hemant pant),https://www.instagram.com/greatideasgreatlife/,greatideasgreatlife,"3,15,000",Macro,1.31%," 1,16,000 ",92800,Male," 2,50,000 "," 2,00,000 "," 30,000 ",7000,0.444444444,No,West Bengal,East,Education,4
Tech Bar Official,https://www.instagram.com/techbar_official/,techbar_official,"3,15,000",Macro,1.22%," 1,16,000 ",92800,Female," 20,000 "," 35,000 "," 30,000 ",15000,,No,Lucknow,North,Beauty,4
asmitapathik,https://www.instagram.com/asmitapathik/,asmitapathik,"3,13,563",Macro,9.33," 1,16,000 ",92800,Female," 8,000 "," 65,000 ",,6000,,No,Mumbai,West,Beauty,4
Jagjyot Singh,https://www.instagram.com/aapkajags/?hl=en,aapkajags,"3,13,000",Macro,6.39%," 37,560 ",30048,Male,," 2,00,000 "," 1,20,000 ","80,000",,No,Delhi NCR,North,Comedy,4
Anushka Karmakar,https://www.instagram.com/anushka_karmakar._,anushka_karmakar._,"3,08,611",Macro,3.51%," 9,26,436 ",741149,Female," 50,000 "," 4,00,000 "," 3,00,000 ","2,00,000",0.053970269,No,Bangalore,South,Comedy,4
Roma Jani,https://www.instagram.com/roma.jani?igsh=MW1nN2lwMTU5Z3cwNA==,roma.jani,"3,08,000",Macro,5.79%," 2,26,600 ",181280,Female," 40,000 "," 90,000 "," 30,000 ",35000,,No,West Bengal,East,Beauty,4
Kedar Ashish,https://www.instagram.com/kedaraashish?igsh=aGl0N2t2Zm1tcXJw,kedaraashish,"3,08,000",Macro,0.49," 1,600 ",1280,Male," 20,000 "," 65,000 "," 45,000 ",60000,,No,Delhi NCR,North,Fashion & Lifestyle,4
daddygoesgym,https://www.instagram.com/daddygoesgym/,daddygoesgym,"3,07,000",Macro,3.99%," 1,28,800 ",103040,Male," 12,000 "," 2,50,000 "," 1,25,000 ","50,000",,No,Delhi NCR,North,Entertainment,4
Aryan Kataria,https://www.instagram.com/katariaaryann/,katariaaryann,"3,07,000",Macro,1.46%," 36,840 ",29472,Male,," 2,00,000 "," 1,20,000 ",80000,,No,West Bengal,East,Comedy,4
Andre Borges,https://www.instagram.com/borges.andre/,borges.andre,"3,06,211",Macro,1.85%," 1,28,800 ",103040,Male,," 8,00,000 "," 3,20,000 ",480000,,No,Mumbai,West,Fashion & Lifestyle,4
Atul kasbekar,https://www.instagram.com/atulkasbekar/,atulkasbekar,"3,04,000",Macro,1.60%," 1,28,800 ",103040,Male," 40,000 "," 7,00,000 "," 6,00,000 ","2,50,000",0.86645,No,Mumbai,West,Fashion & Lifestyle,4
ANAM,https://www.instagram.com/anamkaashiyana/?hl=en,anamkaashiyana,"3,03,000",Macro,1.69," 95,300 ",76240,Female," 25,000 "," 35,000 "," 15,000 ",7000,,No,Mumbai,West,Fashion & Lifestyle,4
Mumbai city explore,https://www.instagram.com/mumbaicityexplore?igsh=ZjFreWtpMGViZHE4,mumbaicityexplore,"3,03,000",Macro,3.77," 77,950 ",62360,Male," 15,000 "," 16,000 "," 15,000 ",35000,,No,Pune,West,Travel,4
Sonakshi Awana,https://www.instagram.com/incredible_prodigy?utm_source=ig_web_button_share_sheet&igsh=ZDNlZDc0MzIxNw==,incredible_prodigy,"3,02,000",Macro,2.30%," 57,800 ",46240,Female," 1,00,000 "," 5,00,000 "," 3,00,000 ","75,000",0.545454546,No,Goa,West,Fashion & Lifestyle,4
Monish,https://www.instagram.com/rulerofmind?igsh=MWR2NG56ZGNyN2hrMg==,rulerofmind,"2,99,000",Macro,0.03%," 75,100 ",60080,Male,," 65,000 "," 22,000 ",15000,,No,Nagaland,Northeast,Fashion & Lifestyle,4
Krish Jain,https://www.instagram.com/getfitbykrish/,getfitbykrish,"2,98,000",Macro,3.09%," 1,10,000 ",88000,Male," 35,000 "," 80,000 "," 40,000 ","90,000",,No,Mumbai,West,Music,4
Vishnupriya,https://www.instagram.com/vishnupriyaaa/,vishnupriyaaa,"2,96,647",Macro,5.33," 7,00,000 ",560000,Female," 40,000 "," 1,50,000 "," 90,000 ","60,000",0.839930286,No,Bangalore,South,Comedy,4
Aashika Gowda,https://www.instagram.com/aashikagowda/,aashikagowda,"2,96,369",Macro,12.34," 1,11,448 ",89158,Female,," 8,00,000 "," 3,20,000 ",480000,,No,Bangalore,South,Beauty,4
Rahul Shah,https://www.instagram.com/rahhul_shahh?igsh=ZmhwY2hsdnU2d2Zs,rahhul_shahh,"2,95,000",Macro,1.57%," 2,54,700 ",203760,Male,," 1,00,000 "," 25,000 ","10,000",,No,Mumbai,West,Fashion & Lifestyle,4
Vineet Vohra,https://www.instagram.com/vineet_vohra/,vineet_vohra,"2,93,000",Macro,2.04%," 55,900 ",44720,Male,," 4,00,000 "," 1,60,000 ",240000,,No,Mumbai,West,Beauty,4
Lakshay Gaur,https://www.instagram.com/Lakshay Gaur/,lakshay gaur,"2,92,000",Macro,6.58," 4,40,900 ",352720,Male," 40,000 "," 8,50,000 "," 5,50,000 ","2,00,000",1,No,Delhi NCR,North,Entertainment,4
Devansh Kaushik,https://www.instagram.com/kaushik____devansh,kaushik____devansh,"2,92,000",Macro,2.05%," 3,70,000 ",296000,Male," 40,000 "," 1,50,000 "," 60,000 ",40000,,No,Mumbai,West,Beauty,4
Meghna Porwal,https://www.instagram.com/makeovers_meghna/,makeovers_meghna,"2,91,000",Macro,2.56%," 60,000 ",48000,Female," 40,000 "," 8,50,000 "," 4,00,000 ",100000,0.370301796,No,Bihar,East,Comedy,4
Nejm,https://instagram.com/keepinitnejm?igshid=NjIwNzIyMDk2Mg==,keepinitnejm,"2,91,000",Macro,3.54," 1,24,150 ",99320,Female," 35,000 "," 2,50,000 "," 1,50,000 ","1,00,000",1,No,Mumbai,West,Comedy,4
rakshit_wahi_official,https://www.instagram.com/rakshit_wahi_official/,rakshit_wahi_official,"2,91,000",Macro,0.53%," 1,24,150 ",99320,Male,," 2,00,000 "," 1,20,000 ",50000,,No,Mumbai,West,Fashion & Lifestyle,4
Sushil & Kinjal,https://www.instagram.com/wanderingminds_india/,wanderingminds_india,"2,89,000",Macro,3.69," 1,16,224 ",92979,Male," 35,000 "," 4,00,000 "," 2,40,000 ","1,60,000",0.04046182,No,Mumbai,West,Comedy,4
Sabir Dhanwala,https://www.instagram.com/sabir_dhanwala2165/,sabir_dhanwala2165,"2,89,000",Macro,45.40%," 1,16,224 ",92979,Male,," 3,00,000 "," 1,80,000 ",120000,,No,Jaipur,West,Comedy,4
Sharanya Nambiar,https://www.instagram.com/nambyaar/?hl=en,nambyaar,"2,89,000",Macro,9.03%," 34,680 ",27744,Female," 16,000 "," 1,00,000 "," 60,000 ","40,000",,No,Delhi NCR,North,Comedy,4
Mehak,https://www.instagram.com/_mehaksethi_?igsh=MWZpdHg2N2x3bHdoNg==,_mehaksethi_,"2,87,000",Macro,0.75%," 49,800 ",39840,Female,," 35,000 "," 25,000 ",15000,1.666666667,No,Hyderabad,South,Beauty,4
belikeeaabirr,https://www.instagram.com/belikeeaabirr/,belikeeaabirr,"2,86,000",Macro,5.40%," 1,21,000 ",96800,Male," 16,000 "," 1,50,000 "," 1,00,000 ",35000,,Yes,Mumbai,West,Beauty,4
Quick Bits,https://instagram.com/quick.bits,quick.bits,"2,85,000",Macro,12.31%," 1,21,000 ",96800,Male,," 5,00,000 "," 2,00,000 ",300000,,No,Delhi NCR,North,Fashion & Lifestyle,4
Srishti,https://www.instagram.com/_srishittt,_srishittt,"2,85,000",Macro,2," 15,00,000 ",1200000,Female," 2,80,000 "," 2,00,000 ",,,,No,Bangalore,South,Education,4
Shripad Marathe,https://www.instagram.com/shripadmarathe7/,shripadmarathe7,"2,85,000",Macro,1.13," 46,100 ",36880,Male," 3,000 "," 10,000 "," 4,000 ",2000,0.153846154,No,Mumbai,West,Fashion & Lifestyle,4
Bhagyashree,https://www.instagram.com/bhagyabro/,bhagyabro,"2,84,000",Macro,3.25%," 1,24,650 ",99720,Female,," 1,65,000 ",,,0.25,No,Assam,Northeast,Comedy,4
Tanaya,https://www.instagram.com/tanayagupta09/,tanayagupta09,"2,83,000",Macro,0.26%," 30,100 ",24080,Female," 15,000 "," 85,000 "," 55,000 ",50000,0.2,No,Mumbai,West,Beauty,4
neetiandraman,https://www.instagram.com/neetiandraman/,neetiandraman,"2,82,000",Macro,0.47%," 1,24,650 ",99720,Female," 5,000 "," 2,75,000 "," 1,00,000 ",30000,,Yes,Delhi NCR,North,Fashion & Lifestyle,4
Brainkrupt,https://www.instagram.com/brainkrupt/,brainkrupt,"2,82,000",Macro,2.71," 1,50,000 ",120000,Female," 35,000 "," 1,70,000 "," 1,02,000 ",30000,,No,Mumbai,West,Business & Marketing,4
Mumbai meri jaan,https://www.instagram.com/mumbai7merijaan?igsh=MWtsdndiNzBqM3hibA%3D%3D,mumbai7merijaan,"2,79,000",Macro,1.48%," 77,100 ",61680,Male,," 30,000 "," 25,000 ",10000,,No,Meghalaya,Northeast,Fashion & Lifestyle,4
swati.rathi_,https://www.instagram.com/swati.rathi_,swati.rathi_,"2,78,317",Macro,13.83%," 1,34,700 ",107760,Female," 80,000 "," 50,000 "," 8,000 ","15,000",,No,Meghalaya,Northeast,Beauty,4
Anupriya,https://www.instagram.com/anupriyakapur,anupriyakapur,"2,78,000",Macro,4.1," 1,74,338 ",139470,Female," 50,000 "," 7,00,000 "," 4,20,000 ",280000,0.286799206,No,Delhi NCR,North,Comedy,4
Omkar Bolke,https://www.instagram.com/omkarb12_50/,omkarb12_50,"2,78,000",Macro,4.07," 33,360 ",26688,Male,," 1,20,000 "," 72,000 ","48,000",,No,Pune,West,Comedy,4
Meghana Kaushik,https://www.instagram.com/meghanakaushik/,meghanakaushik,"2,78,000",Macro,0.38%," 15,100 ",12080,Female," 6,000 "," 65,000 "," 50,000 ",30000,,No,Mumbai,West,Beauty,4
Ashish Jangid,https://www.instagram.com/iamash.official/,iamash.official,"2,77,000",Macro,2.07%," 1,50,000 ",120000,Male," 20,000 "," 60,000 "," 90,000 ","90,000",,No,Jaipur,West,Fitness,4
aau.shhh,https://www.instagram.com/aau.shhh/,aau.shhh,"2,76,000",Macro,6.04%," 1,50,000 ",120000,Male,," 1,50,000 "," 1,00,000 ",40000,0.210526316,Yes,West Bengal,East,Entertainment,4
Deepak Batra,https://www.instagram.com/thelostchefff/,thelostchefff,"2,76,000",Macro,0.20%," 46,400 ",37120,Male," 3,000 "," 15,000 "," 10,000 ",5000,,No,Meghalaya,Northeast,Fashion & Lifestyle,4
Finance is fun - (NISM certified),https://instagram.com/finance_isfun?igshid=YmMyMTA2M2Y=,finance_isfun,"2,73,000",Macro,0.13%," 15,200 ",12160,Female," 24,000 "," 60,000 "," 1,32,000 ","18,000",,No,Mumbai,West,Finance,4
Nisha,https://www.instagram.com/trendy_criminal?igsh=MXVhYjRxazFvMGx3bQ==,trendy_criminal,"2,73,000",Macro,2.34%," 53,700 ",42960,Female," 28,000 "," 5,000 "," 8,000 ",21000,,No,Bangalore,South,Fashion & Lifestyle,4
Gurdippunjj,https://www.instagram.com/gurdippunjj/,gurdippunjj,"2,72,000",Macro,1.19," 2,72,000 ",217600,Female,," 2,00,000 "," 80,000 ","1,20,000",,No,Mumbai,West,Entertainment,4
Mandy,https://www.instagram.com/bemandy11,bemandy11,"2,72,000",Macro,5.68%," 32,640 ",26112,Male,," 1,70,000 "," 1,02,000 ","68,000",,Yes,West Bengal,East,Comedy,4
Sid Patil,https://www.instagram.com/sidpatill/,sidpatill,"2,72,000",Macro,1.5," 95,900 ",76720,Male," 45,000 "," 50,000 "," 30,000 ","10,000",,No,Mumbai,West,Fashion & Lifestyle,4
Parul,https://instagram.com/parullchaudhry?igshid=OGQ5ZDc2ODk2ZA==,parullchaudhry,"2,72,000",Macro,0.94%," 1,75,400 ",140320,Female,," 50,000 "," 10,000 ",25000,,No,Meghalaya,Northeast,Fashion & Lifestyle,4
Aarti Shrisath,https://instagram.com/the.sleepyhead_?igshid=Yzg5MTU1MDY=,the.sleepyhead_,"2,71,000",Macro,8.5," 2,50,000 ",200000,Female," 2,00,000 "," 6,50,000 "," 5,00,000 ",100000,,No,Mumbai,West,Fashion & Lifestyle,4
Nany,https://www.instagram.com/a_girl_in_disguise/,a_girl_in_disguise,"2,71,000",Macro,2.11%," 1,50,000 ",120000,Female,," 1,05,000 "," 4,00,000 ","6,00,000",,No,Nagaland,Northeast,Comedy,4
anshkhuranaa,https://www.instagram.com/anshkhuranaa/,anshkhuranaa,"2,68,000",Macro,1.38," 1,50,000 ",120000,Male,," 1,20,000 "," 80,000 ",40000,,No,Delhi NCR,North,Entertainment,4
Manika Mishra,https://www.instagram.com/momnbabydiaries//,momnbabydiaries,"2,66,000",Macro,37.53%," 10,07,200 ",805760,Female,," 17,00,000 "," 6,80,000 ","10,20,000",,No,Delhi NCR,North,Entertainment,4
Rida Khan,https://www.instagram.com/ridaculousssss/,ridaculousssss,"2,66,000",Macro,4.41%," 1,50,000 ",120000,Female,," 8,00,000 "," 4,00,000 ",80000,,No,Bangalore,South,Comedy,4
City ka theka,https://www.instagram.com/citykatheka/,citykatheka,"2,64,000",Macro,8.43%," 1,50,000 ",120000,Female," 1,50,000 "," 6,50,000 "," 4,00,000 ",150000,,No,Delhi NCR,North,Beauty,4
Aaisha,https://instagram.com/swaywithstyle?igshid=MzRlODBiNWFlZA==,swaywithstyle,"2,64,000",Macro,2.77," 1,69,100 ",135280,Female," 40,000 "," 1,00,000 "," 60,000 ","30,000",,No,Assam,Northeast,Beauty,4
Karan Sehgal,https://www.instagram.com/karansehgal__/,karansehgal__,"2,64,000",Macro,4.6," 3,99,000 ",319200,Male,," 1,00,000 "," 40,000 ",60000,,No,Delhi NCR,North,Beauty,4
Nikhil & Sanket,https://www.instagram.com/socialruffian?igsh=ZXQxZmR3NG45bTcz,socialruffian,"2,64,000",Macro,1.72%," 1,79,600 ",143680,Male," 10,000 "," 18,000 ",,"5,000",,No,Mumbai,West,Travel,4
Simpli stocks english,https://www.instagram.com/simplistocks/,simplistocks,"2,63,000",Macro,1.48," 1,40,600 ",112480,Male," 24,000 "," 60,000 "," 75,000 ",18000,,No,Mumbai,West,Finance,4
Rosangpui,https://www.instagram.com/rosangpuii_ralte/,rosangpuii_ralte,"2,61,000",Macro,3.25%," 1,50,000 ",120000,Female," 20,000 "," 35,000 "," 3,500 ",15000,1.666666667,No,Mumbai,West,Fashion & Lifestyle,4
diksharawat22,https://www.instagram.com/diksharawat22,diksharawat22,"2,60,000",Macro,4.02," 1,50,000 ",120000,Female,," 3,00,000 "," 2,00,000 ",75000,0.2,No,Delhi NCR,North,Beauty,4
nishchay.verma,https://www.instagram.com/nishchay.verma,nishchay.verma,"2,59,000",Macro,1.01%," 1,50,000 ",120000,Male," 5,000 "," 1,40,000 "," 80,000 ","40,000",,Yes,Delhi NCR,North,Entertainment,4
Hardik Jain,https://www.instagram.com/about_every_damnthing?igsh=Z2M0a2ZlZGpha3Ru,about_every_damnthing,"2,59,000",Macro,1.4," 1,40,600 ",112480,Male," 7,200 "," 40,000 "," 15,000 ",5000,,No,Mumbai,West,Fashion & Lifestyle,4
eshaanduggal,https://www.instagram.com/eshaanduggal/,eshaanduggal,"2,57,000",Macro,5.23%," 1,50,000 ",120000,Male,," 90,000 "," 75,000 ",30000,0.444444444,No,Delhi NCR,North,Entertainment,4
Swara,https://www.instagram.com/swaratheartist/,swaratheartist,"2,56,000",Macro,3.26," 1,50,000 ",120000,Female," 1,50,000 "," 6,50,000 "," 2,50,000 ",100000,0.363636364,No,Delhi NCR,North,Fashion & Lifestyle,4
allumariafelix03,https://www.instagram.com/allumariafelix03/,allumariafelix03,"2,56,000",Macro,10.5," 2,50,000 ",200000,Female," 1,50,000 "," 4,00,000 "," 3,50,000 ",100000,,No,Kochi,South,Fashion & Lifestyle,4
Khushbu Rajendra Tiwari,https://www.instagram.com/khushbu_rajendraa/,khushbu_rajendraa,"2,56,000",Macro,7.78%," 5,00,000 ",400000,Female," 70,000 "," 1,10,000 "," 60,000 ",180000,,No,Mumbai,West,Beauty,4
Akanksha Rana,https://www.instagram.com/akankshaa_rana_/,akankshaa_rana_,"2,54,000",Macro,26.3," 1,50,000 ",120000,Female,," 2,00,000 "," 80,000 ","1,20,000",,No,Dehradun,North,Entertainment,4
thesrishtidas,https://www.instagram.com/thesrishtidas/,thesrishtidas,"2,54,000",Macro,1.79%," 1,50,000 ",120000,Female,," 1,25,000 "," 70,000 ",30000,,Yes,Mumbai,West,Entertainment,4
sonamcchhabra,https://www.instagram.com/sonamcchhabra/,sonamcchhabra,"2,53,000",Macro,2.15," 1,50,950 ",120760,Female," 20,000 "," 1,30,000 "," 85,000 ","30,000",,No,Delhi NCR,North,Fashion & Lifestyle,4
Soumya Pathak,https://www.instagram.com/soumyapathakyoga/,soumyapathakyoga,"2,52,675",Macro,1.96%," 1,50,950 ",120760,Female,," 1,50,000 "," 60,000 ",90000,,No,Pune,West,Fashion & Lifestyle,4
Mayank Shah,https://www.instagram.com/flavoursoftravels?utm_source=ig_web_button_share_sheet&igsh=ZDNlZDc0MzIxNw==,flavoursoftravels,"2,52,000",Macro,1.71%," 2,56,800 ",205440,Male," 1,500 "," 48,500 "," 25,000 ",10500,,No,Delhi NCR,North,Fashion & Lifestyle,4
rrajeshyadav05,https://www.instagram.com/rrajeshyadav05/,rrajeshyadav05,"2,51,000",Macro,0.42," 1,54,000 ",123200,Male," 6,000 "," 2,00,000 "," 1,50,000 ",75000,,No,Delhi NCR,North,Comedy,4
Shobha Rana,https://www.instagram.com/iamshobharana/reels/,iamshobharana,"2,51,000",Macro,8.66%," 1,54,000 ",123200,Female," 2,80,000 "," 2,00,000 "," 40,000 ",20000,,No,Assam,Northeast,Fashion & Lifestyle,4
Neetesh Praliya,https://www.instagram.com/neeteshpraliya/,neeteshpraliya,"2,51,000",Macro,2.82," 30,120 ",24096,Male,," 1,50,000 "," 90,000 ","60,000",,No,Mumbai,West,Comedy,4
Geetanjali Chauhan,https://www.instagram.com/tashanbazz__billo/,tashanbazz__billo,"2,51,000",Macro,9," 2,20,000 ",176000,Female," 25,000 "," 1,40,000 ",,60000,,No,Delhi NCR,North,Comedy,4
Galcy,https://www.instagram.com/Galcy/,galcy,"2,51,000",Macro,2.00%," 3,00,000 ",240000,Female," 1,000 "," 25,000 "," 40,000 ",50000,,No,Mumbai,West,Fashion & Lifestyle,4
Sahana Sarvesh,https://www.instagram.com/sahanasarvesh/,sahanasarvesh,"2,50,556",Macro,7.15," 1,57,000 ",125600,Female,," 1,50,000 "," 60,000 ",90000,,No,Chennai,South,Fashion & Lifestyle,4
Aakash Salunke,https://www.instagram.com/aakash_itis,aakash_itis,"2,49,000",Macro,21.70%," 8,29,100 ",663280,Male," 30,000 "," 1,50,000 "," 45,000 ","10,000",0.638433709,No,Indore,Central,Entertainment,4
Priyal,https://www.instagram.com/priyalmittall?igsh=MTFvbHk1Z2pzcWI3Nw==,priyalmittall,"2,48,000",Macro,1.66," 94,300 ",75440,Female," 30,000 "," 70,000 "," 50,000 ",15000,,No,Mumbai,West,Fashion & Lifestyle,4
chetanngoel,https://www.instagram.com/chetanngoel/,chetanngoel,"2,47,000",Macro,4.29," 1,69,100 ",135280,Male," 60,000 "," 2,80,000 "," 1,80,000 ",50000,1.176470588,No,Delhi NCR,North,Comedy,4
Moon,https://www.instagram.com/moonkovers/,moonkovers,"2,45,000",Macro,3.62%," 1,62,050 ",129640,Female,," 70,000 "," 10,000 ","3,000",,No,Bangalore,South,Fashion & Lifestyle,4
Piyusha Patil,https://www.instagram.com/piyuchino/,piyuchino,"2,44,000",Macro,9.84," 1,64,100 ",131280,Female," 35,000 "," 1,50,000 "," 90,000 ",60000,1,No,Mumbai,West,Comedy,4
Shabnam Fathima,https://www.instagram.com/shabostoc?igsh=aWIxaDN6emh2eGti,shabostoc,"2,43,000",Macro,0.63," 45,400 ",36320,Female,," 60,000 "," 55,000 ",25000,1.666666667,No,Delhi NCR,North,Beauty,4
Debashree,https://www.instagram.com/debashree.gogoi/,debashree.gogoi,"2,43,000",Macro,4.11," 1,54,000 ",123200,Female,," 45,000 ",,,,No,Assam,Northeast,Beauty,4
Financial Adda - (NISM certified),https://instagram.com/financialadda.in?igshid=YmMyMTA2M2Y=,financialadda.in,"2,43,000",Macro,1.46%," 1,54,000 ",123200,Male," 16,000 "," 40,000 "," 72,000 ",12000,,No,Delhi NCR,North,Finance,4
Fourm,https://www.instagram.com/forumxx?igsh=MW9leGxjMjR0a2VvZg==,forumxx,"2,42,000",Macro,29," 20,100 ",16080,Female," 4,800 "," 40,000 "," 30,000 ",35000,,No,Delhi NCR,North,Fashion & Lifestyle,4
Shivangi Sharma,https://www.instagram.com/shivangi_sharma.official/,shivangi_sharma.official,"2,41,000",Macro,4.37%," 2,47,000 ",197600,Male," 35,000 "," 7,00,000 "," 3,00,000 ",100000,0.938312646,Yes,Delhi NCR,North,Comedy,4
Karan,https://www.instagram.com/karanjoshann/,karanjoshann,"2,40,000",Macro,2.66%," 1,46,250 ",117000,Male,," 1,20,000 "," 48,000 ","72,000",,No,Delhi NCR,North,Beauty,4
Pria Beniwal,https://www.instagram.com/priabeniwal/,priabeniwal,"2,39,000",Macro,2.66," 1,36,050 ",108840,Female,," 3,00,000 "," 1,20,000 ",180000,,No,Delhi NCR,North,Fashion & Lifestyle,4
Surabhi Pisal,https://www.instagram.com/surabhi_littlereviews,surabhi_littlereviews,"2,39,000",Macro,2.00%," 1,36,050 ",108840,Female,," 1,50,000 "," 60,000 ","90,000",,No,Mumbai,West,Fashion & Lifestyle,4
Sandhya Naidu,https://instagram.com/neoteric_style?igshid=YmMyMTA2M2Y=,neoteric_style,"2,39,000",Macro,2.35," 1,37,100 ",109680,Female,," 30,000 "," 15,000 ","7,500",,No,Mumbai,West,Beauty,4
Mridul Sharma,https://www.instagram.com/mridul_sharmaa/,mridul_sharmaa,"2,38,000",Macro,7.46%," 3,00,000 ",240000,Female," 1,500 "," 2,75,000 "," 1,90,000 ","1,00,000",,No,Nagaland,Northeast,Beauty,4
hemant_sharma10,https://www.instagram.com/hemant_sharma10/,hemant_sharma10,"2,37,000",Macro,2.33," 1,39,250 ",111400,Male," 5,000 "," 1,20,000 "," 80,000 ",40000,,No,Delhi NCR,North,Comedy,4
Parbin,https://www.instagram.com/parbinsultana7/,parbinsultana7,"2,37,000",Macro,9.13," 1,39,250 ",111400,Female," 10,000 "," 35,000 "," 20,000 ",40000,,No,Assam,Northeast,Beauty,4
Bhargavi,https://www.instagram.com/bhargavivenkatram?igsh=MXZndHJmcjhobWd4ZA==,bhargavivenkatram,"2,35,000",Macro,2.31%," 2,00,000 ",160000,Female," 1,00,000 "," 2,00,000 "," 25,000 ",250000,0.666666667,No,Bangalore,South,Fashion & Lifestyle,4
Monisha mehta,https://instagram.com/itsmonishamehta?igshid=MmU2YjMzNjRlOQ==,itsmonishamehta,"2,35,000",Macro,2.8," 1,64,100 ",131280,Female," 3,000 "," 69,000 "," 27,000 ",9000,,No,Udaipur,West,Fashion & Lifestyle,4
Gagan,https://www.instagram.com/cricket.cardio/,cricket.cardio,"2,33,000",Macro,4.37%," 5,73,571 ",458857,Male," 50,000 "," 2,50,000 ",,300000,0.087173166,No,Delhi NCR,North,Fitness,4
Yash Kadam,https://www.instagram.com/yash.kadam23/,yash.kadam23,"2,33,000",Macro,1.31%," 35,900 ",28720,Male,," 70,000 "," 30,000 ",7000,0.444444444,No,Mumbai,West,Fashion & Lifestyle,4
Anjari Gangully,https://www.instagram.com/thatyellowtrunk?utm_source=ig_web_button_share_sheet&igsh=ZDNlZDc0MzIxNw==,thatyellowtrunk,"2,32,000",Macro,2.28%," 38,300 ",30640,Female,," 1,00,000 "," 40,000 ","60,000",,No,Delhi NCR,North,Beauty,4
Akanksha Singh Gaur,https://www.instagram.com/akanksha.singhgaurr/,akanksha.singhgaurr,"2,32,000",Macro,2.11," 1,20,000 ",96000,Female," 20,000 "," 95,000 "," 2,000 ",15000,,No,Lucknow,North,Fashion & Lifestyle,4
Radhika Sawant,https://www.instagram.com/radhikasawant.20?igsh=NWw1ejA1MWN6aGx4,radhikasawant.20,"2,30,000",Macro,4.07%," 3,67,500 ",294000,Female,," 40,000 "," 5,000 ","35,000",,No,Delhi NCR,North,Fashion & Lifestyle,4
lifeof_asif,https://www.instagram.com/lifeof_asif,lifeof_asif,"2,30,000",Macro,9.33," 1,10,000 ",88000,Male," 8,000 "," 30,000 "," 4,000 ",6000,,No,Delhi NCR,North,Fashion & Lifestyle,4
Sumeet Kamath,https://www.instagram.com/sumeet.69/,sumeet.69,"2,29,000",Macro,1.88," 27,480 ",21984,Male, 500 ," 1,50,000 "," 90,000 ",60000,,No,Assam,Northeast,Comedy,4
Manmeet Bajaj,https://www.instagram.com/sherlen/,sherlen,"2,29,000",Macro,1.03%," 1,79,956 ",143965,Female,," 1,50,000 "," 60,000 ",90000,,No,Kanpur,North,Gaming,4
Aarti Samant ( The Sorted Girl),https://www.instagram.com/thesortedgirl/,thesortedgirl,"2,29,000",Macro,1.43," 70,000 ",56000,Female," 40,000 "," 1,30,000 "," 1,000 ",20000,,No,Mumbai,West,Business & Marketing,4
Amaan Armaan,https://www.instagram.com/soboguys/,soboguys,"2,29,000",Macro,3.99," 2,21,900 ",177520,Male,," 64,000 "," 30,000 ",10000,,No,Nagaland,Northeast,Fashion & Lifestyle,4
shonalii11,https://www.instagram.com/shonalii11/,shonalii11,"2,28,000",Macro,4.64%," 1,20,000 ",96000,Female," 1,000 "," 1,25,000 "," 85,000 ",30000,,No,Chandigarh,North,Entertainment,4
Dhaval Zaveri,https://www.instagram.com/zaveri_dhaval?igsh=MWtuZzF5dDBjeWdyYQ==,zaveri_dhaval,"2,27,000",Macro,1.35," 2,97,800 ",238240,Male,," 45,000 "," 9,500 ",0,,No,Assam,Northeast,Fashion & Lifestyle,4
Aditya Thakare,https://www.instagram.com/aditya.thakare21/,aditya.thakare21,"2,26,000",Macro,1.71%," 27,120 ",21696,Male," 1,500 "," 1,50,000 "," 90,000 ",60000,,No,West Bengal,East,Comedy,4
Dinesh Kumar,https://www.instagram.com/dinos_vault/,dinos_vault,"2,25,000",Macro,2.86," 20,600 ",16480,Male," 1,500 "," 25,000 "," 2,500 ",1000,,No,Odisha,East,Beauty,4
Kalaivendan K,https://www.instagram.com/p_o_n_d_i_c_h_e_r_r_y/,p_o_n_d_i_c_h_e_r_r_y,"2,23,302",Macro,0.24," 1,02,261 ",81809,Male," 1,500 "," 5,000 "," 3,000 ","2,000",,No,Delhi NCR,North,Beauty,4
Himani Rawat,https://www.instagram.com/hiimani.rawat/,hiimani.rawat,"2,22,000",Macro,1.95," 1,03,323 ",82658,Female, 200 ," 35,000 "," 2,000 ",0,,No,Delhi NCR,North,Beauty,4
Ipsa Shah,https://www.instagram.com/themusegirliee/,themusegirliee,"2,21,000",Macro,1.48," 1,04,300 ",83440,Female,," 1,20,000 "," 48,000 ","72,000",,No,Ahmedabad,West,Music,4
Prerna,https://www.instagram.com/prernapandaofficial?igsh=bDF5ZnJmYjY2Mmt3,prernapandaofficial,"2,21,000",Macro,3.09%," 62,400 ",49920,Female," 3,000 "," 60,000 "," 40,000 ",15000,,No,Mumbai,West,Fashion & Lifestyle,4
Fury Bhai,https://www.instagram.com/fury_ff_01/,fury_ff_01,"2,21,000",Macro,13.00%," 26,600 ",21280,Male, 200 ," 15,000 "," 20,000 ",0,,No,Mumbai,West,Fashion & Lifestyle,4
kritivij,https://www.instagram.com/kritivij,kritivij,"2,20,000",Macro,2.70%," 1,04,300 ",83440,Male," 1,000 "," 1,20,000 "," 80,000 ",40000,0.2,No,Mumbai,West,Entertainment,4
Mohak Manglani,https://www.instagram.com/mohak.manghani?igsh=NWIyenB1ZXFjMThw,mohak.manghani,"2,20,000",Macro,4.94," 2,25,200 ",180160,Male,," 75,000 "," 30,000 ","10,000",,No,Punjab,North,Fashion & Lifestyle,4
Sneha Paliwal,https://www.instagram.com/highstreetmommy?igsh=MXNlMGR6cWZmaXFrbA==,highstreetmommy,"2,20,000",Macro,4.57%," 3,64,100 ",291280,Female,," 60,000 "," 35,000 ",20000,,No,Mumbai,West,Fashion & Lifestyle,4
Hemant,https://www.instagram.com/food_eternity/,food_eternity,"2,19,007",Macro,2.79%," 87,220 ",69776,Male," 1,00,000 "," 6,00,000 "," 4,50,000 ",100000,0.363636364,Yes,Bhopal,Central,Comedy,4
Ashwarya Meena,https://www.instagram.com/juderaho/,juderaho,"2,19,000",Macro,5.16," 1,04,300 ",83440,Female," 30,000 "," 5,00,000 "," 2,00,000 ",300000,0.909366475,No,Jaipur,West,Fashion & Lifestyle,4
Wealthy fied,https://www.instagram.com/wealthy_fied/,wealthy_fied,"2,19,000",Macro,0.41," 1,04,300 ",83440,Male," 16,000 "," 40,000 "," 1,000 ","12,000",,No,Delhi NCR,North,Finance,4
Bhumika,https://www.instagram.com/bhumika_zin?igsh=bzF6cTZ4M3BqeDU0,bhumika_zin,"2,19,000",Macro,0.53," 45,800 ",36640,Female," 20,000 "," 35,000 "," 17,000 ","9,000",,No,Mumbai,West,Beauty,4
Robin Singh,https://www.instagram.com/robin_singh_23/,robin_singh_23,"2,18,657",Macro,1.55%," 1,03,811 ",83049,Male,," 1,00,000 "," 40,000 ",60000,,No,Mumbai,West,Fashion & Lifestyle,4
Parvii,https://www.instagram.com/parviisharrma/,parviisharrma,"2,16,000",Macro,4.05%," 1,02,261 ",81809,Female," 30,000 "," 3,00,000 "," 1,20,000 ",180000,0.219003679,No,Mumbai,West,Entertainment,4
Sushmita,https://www.instagram.com/mysa_thehomedecor?utm_source=ig_web_button_share_sheet&igsh=ZDNlZDc0MzIxNw==,mysa_thehomedecor,"2,16,000",Macro,2.07%," 27,500 ",22000,Female,," 1,75,000 "," 70,000 ",105000,,No,Bangalore,South,Entertainment,4
Akshara Shivakumar,https://www.instagram.com/aksharashivakumar/,aksharashivakumar,"2,16,000",Macro,2.63," 2,37,800 ",190240,Female," 1,50,000 "," 48,000 "," 8,000 ",15000,,No,Mumbai,West,Beauty,4
Saiman Says,https://www.instagram.com/hisaimansays/,hisaimansays,"2,15,000",Macro,4.82," 5,28,140 ",422512,Male," 30,000 "," 4,00,000 "," 1,60,000 ",240000,0.6,Yes,Mumbai,West,Entertainment,4
Shahid Khan,https://www.instagram.com/shahidkhan0911?igsh=ZDNlZDc0MzIxNw==,shahidkhan0911,"2,13,000",Macro,5.4," 1,02,261 ",81809,Male," 16,000 "," 40,000 "," 45,000 ","12,000",,No,Mumbai,West,Business & Marketing,4
Yuvika arora,https://www.instagram.com/yuvika arora/,yuvika arora,"2,12,000",Macro,0.47," 93,500 ",74800,Female," 5,000 "," 85,000 "," 55,000 ",20000,,No,Ahmedabad,West,Entertainment,4
Jainaman Vorah,https://www.instagram.com/vorasahab?igsh=MXh2bmhtdzdqMzQ1bw==,vorasahab,"2,12,000",Macro,1.89%," 1,14,800 ",91840,Male,," 55,000 "," 35,000 ",12000,0.2,No,Delhi NCR,North,Fashion & Lifestyle,4
Neha Das,https://www.instagram.com/neha_daas_here/,neha_daas_here,"2,12,000",Macro,3.25%," 1,01,198 ",80958,Female," 1,000 "," 13,000 "," 1,20,000 ",50000,0.25,No,Assam,Northeast,Fashion & Lifestyle,4
Prerna,https://www.instagram.com/i.preranadas,i.preranadas,"2,11,000",Macro,2.15%," 1,01,200 ",80960,Female,," 2,50,000 "," 2,00,000 ","2,00,000",0.363636364,No,West Bengal,East,Entertainment,4
Amit Dwivedi,https://www.instagram.com/amit.dwivedi/,amit.dwivedi,"2,11,000",Macro,2.17%," 31,100 ",24880,Male,," 50,000 "," 40,000 ",15000,,No,Delhi NCR,North,Beauty,4
Prannay,https://www.instagram.com/prannayjoshi/,prannayjoshi,"2,09,000",Macro,2.71," 25,080 ",20064,Male,," 1,70,000 "," 1,02,000 ","68,000",,No,Bangalore,South,Comedy,4
Jaanvi Sadana,https://www.instagram.com/jaanvi_sadana/,jaanvi_sadana,"2,08,000",Macro,1.54," 54,447 ",43558,Female,," 10,00,000 "," 6,00,000 ",400000,,No,Delhi NCR,North,Comedy,4
Akshita Rawat,https://www.instagram.com/akx.putf/,akx.putf,"2,08,000",Macro,2.13," 1,00,000 ",80000,Female," 2,000 "," 35,000 "," 45,000 ","3,500",,No,Delhi NCR,North,Entertainment,4
Tasneem Shaikh,https://www.instagram.com/blogs_by_tazz?igsh=azMzajkxMGF6ZnYx,blogs_by_tazz,"2,08,000",Macro,1.19%," 1,04,500 ",83600,Female,," 12,000 "," 8,000 ",15000,,No,Meghalaya,Northeast,Beauty,4
Shambhavi Mishra,https://www.instagram.com/talksassy/reels/,talksassy,"2,07,000",Macro,8.35," 1,03,323 ",82658,Female,," 5,00,000 "," 2,00,000 ",300000,,No,Delhi NCR,North,Entertainment,4
Shobhit,https://www.instagram.com/shobhit_naveen/,shobhit_naveen,"2,07,000",Macro,2.86," 22,12,300 ",1769840,Male,," 2,00,000 "," 80,000 ","1,20,000",,Yes,Lucknow,North,Entertainment,4
Saptami,https://www.instagram.com/saptukuttualt/,saptukuttualt,"2,07,000",Macro,2.17%," 1,00,000 ",80000,Female," 6,000 "," 1,05,000 "," 40,000 ",4500,,No,Delhi NCR,North,Fashion & Lifestyle,4
Priyanka D,https://instagram.com/priyankka_priii?r=nameta,priyankka_priii,"2,07,000",Macro,1.67," 12,400 ",9920,Female,," 15,000 "," 15,000 ",15000,,No,Meghalaya,Northeast,Beauty,4
Afryina Ashraf,https://www.instagram.com/afriiiiyy/,afriiiiyy,"2,06,991",Macro,39.78%," 1,00,000 ",80000,Female," 30,000 "," 1,80,000 "," 72,000 ",108000,0.837030217,No,Bangalore,South,Entertainment,4
Prince,https://www.instagram.com/styleinspo_13/,styleinspo_13,"2,06,000",Macro,3.81," 2,22,000 ",177600,Male,," 1,80,000 "," 7,000 ",5000,0.6,No,Mumbai,West,Beauty,4
Radhika bhardwaj,https://www.instagram.com/_anandhika.official?igsh=MXVocWh4OXFveXdsdA==,_anandhika.official,"2,06,000",Macro,2.07%," 1,78,700 ",142960,Female,," 1,60,000 "," 90,000 ","60,000",,No,Mumbai,West,Fashion & Lifestyle,4
Himanshu,https://www.instagram.com/thara_taau_ramphal/,thara_taau_ramphal,"2,06,000",Macro,2.16%," 1,00,000 ",80000,Male,," 1,25,000 "," 50,000 ",75000,,No,Delhi NCR,North,Entertainment,4
Sharmila Tamang,https://www.instagram.com/sharmila_timsina_chettri/,sharmila_timsina_chettri,"2,06,000",Macro,4.10%," 1,00,000 ",80000,Female,," 35,000 "," 85,000 ",30000,,No,Delhi NCR,North,Beauty,4
Raunak Mathur,https://www.instagram.com/raunakmathur1707,raunakmathur1707,"2,05,000",Macro,2.31%," 1,00,000 ",80000,Male,," 2,00,000 "," 80,000 ",120000,0.454545455,No,Delhi NCR,North,Entertainment,4
Abhinav Jha,https://www.instagram.com/swankyabhii/,swankyabhii,"2,05,000",Macro,1.73%," 40,000 ",32000,Male," 30,000 "," 50,000 "," 20,000 ",22500,1,No,Bihar,East,Fashion & Lifestyle,4
Devansh Kamboj,https://www.instagram.com/devanshkamboj/,devanshkamboj,"2,04,902",Macro,59.74%," 1,00,000 ",80000,Male," 30,000 "," 2,25,000 "," 90,000 ","1,35,000",0.63525675,No,Delhi NCR,North,Entertainment,4
Sayli,https://www.instagram.com/sayliraut_/,sayliraut_,"2,04,000",Macro,3.15%," 24,480 ",19584,Female,," 2,20,000 "," 1,32,000 ","88,000",,No,Assam,Northeast,Comedy,4
Neha & Thejas,https://www.instagram.com/smilesandpostcards?,smilesandpostcards,"2,04,000",Macro,10.20%," 2,00,000 ",160000,Female,," 2,00,000 "," 80,000 ",120000,,No,Hyderabad,South,Entertainment,4
Merrylin Boro,https://www.instagram.com/merrylinboro/,merrylinboro,"2,03,319",Macro,0.24," 1,00,598 ",80478,Female," 30,000 "," 3,00,000 "," 1,20,000 ","1,80,000",0.819266667,No,Delhi NCR,North,Entertainment,4
CA Ali - Talk Stock (SEBI registered),https://instagram.com/mr.talkstock?igshid=YmMyMTA2M2Y=,mr.talkstock,"2,02,000",Macro,0.95%," 1,00,000 ",80000,Male," 28,000 "," 70,000 "," 8,000 ",21000,,No,Bangalore,South,Finance,4
Akshada Patil,https://www.instagram.com/overlydaa/,overlydaa,"2,01,000",Macro,5.28%," 1,00,000 ",80000,Female," 30,000 "," 3,00,000 "," 1,20,000 ",180000,0.545454546,No,Mumbai,West,Entertainment,4
Kanika,https://www.instagram.com/kanikaluv/,kanikaluv,"2,01,000",Macro,3.02%," 70,000 ",56000,Female,," 2,00,000 "," 80,000 ",120000,0.444444444,Yes,Pune,West,Fashion & Lifestyle,4
Banashree Palit Gala,https://www.instagram.com/bowtie_and_lipsticks/,bowtie_and_lipsticks,"2,01,000",Macro,0.86," 70,300 ",56240,Female,," 35,000 "," 10,000 ",7000,,No,West Bengal,East,Fashion & Lifestyle,4
Kritika Khurana,https://www.instagram.com/thatbohogirl/,thatbohogirl,"2,00,000",Macro,2.11%," 5,56,000 ",444800,Female,," 10,00,000 "," 4,00,000 ",600000,,No,Delhi NCR,North,Beauty,4
Radhika Bangia,https://www.instagram.com/radhika_bangia/,radhika_bangia,"2,00,000",Macro,1.38%," 1,04,300 ",83440,Female,," 7,00,000 "," 2,80,000 ",420000,,No,Mumbai,West,Beauty,4
Jivachi Mumbai,https://www.instagram.com/jivachi_mumbai?igsh=NXhkZnplemhiaHVt,jivachi_mumbai,"2,00,000",Macro,0.69%," 58,800 ",47040,Female," 7,000 "," 9,000 "," 2,000 ",2000,,No,Mumbai,West,Travel,4
saloni agarwal,https://www.instagram.com/plankbefore_pancakes,plankbefore_pancakes,"1,99,578",Macro,2.95%," 7,64,057 ",611245.6,Female," 50,000 "," 3,00,000 "," 1,20,000 ",180000,0.065440144,No,Surat,West,Music,4
Giri Swalkar,https://www.instagram.com/one.dapper.fox/?utm_medium=copy_link,one.dapper.fox,"1,99,000",Macro,5.15," 3,07,600 ",246080,Male,," 2,00,000 "," 75,000 ",50000,,No,Mumbai,West,Fashion & Lifestyle,4
Drishti Sharma,https://www.instagram.com/drishtiispeaks,drishtiispeaks,"1,99,000",Macro,1.02," 1,50,000 ",120000,Female," 40,000 "," 1,20,000 "," 18,000 ",35000,,Yes,Mumbai,West,Business & Marketing,4
Tanvee Dutta,https://www.instagram.com/tanveedutta._/,tanveedutta._,"1,99,000",Macro,0.48%," 1,00,598 ",80478,Female,," 20,000 "," 30,000 ","50,000",,No,Assam,Northeast,Fashion & Lifestyle,4
Sahil Verma,https://instagram.com/its_sahilverma31?igshid=MGNiNDI5ZTU=,its_sahilverma31,"1,98,000",Macro,0.89," 1,00,000 ",80000,Male," 20,000 "," 50,000 "," 3,500 ",15000,,No,Delhi NCR,North,Finance,4
Rehan alam,https://www.instagram.com/rt_gamer_bros/,rt_gamer_bros,"1,97,000",Macro,31.14," 89,000 ",71200,Male," 22,000 "," 1,00,000 "," 60,000 ",40000,,No,Delhi NCR,North,Comedy,4
khushiiimalhotra,https://www.instagram.com/khushiiimalhotra,khushiiimalhotra,"1,94,595",Macro,3.53," 1,00,000 ",80000,Female," 4,000 "," 20,000 "," 10,000 ",25000,,No,Kochi,South,Beauty,4
Shubham Jadhav,https://www.instagram.com/shubhammjadhavv/,shubhammjadhavv,"1,93,615",Macro,23.2," 97,500 ",78000,Male," 30,000 "," 1,00,000 "," 40,000 ","45,000",1,No,Mumbai,West,Gaming,4
Lina,https://www.instagram.com/ahouse_to_myhome?utm_source=ig_web_button_share_sheet&igsh=ZDNlZDc0MzIxNw==,ahouse_to_myhome,"1,93,000",Macro,2.22," 29,500 ",23600,Male,," 3,00,000 "," 1,20,000 ",180000,,No,Hyderabad,South,Entertainment,4
Tavleen Kaur,https://www.instagram.com/tavleenkaurrrrrr/,tavleenkaurrrrrr,"1,93,000",Macro,3.09%," 20,640 ",16512,Female,," 1,50,000 "," 60,000 ",90000,,Yes,Mumbai,West,Entertainment,4
Hetal Chheda,https://www.instagram.com/nutritionisthetalchheda?igsh=MXg2dDhsbWZpc2wwdA==,nutritionisthetalchheda,"1,92,446",Macro,2.30%," 55,000 ",32000,Female," 50,000 "," 3,00,000 "," 1,20,000 ","1,80,000",0.909090909,No,Mumbai,West,Fashion & Lifestyle,4
Ashutosh Chauhan,https://www.instagram.com/_.ashu.5/,_.ashu.5,"1,92,000",Macro,6.59%," 2,56,400 ",205120,Male,," 2,00,000 "," 80,000 ",120000,0.363636364,No,Bhopal,Central,Fashion & Lifestyle,4
Devang Ubale,https://www.instagram.com/effigy.music/?hl=en,effigy.music,"1,91,000",Macro,4.24," 22,920 ",18336,Male,," 2,50,000 "," 1,50,000 ",100000,,No,Assam,Northeast,Comedy,4
girlinagarb,https://www.instagram.com/girlinagarb,girlinagarb,"1,90,212",Macro,16.42%," 89,000 ",71200,Female," 60,000 "," 45,000 ",,,,No,West Bengal,East,Fashion & Lifestyle,4
Komal Pandey,https://www.instagram.com/komalpandeyofficial/,komalpandeyofficial,"1,90,000",Macro,4.56%," 14,00,000 ",1120000,Female," 4,000 "," 10,00,000 "," 4,00,000 ",600000,,No,Mumbai,West,Fashion & Lifestyle,4
Astuti,https://www.instagram.com/astuti_mw/,astuti_mw,"1,90,000",Macro,17.5," 65,00,000 ",5200000,Female,," 2,00,000 "," 80,000 ",120000,,No,Mumbai,West,Fashion & Lifestyle,4
Ankita Kariya,https://www.instagram.com/ankitakariya?igsh=dm10aWMwazNmNXJp,ankitakariya,"1,90,000",Macro,1.23%," 85,800 ",68640,Female," 7,200 "," 1,80,000 "," 90,000 ",70000,,No,Chhattisgarh,Central,Beauty,4
Jatin Sapru,https://www.instagram.com/jatin_sapru/,jatin_sapru,"1,90,000",Macro,7.78," 10,30,000 ",824000,Male," 6,000 "," 1,50,000 "," 60,000 ",90000,,No,Mumbai,West,Entertainment,4
Ronak Rathod,https://www.instagram.com/spoonsofmumbai/,spoonsofmumbai,"1,90,000",Macro,1.01," 84,300 ",67440,Male," 5,000 "," 35,000 "," 12,000 ",0,,No,Mumbai,West,Travel,4
Shivani Rai,https://www.instagram.com/_thefashion__hub/,_thefashion__hub,"1,89,000",Macro,2.15," 88,000 ",70400,Female," 20,000 "," 75,000 "," 5,000 ","5,000",,No,Lucknow,North,Beauty,4
Susmita,https://www.instagram.com/susmita_sapam_mangang/,susmita_sapam_mangang,"1,89,000",Macro,0.46%," 1,00,000 ",80000,Female,," 35,000 "," 25,000 ","10,000",,No,Manipur,Northeast,Beauty,4
Sejal Sharma,https://www.instagram.com/SejalSharma/,sejalsharma,"1,88,000",Macro,1.33%," 1,10,000 ",88000,Female,," 2,00,000 "," 80,000 ",120000,,No,Chandigarh,North,Entertainment,4
Khaliid,https://instagram.com/khalidwalb?igshid=YmMyMTA2M2Y=,khalidwalb,"1,87,000",Macro,3.86%," 88,000 ",70400,Male," 30,000 "," 3,00,000 "," 1,80,000 ",120000,0.940645283,No,Delhi NCR,North,Entertainment,4
Shiwangi Singh,https://www.instagram.com/shiwangisinghh/,shiwangisinghh,"1,86,000",Macro,16.42," 86,900 ",69520,Female,," 1,75,000 "," 70,000 ",105000,,No,Delhi NCR,North,Entertainment,4
Belly Kanungo,https://www.instagram.com/bellykanungo?igsh=dnNwYWlyOXNidGJv,bellykanungo,"1,85,000",Macro,9.18," 85,260 ",68208,Female," 30,000 "," 1,55,000 "," 62,000 ","93,000",1.2,No,Mumbai,West,Entertainment,4
Shivam Rathi,https://www.instagram.com/nonstopgaming_325/,nonstopgaming_325,"1,85,000",Macro,17," 3,72,000 ",297600,Male, 800 ," 4,500 "," 1,60,000 ",240000,,No,Delhi NCR,North,Fashion & Lifestyle,4
Richa Shahi,https://www.instagram.com/richashahii/,richashahii,"1,84,000",Macro,1.95%," 7,41,071 ","5,92,857",Female,," 2,00,000 "," 80,000 ",120000,,No,Mumbai,West,Entertainment,4
Raju Bose,http://www.instagram.com/thedappercheck,thedappercheck,"1,82,000",Macro,8.66," 5,61,700 ",449360,Male,," 80,000 "," 40,000 ",20000,,No,Mumbai,West,Fashion & Lifestyle,4
D Thamman,https://www.instagram.com/_hometownflavours_?utm_source=ig_web_button_share_sheet&igsh=ZDNlZDc0MzIxNw==,_hometownflavours_,"1,82,000",Macro,0.42%," 48,500 ",38800,Female," 15,000 "," 20,000 "," 18,000 ",300000,,No,Mumbai,West,Travel,4
Ayush Shukla,https://www.instagram.com/ayushshukl.a,ayushshukl.a,"1,81,000",Macro,1.06%," 80,000 ",64000,Male," 50,000 "," 1,50,000 "," 25,000 ",60000,,No,Mumbai,West,Business & Marketing,4
Ruchi Soni,https://www.instagram.com/dentistduos/,dentistduos,"1,81,000",Macro,1.46%," 69,000 ",55200,Female," 40,000 "," 60,000 "," 15,000 ","10,000",,No,Mumbai,West,Beauty,4
Raghav,https://www.instagram.com/raghav_sharmaaaaa/,raghav_sharmaaaaa,"1,80,000",Macro,9.93," 85,530 ",68424,Male,," 2,25,000 "," 90,000 ",135000,0.206185567,No,Delhi NCR,North,Entertainment,4
Satya saggar,https://www.instagram.com/satyasaggar?igsh=MXJ4YnBraTMzcGtmaA==,satyasaggar,"1,80,000",Macro,2," 21,200 ",16960,Male," 1,000 "," 1,25,000 "," 40,000 ","50,000",,No,Mumbai,West,Fashion & Lifestyle,4
Rahul Kesari,https://www.instagram.com/bhookkad_baba/,bhookkad_baba,"1,80,000",Macro,1.12," 1,13,100 ",90480,Male," 5,000 "," 45,000 "," 30,000 ","20,000",,No,Nagaland,Northeast,Fashion & Lifestyle,4
Soha Ali,https://www.instagram.com/sohaa.__.ly/,sohaa.__.ly,"1,79,000",Macro,2," 95,000 ",76000,Female," 30,000 "," 90,000 "," 3,000 ",,,No,Delhi NCR,North,Beauty,4
Mansi,https://www.instagram.com/mansi01khare,mansi01khare,"1,78,000",Macro,5.5," 84,945 ",67956,Female,," 3,00,000 "," 1,20,000 ",180000,0.363636364,No,Delhi NCR,North,Entertainment,4
Shivani Parihar,https://www.instagram.com/shivani__parihar/,shivani__parihar,"1,78,000",Macro,5.07%," 1,54,000 ",123200,Female,," 2,50,000 "," 1,00,000 ",150000,0.363636364,No,Jaipur,West,Entertainment,4
Adarsh,https://www.instagram.com/adarshsolankiii/,adarshsolankiii,"1,78,000",Macro,9.33," 6,00,000 ",480000,Male," 60,000 "," 1,70,000 "," 15,000 ",5000,,Yes,Meghalaya,Northeast,Entertainment,4
Shreeja,https://www.instagram.com/shreeja.b,shreeja.b,"1,77,000",Macro,3.26%," 85,800 ",68640,Female,," 2,50,000 "," 1,00,000 ",150000,0.363636364,No,Mumbai,West,Entertainment,4
Vishal,https://www.instagram.com/thefernandist/,thefernandist,"1,76,000",Macro,2.34," 2,00,000 ",160000,Male,," 2,00,000 "," 80,000 ",120000,,No,Hyderabad,South,Entertainment,4
Omkar Kadam,https://www.instagram.com/omi_2609/,omi_2609,"1,76,000",Macro,1.46," 21,120 ",16896,Male,," 1,20,000 "," 72,000 ",48000,,No,Chandigarh,North,Comedy,4
Kanika khatri,https://www.instagram.com/kanika_kh?igsh=aTMwYjNtdDEyejB4,kanika_kh,"1,76,000",Macro,1.19%," 61,700 ",49360,Female,," 1,10,000 "," 65,000 ",20000,,No,Mumbai,West,Beauty,4
lifeofshariq,https://www.instagram.com/lifeofshariq,lifeofshariq,"1,76,000",Macro,4.11," 50,000 ",40000,Male,," 7,000 ",,,,No,Nagaland,Northeast,Fashion & Lifestyle,4
Joydipto Ghosh,https://www.instagram.com/joy___things/,joy___things,"1,75,000",Macro,46.61," 85,530 ",68424,Male,," 6,00,000 "," 2,40,000 ","3,60,000",,No,West Bengal,East,Entertainment,4
Shital Rindhe,https://www.instagram.com/Shittal Rindhe/,shittal rindhe,"1,75,000",Macro,3.99," 60,000 ",48000,Male,," 1,50,000 "," 60,000 ","67,500",0.909090909,No,Mumbai,West,Entertainment,4
Rohit Godse,https://www.instagram.com/dhating_rohitt/,dhating_rohitt,"1,74,325",Macro,1.67%," 20,919 ",16735,Male,," 1,50,000 "," 90,000 ",60000,,No,Guwahati,Northeast,Comedy,4
gorgeouspotaahto,https://www.instagram.com/gorgeouspotaahto/,gorgeouspotaahto,"1,73,000",Macro,0.53%," 85,800 ",68640,Female,," 1,60,000 "," 90,000 ",40000,,Yes,Delhi NCR,North,Beauty,4
hahahahardikkk,https://www.instagram.com/hahahahardikkk/,hahahahardikkk,"1,73,000",Macro,6.63%," 85,800 ",68640,Male," 10,000 "," 1,50,000 "," 90,000 ",35000,,No,Delhi NCR,North,Fashion & Lifestyle,4
Rahul,https://www.instagram.com/random__rathore,random__rathore,"1,73,000",Macro,4.32%," 67,000 ","53,600",Male," 1,500 "," 85,000 "," 4,000 ",4000,,No,Mumbai,West,Entertainment,4
Mehul Nisar,https://www.instagram.com/mehulnisar?igsh=ZGQ2MWh2d2w0OHpy,mehulnisar,"1,73,000",Macro,1.23," 24,400 ",19520,Male,," 25,000 "," 20,000 ","10,000",,No,Mumbai,West,Entertainment,4
Susmitha,https://www.instagram.com/brown_girl_susmitha/,brown_girl_susmitha,"1,72,000",Macro,2.05," 84,465 ",67572,Female,," 12,000 "," 5,000 ","2,000",,No,Mumbai,West,Beauty,4
Rupa,https://www.instagram.com/rupa.devaliya?igsh=OWx5MnYzaTFxZmE0,rupa.devaliya,"1,71,000",Macro,5.7," 70,000 ",56000,Female,," 3,00,000 "," 1,20,000 ",180000,,No,Mumbai,West,Entertainment,4
Mihir Arora,https://www.instagram.com/cyberstructor/,cyberstructor,"1,71,000",Macro,2.51," 84,630 ",67704,Male,," 85,000 "," 34,000 ",38250,0.185185185,No,Delhi NCR,North,Entertainment,4
Sriman Kotaru,https://www.instagram.com/srimankotaru/,srimankotaru,"1,71,000",Macro,4.34%," 2,54,300 ",203440,Male,," 25,000 "," 7,000 ",2000,,No,Bangalore,South,Beauty,4
Prapti Shukla,https://instagram.com/praptishukla25,praptishukla25,"1,71,000",Macro,10.03%," 2,50,400 ",200320,Female," 8,000 "," 20,000 "," 20,000 ",40000,,No,Bangalore,South,Fashion & Lifestyle,4
Hannah Sim,https://www.instagram.com/hay_nah_fit,hay_nah_fit,"1,70,384",Macro,7.71," 1,98,023 ",158418.4,Female," 50,000 "," 2,20,000 "," 88,000 ",132000,0.252495922,No,Mumbai,West,Entertainment,4
Varun Buddhadev,https://www.instagram.com/buddhadevvarun/,buddhadevvarun,"1,70,000",Macro,2.33," 97,400 ",77920,Male," 5,000 "," 50,000 "," 40,000 ",30000,,No,Mumbai,West,Fashion & Lifestyle,4
nikita_choudhary1509,https://www.instagram.com/nikita_choudhary1509?igsh=Z3o1Zzd1NXJib3oy,nikita_choudhary1509,"1,70,000",Macro,0.18%," 35,000 ",28000,Female," 12,000 "," 30,000 "," 35,000 ",9000,,No,Mumbai,West,Finance,4
Subiksha Shivakumar,https://www.instagram.com/subikshashivakumar/,subikshashivakumar,"1,69,562",Macro,3.98%," 95,000 ",76000,Female," 20,000 "," 1,70,000 "," 68,000 ",102000,0.324617357,No,Mumbai,West,Entertainment,4
namrataaaaaa_,https://www.instagram.com/namrataaaaaa_,namrataaaaaa_,"1,68,971",Macro,15.88," 95,000 ",76000,Female," 14,000 "," 52,000 "," 8,000 ",7000,,No,Delhi NCR,North,Beauty,4
Bhoomika,https://instagram.com/iambhooms?igshid=MzRlODBiNWFlZA==,iambhooms,"1,68,000",Macro,0.41%," 85,260 ",68208,Female,," 1,25,000 "," 50,000 ","75,000",,No,Delhi NCR,North,Entertainment,4
Pratik Talreja,https://www.instagram.com/sadak_chap/,sadak_chap,"1,68,000",Macro,1.60%," 20,800 ",16640,Male,," 1,20,000 "," 48,000 ",72000,,No,Mumbai,West,Entertainment,4
Sapna Rai,https://www.instagram.com/sapnaraich/,sapnaraich,"1,66,000",Macro,0.44," 81,824 ",65459,Female,," 3,50,000 "," 1,40,000 ",210000,,No,Delhi NCR,North,Entertainment,4
Reshma,https://www.instagram.com/preciousmomentss_?utm_source=ig_web_button_share_sheet&igsh=ZDNlZDc0MzIxNw==,preciousmomentss_,"1,66,000",Macro,0.56," 45,500 ",36400,Female," 1,000 "," 70,000 "," 25,000 ",10000,0.75,No,Mumbai,West,Beauty,4
Ankit Gupta,https://www.instagram.com/xx_anxntpvt_xx/,xx_anxntpvt_xx,"1,65,000",Macro,7.13," 81,000 ",64800,Male," 1,80,000 "," 6,00,000 "," 4,00,000 ","2,50,000",,No,West Bengal,East,Comedy,4
Accent Bay,https://www.instagram.com/accentbaydesignstudio?igsh=YnYwY3FvNTRzaDNx,accentbaydesignstudio,"1,65,000",Macro,2.54%," 84,300 ",67440,Male,," 85,000 "," 34,000 ","51,000",,No,Mumbai,West,Entertainment,4
Archana Shivaji,https://www.instagram.com/shivarchana_arsh/,shivarchana_arsh,"1,65,000",Macro,1.52," 1,96,350 ",157080,Female," 1,800 "," 35,000 "," 15,000 ",7000,,No,Mumbai,West,Fashion & Lifestyle,4
Zaid Bin Zaffar,https://www.instagram.com/binzaidgaming/,binzaidgaming,"1,65,000",Macro,36.5," 60,000 ",48000,Male," 10,000 "," 25,000 "," 65,000 ","7,500",,No,Mumbai,West,Finance,4
Aryaki Joon,https://www.instagram.com/aryakijoon/,aryakijoon,"1,64,884",Macro,17.34%," 81,000 ",64800,Female,," 70,000 "," 28,000 ",42000,,No,Mumbai,West,Entertainment,4
Akanksha,https://www.instagram.com/akankshaupnejaa?igsh=MTNqZDc0dGIwOGZobg==,akankshaupnejaa,"1,64,000",Macro,21.00%," 81,824 ",65459,Female,," 30,000 ",,,,No,Delhi NCR,North,Fashion & Lifestyle,4
Anirudh,https://www.instagram.com/anirudhsharmaa_/,anirudhsharmaa_,"1,63,170",Macro,3.63," 11,21,325 ",897060,Male," 50,000 "," 8,00,000 "," 5,50,000 ",250000,0.044590105,No,Delhi NCR,North,Entertainment,4
Anusmita Dutta,https://www.instagram.com/miss_dutta1/,miss_dutta1,"1,63,144",Macro,13.5," 81,000 ",64800,Female,," 8,00,000 "," 3,20,000 ",480000,,No,West Bengal,East,Beauty,4
Shubhajeet,https://www.instagram.com/calmchorofficial,calmchorofficial,"1,63,000",Macro,99.30%," 81,000 ",64800,Male,," 1,20,000 "," 48,000 ",72000,,No,Mumbai,West,Beauty,4
Arpan Kukreja (SEBI registered),https://instagram.com/arpan.kukreja?igshid=OGQ5ZDc2ODk2ZA==,arpan.kukreja,"1,63,000",Macro,1.83," 81,000 ",64800,Male," 20,000 "," 50,000 "," 2,000 ",15000,,No,Delhi NCR,North,Finance,4
Anurag,https://www.instagram.com/trainwithanuragg/,trainwithanuragg,"1,62,679",Macro,2.42%," 52,000 ",41080,Male," 50,000 "," 50,000 "," 20,000 ",30000,0.961538462,No,Delhi NCR,North,Beauty,4
Shamin,https://www.instagram.com/iamshamin/,iamshamin,"1,62,380",Macro,1.70%," 81,000 ",64800,Female," 3,000 "," 25,000 "," 4,000 ",3000,,No,Mumbai,West,Beauty,4
Pranav Panpalia,https://www.instagram.com/pranavpun/,pranavpun,"1,62,000",Macro,2.38%," 2,92,000 ",233600,Male,," 2,00,000 "," 80,000 ",120000,0.181818182,No,Delhi NCR,North,Entertainment,4
Aanchal Tewani,https://www.instagram.com/aanchaljtewani/,aanchaljtewani,"1,62,000",Macro,3.50%," 2,50,000 ",200000,Female,," 87,000 "," 34,800 ","52,200",,No,Mumbai,West,Fashion & Lifestyle,4
divanshuvermaaa,https://www.instagram.com/divanshuvermaaa/,divanshuvermaaa,"1,61,000",Macro,2.77," 81,000 ",64800,Male,," 1,40,000 "," 90,000 ",35000,,Yes,Delhi NCR,North,Beauty,4
Gopal Goyal,https://www.instagram.com/gopalgoyal/,gopalgoyal,"1,60,000",Macro,32.33," 7,72,080 ",617664,Male,," 40,000 "," 3,500 ",15000,,Yes,Assam,Northeast,Beauty,4
Kuhi Pathak,https://www.instagram.com/_____kuhi_____p/,_____kuhi_____p,"1,60,000",Macro,1.43%," 81,824 ",65459,Female, 500 ," 15,000 "," 1,000 ",500,,No,Assam,Northeast,Fashion & Lifestyle,4
Rani Deepa Gupta,https://www.instagram.com/_.ranideepa._/,_.ranideepa._,"1,59,000",Macro,3.03%," 81,824 ",65459,Female," 11,200 "," 55,000 "," 25,000 ","12,000",,No,West Bengal,East,Fashion & Lifestyle,4
prabh_virk_official,https://www.instagram.com/prabh_virk_official/,prabh_virk_official,"1,59,000",Macro,0.42," 81,824 ",65459,Male," 10,000 "," 35,000 "," 8,000 ",6000,,No,Mumbai,West,Food,4
palaksoni_2301,https://www.instagram.com/palaksoni_2301,palaksoni_2301,"1,58,985",Macro,86.56," 81,824 ",65459,Male," 10,000 "," 25,000 ",,7500,,No,West Bengal,East,Business & Marketing,4
Yashica Malhotra,https://www.instagram.com/yaasssxsass/,yaasssxsass,"1,58,000",Macro,9.93," 38,300 ",34736,Female," 50,000 "," 85,000 "," 34,000 ",51000,1.151543068,No,J & K,North,Entertainment,4
Tanvi Sharma,https://www.instagram.com/tanvi_sharma_106/,tanvi_sharma_106,"1,58,000",Macro,12.00%," 81,000 ",64800,Female,," 25,000 ",,,,No,J & K,North,Fashion & Lifestyle,4
Ansh Dhote,https://www.instagram.com/anshhdhote/,anshhdhote,"1,57,896",Macro,32.18," 22,920 ",18336,Male, 500 ," 1,00,000 "," 60,000 ",40000,,No,Mumbai,West,Comedy,4
Karan Kapoor,https://www.instagram.com/mekarankapoor,mekarankapoor,"1,57,783",Macro,2.91%," 3,52,852 ",282281.6,Male," 50,000 "," 1,50,000 "," 60,000 ",90000,0.14170247,No,Kanpur,North,Entertainment,4
Priya (PriPri) Banerjee,https://www.instagram.com/pripribanerjee/,pripribanerjee,"1,57,369",Macro,8.61," 81,824 ",65459,Female," 20,000 "," 1,25,000 "," 50,000 ",75000,0.01149989,No,Mumbai,West,Entertainment,4
Sahil Gupta,https://www.instagram.com/sahil_the9to5/,sahil_the9to5,"1,57,000",Macro,2.96," 84,465 ",67572,Male,," 2,00,000 "," 80,000 ",120000,0.181818182,No,Delhi NCR,North,Fashion & Lifestyle,4
Muskaan,https://www.instagram.com/muuskkann?igsh=MTk4NjU2Y2Z3aGNobw%3D%3D,muuskkann,"1,56,000",Macro,1.54%," 2,86,250 ",229000,Female," 1,500 "," 35,000 "," 25,000 ",30000,,No,Mumbai,West,Beauty,4
Gungun,https://www.instagram.com/shin_chann__/,shin_chann__,"1,56,000",Macro,4.64," 83,062 ",66450,Female," 1,000 "," 25,000 "," 3,000 ",1000,,No,Assam,Northeast,Beauty,4
Natural fitness,https://www.instagram.com/for_you_s9?igsh=bTliMzdtbjY0YTU0,for_you_s9,"1,56,000",Macro,2.89%," 1,84,000 ",147200,Male," 5,000 "," 15,000 "," 15,000 ",5000,,No,Bihar,East,Fashion & Lifestyle,4
Shwetambari Shetty,https://www.instagram.com/shweshetty/,shweshetty,"1,55,984",Macro,1.83%," 83,062 ",66450,Female," 20,000 "," 1,60,000 ",,,,No,Bangalore,South,Comedy,4
Chandana Vajja,https://www.instagram.com/Preety much my passion/,preety much my passion,"1,55,000",Macro,2," 18,100 ",14480,Female,," 4,00,000 "," 2,40,000 ",160000,,No,Mumbai,West,Comedy,4
namankapooooor,https://www.instagram.com/namankapooooor/,namankapooooor,"1,55,000",Macro,4.98%," 81,000 ",64800,Male," 1,500 "," 1,00,000 "," 70,000 ",30000,,No,Delhi NCR,North,Comedy,4
Simran Pattnaik,https://www.instagram.com/_simranpattnaikofficial_/,_simranpattnaikofficial_,"1,55,000",Macro,5.69%," 81,000 ",64800,Female," 1,500 "," 75,000 "," 2,500 ",1000,,No,Odisha,East,Fashion & Lifestyle,4
Nimarta Bindra,https://www.instagram.com/the_momster?igsh=MWRsa25ndTNhdXl2aw%3D%3D,the_momster,"1,55,000",Macro,1.88," 74,100 ",59280,Female,," 25,000 "," 7,500 ",6000,,No,Mumbai,West,Fashion & Lifestyle,4
Buvana Balaji,https://www.instagram.com/buvana_balaji/,buvana_balaji,"1,55,000",Macro,3.20%," 71,529 ",57223,Female,," 16,000 ",,,,No,Chennai,South,Fashion & Lifestyle,4
The Great Indian Blogger,https://www.instagram.com/thegreatindianblogger_?utm_source=ig_web_button_share_sheet&igsh=ZDNlZDc0MzIxNw==,thegreatindianblogger_,"1,55,000",Macro,1.95%," 1,34,700 ",107760,Male, 200 ," 5,000 "," 2,000 ",0,,No,Mumbai,West,Fashion & Lifestyle,4
ayeshadhule_,https://www.instagram.com/ayeshadhule_,ayeshadhule_,"1,54,456",Macro,71.45," 1,10,000 ",88000,Female,," 1,20,000 "," 48,000 ","72,000",,No,Mumbai,West,Beauty,4
Sakshi,https://www.instagram.com/_sakshhiiii/,_sakshhiiii,"1,54,000",Macro,6.95," 50,000 ",39500,Female," 50,000 "," 2,20,000 ",,"60,000",1,No,Chandigarh,North,Finance,4
Ankita Mestry,https://www.instagram.com/glow_girl__//,glow_girl__,"1,54,000",Macro,3.88," 1,03,120 ",82496,Female, 200 ," 40,000 "," 20,000 ",0,,Yes,Mumbai,West,Fashion & Lifestyle,4
Dr.Tarandeep,https://www.instagram.com/dr.tarandeepofficial/reels/,dr.tarandeepofficial,"1,53,000",Macro,3.82%," 96,462 ",77170,Female," 50,000 "," 2,00,000 "," 75,000 ",50000,0.518338828,No,Delhi NCR,North,Beauty,4
Gauri Bhasin,https://www.instagram.com/gauribhasin_/,gauribhasin_,"1,53,000",Macro,2.52%," 80,300 ",64240,Female," 60,000 "," 2,00,000 ",,70000,0.666666667,No,Mumbai,West,Finance,4
Chandana Vajja,https://www.instagram.com/prettymuchmypassions?utm_source=ig_web_button_share_sheet&igsh=ZDNlZDc0MzIxNw==,prettymuchmypassions,"1,51,000",Macro,2.00%," 18,100 ",14480,Female," 20,000 "," 3,00,000 "," 1,80,000 ","1,20,000",0.444444444,No,Goa,West,Comedy,4
Natasha Desai,https://www.instagram.com/beautyandthelook7?igsh=dHdxM3ZiZXh1N2Rj,beautyandthelook7,"1,51,000",Macro,1.4," 40,000 ",32000,Female," 10,000 "," 35,000 "," 20,000 ",0,,No,Mumbai,West,Beauty,4
Dolly Singh,https://www.instagram.com/dollysingh,dollysingh,"1,50,000",Macro,2.76," 3,19,200 ",255360,Female," 1,50,000 "," 6,50,000 "," 4,00,000 ","50,000",,No,Mumbai,West,Fashion & Lifestyle,4
Rahul & Ishita,https://www.instagram.com/thestreetstalkers/,thestreetstalkers,"1,50,000",Macro,2.35%," 81,824 ",65459,Male,," 3,50,000 "," 2,10,000 ","1,40,000",,No,Delhi NCR,North,Comedy,4
Manasi Satish Vajantri,https://www.instagram.com/rani_vajantri?igsh=ajNhenVwajB6bWkx,rani_vajantri,"1,50,000",Macro,1.61%," 81,824 ",65459,Female,," 1,50,000 "," 60,000 ",90000,,No,Mumbai,West,Fashion & Lifestyle,4
CA Mahima Vachhrajani | Money & Finance,https://www.instagram.com/ca.mahima.vachhrajani,ca.mahima.vachhrajani,"1,50,000",Macro,2.71," 20,000 ",16000,Female," 20,000 "," 55,000 "," 2,000 ",20000,,No,Mumbai,West,Finance,4
Sangrilla,https://instagram.com/sangrilla_hijam/,sangrilla_hijam,"1,50,000",Macro,1.20%," 81,824 ",65459,Female," 60,000 "," 30,000 ",,"40,000",,No,Manipur,Northeast,Fashion & Lifestyle,4
Soumita,https://www.instagram.com/ ?igsh=MTB6Njk4OHFtanNvZA==, ,"1,50,000",Macro,0.41%, 901 ,721,Female," 5,000 "," 15,000 "," 1,000 ",20000,,No,Mumbai,West,Beauty,4
vritti,https://www.instagram.com/vrittikhawani?igsh=ZTdiZjV1N2d6YnR6,vrittikhawani,"1,49,000",Macro,2.02," 47,600 ",38080,Female," 30,000 "," 90,000 "," 45,000 ",30000,,No,Mumbai,West,Fashion & Lifestyle,4
Adi arora (Faad guy),https://www.instagram.com/adi__arora/,adi__arora,"1,49,000",Macro,2," 81,824 ",65459,Male," 22,000 "," 55,000 "," 80,000 ","16,500",,No,Delhi NCR,North,Business & Marketing,4
Mansi,https://www.instagram.com/mansichavan.jpg/,mansichavan.jpg,"1,49,000",Macro,1.03%," 81,824 ",65459,Female,," 50,000 "," 20,000 ",50000,,No,Mumbai,West,Beauty,4
Manav sharma,https://www.instagram.com/heymanav07/,heymanav07,"1,48,020",Macro,2.04," 50,000 ",14000,Male," 20,000 "," 1,20,000 "," 48,000 ",72000,0.4,No,Mumbai,West,Fashion & Lifestyle,4
Utkarsh Singh,https://www.instagram.com/techbonkers,techbonkers,"1,48,000",Macro,1.46%," 30,000 ",24000,Male," 15,000 "," 40,000 "," 3,000 ",35000,,No,Mumbai,West,Technology,4
Neha Samuel,https://www.instagram.com/itsnehasamuel,itsnehasamuel,"1,47,890",Macro,2.71%," 5,44,657 ","4,35,726",Female," 50,000 "," 1,00,000 "," 40,000 ",60000,0,No,Bangalore,South,Beauty,4
tanishpall,https://www.instagram.com/tanishpall/,tanishpall,"1,47,000",Macro,3.40%," 77,350 ",61880,Male," 1,000 "," 2,00,000 "," 1,20,000 ",50000,,No,Delhi NCR,North,Travel,4
manshu chaurasia,https://www.instagram.com/yashukigaming/,yashukigaming,"1,47,000",Macro,2.00%," 25,000 ",20000,Male," 2,000 "," 8,000 ",,,,No,Delhi NCR,North,Fashion & Lifestyle,4
tejasvirajput2008,https://www.instagram.com/tejasvirajput2008,tejasvirajput2008,"1,46,854",Macro,4.47%," 76,700 ",61360,Male, 600 ," 5,000 ",,,,No,West Bengal,East,Fashion & Lifestyle,4
Bhanu Pathak,https://www.instagram.com/batlaiye,batlaiye,"1,46,000",Macro,9.33%," 52,000 ",41600,Male," 3,50,000 "," 2,50,000 ",,,,Yes,Delhi NCR,North,Entertainment,4
Kritleen,https://www.instagram.com/sidhu_vlogs?igsh=bjVkMzc4eTU2NG5o,sidhu_vlogs,"1,46,000",Macro,3.57%," 72,814 ",58251,Female," 20,000 "," 2,00,000 "," 80,000 ",120000,0.909545682,No,Chandigarh,North,Beauty,4
Ishna Batra,https://www.instagram.com/mammaslifestyle/,mammaslifestyle,"1,46,000",Macro,0.23," 26,400 ",21120,Female,," 80,000 "," 60,000 ","15,000",,No,Mumbai,West,Fashion & Lifestyle,4
Anuj,https://www.instagram.com/21600/,21600,"1,46,000",Macro,2.32," 52,000 ",41600,Male,," 50,000 "," 5,000 ",5000,,No,Chandigarh,North,Beauty,4
Sachin Deshwal,https://www.instagram.com/18000/,18000,"1,45,358",Macro,11.37," 52,000 ",41600,Male," 12,000 "," 15,000 "," 20,000 ",10000,,No,Delhi NCR,North,Travel,4
Aparna,https://www.instagram.com/Apaarna/,apaarna,"1,45,000",Macro,16.56%," 6,15,100 ",492080,Female," 1,50,000 "," 5,50,000 "," 2,75,000 ","1,00,000",,No,West Bengal,East,Comedy,4
Rhea Gadoo,https://www.instagram.com/rhegadoo/,rhegadoo,"1,45,000",Macro,1.80%," 67,500 ",54000,Female,," 1,10,000 ",,,,No,Delhi NCR,North,Beauty,4
Araba Laitonjam,https://www.instagram.com/araba_laitonjam/,araba_laitonjam,"1,45,000",Macro,2.26," 67,500 ",54000,Male," 5,000 "," 40,000 "," 10,000 ","10,000",,No,Manipur,Northeast,Fashion & Lifestyle,4
"HEMACHANDIRAN
 pondy updates",https://www.instagram.com/pondy.updates/,pondy.updates,"1,45,000",Macro,0.81%," 67,500 ",54000,Male," 5,000 "," 18,000 "," 2,000 ",5000,,No,Delhi NCR,North,Food,4
gayatrisisodiya027,https://www.instagram.com/gayatrisisodiya027,gayatrisisodiya027,"1,44,354",Macro,29.08," 70,000 ",56000,Female,," 19,000 ",,5000,,No,Manipur,Northeast,Beauty,4
Tanya Bedi,https://www.instagram.com/_tanyabedi_/,_tanyabedi_,"1,44,000",Macro,4.28," 70,000 ",56000,Female,," 7,00,000 "," 4,20,000 ","2,80,000",0.454545455,No,Delhi NCR,North,Comedy,4
Diksha Vohra,https://www.instagram.com/dikshavohra/,dikshavohra,"1,44,000",Macro,6.19%," 19,099 ",15279,Female,," 3,00,000 "," 1,80,000 ",120000,0.181818182,No,Delhi NCR,North,Comedy,4
Vatsal Shethia,https://www.instagram.com/vatsal_shethia?igsh=bXlhM2V3OGVob25l,vatsal_shethia,"1,44,000",Macro,18.87," 8,23,300 ",658640,Male,," 1,80,000 "," 60,000 ",50000,,No,Bangalore,South,Music,4
Vishal Bora,https://www.instagram.com/oye_bora/,oye_bora,"1,44,000",Macro,2.51," 26,640 ",21312,Male,," 1,75,000 "," 1,05,000 ",70000,,No,Delhi NCR,North,Comedy,4
Ritu Singh,https://www.instagram.com/babelicious_indiana?igsh=dHE2dHNjeWNlOTI3,babelicious_indiana,"1,44,000",Macro,2.13%," 1,02,400 ",81920,Female," 2,000 "," 65,000 "," 45,000 ",3500,,No,Mumbai,West,Beauty,4
Rishabh Surana,https://www.instagram.com/42000/,42000,"1,44,000",Macro,2.46%," 52,000 ",41600,Male,," 20,000 ",,,,No,Bangalore,South,Fashion & Lifestyle,4
Aadhya,https://www.instagram.com/hello_aadhya?igsh=MXh1aGVtamNvd3hibA==,hello_aadhya,"1,43,000",Macro,9.25%," 71,264 ",57011,Female," 35,000 "," 2,15,000 ",,,,No,Delhi NCR,North,Comedy,4
Neha Jalan,https://www.instagram.com/thepinkumbrella_diaries?utm_source=ig_web_button_share_sheet&igsh=ZDNlZDc0MzIxNw==,thepinkumbrella_diaries,"1,43,000",Macro,2.17," 53,600 ",42880,Female," 3,000 "," 60,000 "," 40,000 ","8,000",,No,Mumbai,West,Beauty,4
TR Jelly,https://www.instagram.com/ig_justjelly/,ig_justjelly,"1,43,000",Macro,12.92," 71,000 ",56800,Female,," 21,000 "," 2,000 ","7,000",,No,West Bengal,East,Fashion & Lifestyle,4
Soumya Malani,https://www.instagram.com/50400/,50400,"1,43,000",Macro,1.46," 52,000 ",41600,Male,," 10,000 "," 80,000 ",120000,,No,Delhi NCR,North,Beauty,4
Harjinder Singh Kukreja,https://www.instagram.com/57600/,57600,"1,42,606",Macro,11.10%," 52,000 ",41600,Male,," 1,00,000 "," 45,000 ","20,000",,No,Mumbai,West,Entertainment,4
Prasad Anjali Ashok More,https://www.instagram.com/kaccha.limboo,kaccha.limboo,"1,42,000",Macro,20.84," 92,200 ",73760,Male,," 50,000 "," 3,000 ",2000,,No,Mumbai,West,Entertainment,4
Shrima Rai,https://www.instagram.com/shrimarai/,shrimarai,"1,41,000",Macro,0.61%," 62,100 ",49680,Female,," 1,00,000 "," 60,000 ","20,000",,No,Mumbai,West,Beauty,4
Anshu Mor,https://www.instagram.com/anshu_mor/?hl=en,anshu_mor,"1,41,000",Macro,2.11%," 52,000 ",41600,Female," 60,000 "," 80,000 "," 75,000 ",10000,,No,Delhi NCR,North,Food,4
Govind Menon,https://www.instagram.com/agovindmenon,agovindmenon,"1,41,000",Macro,0.85%," 52,000 ",41600,Male," 40,000 "," 80,000 "," 50,000 ","50,000",,No,Delhi NCR,North,Fashion & Lifestyle,4
Manoj Prabakar,https://www.instagram.com/pmanojprabakar,pmanojprabakar,"1,41,000",Macro,2.50%," 52,000 ",41600,Male," 50,000 "," 75,000 "," 1,00,000 ",30000,,No,Mumbai,West,Beauty,4
Kajal and Kshitij,https://www.instagram.com/kajal_and_kshitij/,kajal_and_kshitij,"1,41,000",Macro,2.5," 34,000 ",27200,Male," 20,000 "," 60,000 ",,,,No,Mumbai,West,Fashion & Lifestyle,4
Shreyas,https://www.instagram.com/gainsbyzooz,gainsbyzooz,"1,40,000",Macro,4.74%," 7,20,055 ",576044,Male," 50,000 "," 1,30,000 ",,"39,000",0.06943914,No,Trivandrum,South,Finance,4
gulsheen.anand,https://www.instagram.com/gulsheen.anand/,gulsheen.anand,"1,40,000",Macro,4.10%," 65,000 ","52,000",Female,," 1,25,000 "," 85,000 ",30000,,Yes,Mumbai,West,Entertainment,4
Aalekh Kapoor,https://www.instagram.com/aalekhkapoor/,aalekhkapoor,"1,40,000",Macro,4.74%," 52,000 ",41600,Male," 50,000 "," 1,00,000 "," 90,000 ","40,000",0.06943914,No,Trivandrum,South,Fashion & Lifestyle,4
Antara Asthana,https://www.instagram.com/nanakiasthana07?igsh=MWJ4bGw4aGRiMTU0eg%3D%3D&utm_source=qr,nanakiasthana07,"1,40,000",Macro,1.33," 42,100 ",33680,Female,," 50,000 "," 10,000 ",5000,,No,Delhi NCR,North,Fashion & Lifestyle,4
Shreya Tamang,https://www.instagram.com/shreyy15/,shreyy15,"1,40,000",Macro,2.3," 50,000 ",42500,Female,," 15,000 "," 3,000 ",2000,0.6,No,Delhi NCR,North,Fashion & Lifestyle,4
whatifitcomestruee,https://www.instagram.com/whatifitcomestruee,whatifitcomestruee,"1,39,186",Macro,20.32," 67,500 ",54000,Female,," 60,000 "," 35,000 ",15000,,Yes,Mumbai,West,Beauty,4
Aditi Mittal,https://www.instagram.com/addymitzy/,addymitzy,"1,39,000",Macro,6.04%," 52,000 ",41600,Female," 75,000 "," 1,00,000 "," 1,25,000 ",50000,,No,Mumbai,West,Comedy,4
Dr. Akshaya Reddy,https://www.instagram.com/dr.akshayareddykasturi/reels/,dr.akshayareddykasturi,"1,39,000",Macro,0.09," 63,050 ",50440,Female,," 70,000 "," 10,000 ",5000,,No,Hyderabad,South,Beauty,4
shatakshitomar,https://instagram.com/shatakshitomar,shatakshitomar,"1,38,267",Macro,9.12," 13,319 ",10655,Male,," 80,000 "," 48,000 ",32000,,No,Delhi NCR,North,Comedy,4
Desi Crime Podcast,https://www.instagram.com/desicrime,desicrime,"1,38,224",Macro,8.68," 52,000 ",41600,Female," 40,000 "," 1,00,000 "," 85,000 ",45000,,No,Dehradun,North,Entertainment,4
Sail Shelar,https://www.instagram.com/sail_shelar?igsh=NjlpYzVzN3hveXlm,sail_shelar,"1,38,100",Macro,8.53," 1,91,000 ",152800,Male,," 35,000 "," 5,000 ","5,000",,No,Bangalore,South,Entertainment,4
Nehal,https://www.instagram.com/notwithoutoregano?igsh=MWlubTZyNzVubnlwYg==,notwithoutoregano,"1,38,000",Macro,1.01%," 1,09,500 ",87600,Female," 7,000 "," 20,000 "," 12,000 ",5000,,No,Delhi NCR,North,Fashion & Lifestyle,4
jyotsana3579,https://www.instagram.com/jyotsana3579,jyotsana3579,"1,37,212",Macro,1.62," 66,860 ",53488,Male," 40,000 "," 70,000 ",,80000,,No,Pune,West,Fashion & Lifestyle,4
Arpita gupta,https://www.instagram.com/arpitaguptaa/,arpitaguptaa,"1,37,000",Macro,2.02," 66,860 ",53488,Female," 56,000 "," 1,40,000 ",,"42,000",,No,Delhi NCR,North,Technology,4
Akash Mahale,https://www.instagram.com/akasheyess,akasheyess,"1,37,000",Macro,3.54%," 1,74,000 ",139200,Male,," 1,15,000 "," 70,000 ",155000,,No,Mumbai,West,Fashion & Lifestyle,4
Harpriya Bains,https://www.instagram.com/harpriyabains,harpriyabains,"1,37,000",Macro,8.69," 52,000 ",41600,Female," 50,000 "," 1,00,000 "," 1,00,000 ",25000,,No,Bangalore,South,Beauty,4
Janice Sequeira,https://www.instagram.com/janiceseq85,janiceseq85,"1,37,000",Macro,0.53," 52,000 ",41600,Female," 50,000 "," 1,00,000 "," 1,25,000 ",50000,,No,Delhi NCR,North,Entertainment,4
Tejaswi Madivada,https://www.instagram.com/tejaswimadivada,tejaswimadivada,"1,37,000",Macro,7.32," 52,000 ",41600,Female," 50,000 "," 1,00,000 "," 1,20,000 ","20,000",,No,Mumbai,West,Entertainment,4
Meera (Pinoshi),https://www.instagram.com/pinoshi_?igsh=MzFzbG43bDgyaWE4,pinoshi_,"1,37,000",Macro,0.48%," 1,32,700 ",106160,Female,," 40,000 "," 30,000 ",50000,,No,Mumbai,West,Beauty,4
TechMumbaikar,https://www.instagram.com/techmumbaikar/,techmumbaikar,"1,37,000",Macro,0.36," 66,860 ",53488,Female,," 35,000 "," 12,000 ","5,000",,Yes,Delhi NCR,North,Beauty,4
ree_lifestyle_,https://www.instagram.com/ree_lifestyle_,ree_lifestyle_,"1,36,722",Macro,1.56%," 66,860 ",53488,Female," 15,000 "," 18,000 ",,,,No,Pune,West,Fashion & Lifestyle,4
Aavi Vadekar,https://www.instagram.com/wakeup_aavi?igsh=bDJ5d2l4c3NuaGRr,wakeup_aavi,"1,36,000",Macro,1.87," 1,28,900 ",103120,Male," 12,000 "," 20,000 "," 5,000 ",5000,,No,Andhra Pradesh,South,Fashion & Lifestyle,4
Pranali Khedekar,https://www.instagram.com/pranali_khedekar?igshid=YmMyMTA2M2Y%3D,pranali_khedekar,"1,36,000",Macro,1.75," 91,600 ",73280,Female," 20,000 "," 12,000 "," 6,000 ",3000,,No,Mysore,South,Beauty,4
Zuola,https://www.instagram.com/_zuola_,_zuola_,"1,35,393",Macro,14.34," 52,000 ",41600,Female," 40,000 "," 1,20,000 "," 80,000 ",40000,,No,Mumbai,West,Beauty,4
Janhvi Singh,https://www.instagram.com/janhvsingh/?hl=en,janhvsingh,"1,35,000",Macro,1.36%," 52,000 ",41600,Male," 50,000 "," 1,50,000 "," 1,00,000 ",30000,,No,Delhi NCR,North,Fashion & Lifestyle,4
Jatin J,https://www.instagram.com/thestyledoodler/,thestyledoodler,"1,35,000",Macro,0.43%," 26,600 ",21280,Male,," 75,000 "," 60,000 ",75000,,No,Mumbai,West,Fashion & Lifestyle,4
Rhea Gurnani,https://www.instagram.com/rheagurnanii/,rheagurnanii,"1,35,000",Macro,5.63," 52,000 ",41600,Female," 25,000 "," 75,000 "," 60,000 ",75000,,No,Mumbai,West,Fashion & Lifestyle,4
Rakesh Kiran,https://www.instagram.com/rakesh.pulapa/,rakesh.pulapa,"1,34,000",Macro,1.11," 21,900 ",17520,Male,," 5,00,000 "," 2,00,000 ",300000,,No,Hyderabad,South,Beauty,4
Anmol Raina,https://www.instagram.com/anmolraina13,anmolraina13,"1,34,000",Macro,1.11," 52,000 ",41600,Male," 75,000 "," 1,75,000 "," 1,20,000 ",10000,,No,Hyderabad,South,Finance,4
Manish Kharage,https://www.instagram.com/manishkharage,manishkharage,"1,34,000",Macro,3.67%," 52,000 ",41600,Male," 50,000 "," 1,75,000 "," 60,000 ",50000,,No,Mumbai,West,Fashion & Lifestyle,4
Veer,https://www.instagram.com/iamveerrrrrrrr/,iamveerrrrrrrr,"1,34,000",Macro,18," 30,700 ",24560,Male,," 43,000 "," 8,000 ",10000,,No,Nagaland,Northeast,Fashion & Lifestyle,4
thenancydrewcrossword_,https://www.instagram.com/thenancydrewcrossword_/,thenancydrewcrossword_,"1,34,000",Macro,18," 52,000 ",41600,Male,," 43,000 "," 8,000 ","10,000",,No,Delhi NCR,North,Fashion & Lifestyle,4
Aarchi Gandhi,https://www.instagram.com/aarchigandhi/,aarchigandhi,"1,34,000",Macro,1.69," 28,700 ",22960,Male," 15,000 "," 29,900 "," 5,000 ",3500,,No,Pune,West,Beauty,4
yessica_mathur,https://www.instagram.com/yessica_mathur/,yessica_mathur,"1,34,000",Macro,1.69%," 52,000 ",41600,Male,," 29,900 "," 5,000 ","3,500",,No,Delhi NCR,North,Beauty,4
Khyati,https://www.instagram.com/skins_with_kay/,skins_with_kay,"1,33,000",Macro,5.2," 76,700 ",61360,Female,," 70,000 "," 30,000 ",10000,0.181818182,Yes,Delhi NCR,North,Entertainment,4
Maths with Mansi,https://www.instagram.com/themansichopra?igsh=aGlpanczYmNjeDhq,themansichopra,"1,33,000",Macro,2.17," 76,700 ",61360,Female," 22,000 "," 55,000 ",,16500,,No,Delhi NCR,North,Education,4
Pallavi,https://www.instagram.com/eat.around.the.city?igsh=MWlxZWl6OWdnNDRkdQ==,eat.around.the.city,"1,33,000",Macro,0.67%," 42,500 ",34000,Female," 4,000 "," 45,000 "," 15,000 ",7000,,No,Kochi,South,Food,4
Tanishka Malvankar,https://www.instagram.com/tanishkamalvankar/,tanishkamalvankar,"1,33,000",Macro,0.67," 52,000 ",41600,Female," 4,000 "," 45,000 "," 15,000 ",7000,,No,Mumbai,West,Food,4
Harsh Nagar,https://www.instagram.com/i_harsh_nagar?igsh=MWNkNWU5cXljY2V3ZA==,i_harsh_nagar,"1,33,000",Macro,0.6," 13,400 ",10720,Male,," 20,000 "," 15,000 ",30000,,No,Delhi NCR,North,Entertainment,4
Anushaya Singh_,https://www.instagram.com/anushayaaa_/,anushayaaa_,"1,33,000",Macro,0.60%," 52,000 ",41600,Male,," 20,000 "," 15,000 ",30000,,No,Mumbai,West,Entertainment,4
Priya,https://www.instagram.com/priyaxagg,priyaxagg,"1,32,859",Macro,2.64%," 49,000 ",41650,Female,," 2,50,000 "," 1,50,000 ",100000,0.612244898,No,Delhi NCR,North,Comedy,4
Moses Koul,https://www.instagram.com/moseskoul,moseskoul,"1,32,859",Macro,2.64," 52,000 ",41600,Female," 75,000 "," 2,00,000 "," 1,50,000 ",75000,0.612244898,No,Delhi NCR,North,Comedy,4
Samir Rishu Mohanty (Rapper Big Deal),https://www.instagram.com/rapperbigdeal,rapperbigdeal,"1,32,287",Macro,5.01%," 52,000 ",41600,Female," 75,000 "," 2,00,000 "," 1,00,000 ",50000,1.00506553,No,Pune,West,Music,4
Amit Tandon,https://instagram.com/amitandon17,amitandon17,"1,32,000",Macro,0.16%," 52,000 ","41,600",Male," 1,00,000 "," 2,50,000 "," 2,25,000 ",50000,,No,Mumbai,West,Comedy,4
Dhruv Sehgal,https://www.instagram.com/sehgaldhruv90,sehgaldhruv90,"1,32,000",Macro,2.65," 52,000 ",41600,Male," 50,000 "," 2,50,000 "," 2,50,000 ",50000,,No,Mumbai,West,Entertainment,4
Vivek Keshari,https://www.instagram.com/vivekkeshari1/,vivekkeshari1,"1,32,000",Macro,1.22," 52,000 ",41600,Male," 75,000 "," 2,00,000 "," 1,50,000 ","40,000",,No,Delhi NCR,North,Beauty,4
Rishika,https://www.instagram.com/rishikaaaaa_d?igsh=MWdvOWxpMnMzNHBteg==,rishikaaaaa_d,"1,32,000",Macro,2.98%," 1,19,700 ",95760,Female,," 15,000 "," 10,000 ","25,000",,No,Mumbai,West,Fashion & Lifestyle,4
Karina Rai,https://www.instagram.com/_.heyworld/,_.heyworld,"1,32,000",Macro,1.12%," 73,000 ",58400,Female,," 10,000 "," 60,000 ","40,000",,No,West Bengal,East,Fashion & Lifestyle,4
Naman Arora,https://www.instagram.com/namanarorax/profilecard/?igsh=anBzMWs2ZmNrbGpu,namanarorax,"1,31,000",Macro,5.2," 52,000 ",41600,Male," 50,000 "," 2,50,000 "," 1,00,000 ",50000,,No,Jaipur,West,Beauty,4
Simran Poddar,https://www.instagram.com/bellisimo__simran/,bellisimo__simran,"1,31,000",Macro,0.46%," 38,000 ",30400,Female,," 60,000 "," 25,000 ",10000,,No,Mumbai,West,Beauty,4
whoishussain04,https://www.instagram.com/whoishussain04,whoishussain04,"1,31,000",Macro,6.84," 1,80,000 ",144000,Male," 6,000 "," 24,000 "," 12,000 ",5000,,No,Udaipur,West,Fashion & Lifestyle,4
Bhaswati,https://www.instagram.com/bhaswatii24_/,bhaswatii24_,"1,31,000",Macro,3.2," 70,500 ",56400,Female," 50,000 "," 20,000 ",,,0.294117647,No,Assam,Northeast,Fashion & Lifestyle,4
Stephanie Timmins,https://www.instagram.com/feistyfoxdiaries,feistyfoxdiaries,"1,30,890",Macro,4.56," 52,000 ",41600,Male," 65,000 "," 2,75,000 "," 1,25,000 ",70000,,No,West Bengal,East,Fashion & Lifestyle,4
Masoom Minawala Mehta,https://www.instagram.com/masoomminawala/,masoomminawala,"1,30,000",Macro,2.42%," 2,76,500 ",221200,Female,," 5,00,000 "," 2,00,000 ",300000,,No,Mumbai,West,Fashion & Lifestyle,4
Yashi Tank,https://www.instagram.com/yashitank05/,yashitank05,"1,30,000",Macro,3.52," 11,00,000 ",880000,Female,," 4,00,000 "," 1,60,000 ",240000,,No,Delhi NCR,North,Fashion & Lifestyle,4
Muskaan,https://www.instagram.com/muskaandchandra/,muskaandchandra,"1,30,000",Macro,3.52%," 52,000 ",41600,Female,," 4,00,000 "," 1,60,000 ","2,40,000",,No,Mumbai,West,Fashion & Lifestyle,4
Anshuka Yoga,https://www.instagram.com/anshukayoga,anshukayoga,"1,30,000",Macro,1.23," 52,000 ",41600,Female," 65,000 "," 3,00,000 "," 2,85,000 ",75000,,No,Mumbai,West,Fitness,4
Mansi Ugale,https://www.instagram.com/mansiugale/?hl=en,mansiugale,"1,30,000",Macro,0.59%," 52,000 ",41600,Female," 1,00,000 "," 3,00,000 "," 2,00,000 ",200000,0.416562526,No,Punjab,North,Beauty,4
Prableen Kaur Bomrah,https://www.instagram.com/prableenkaurbhomrah,prableenkaurbhomrah,"1,30,000",Macro,1.35%," 52,000 ","41,600",Female," 65,000 "," 2,80,000 "," 1,00,000 ",65000,,No,Delhi NCR,North,Fashion & Lifestyle,4
Mehak Kalra,https://www.instagram.com/oyeemahakk_/,oyeemahakk_,"1,30,000",Macro,4.80%," 70,000 ",56000,Female," 50,000 "," 2,50,000 ",,,,No,Delhi NCR,North,Beauty,4
Jayesh,https://www.instagram.com/unemployedmarwadi/,unemployedmarwadi,"1,30,000",Macro,1.54%," 15,600 ",12480,Male,," 2,00,000 "," 1,20,000 ",80000,,No,Jaipur,West,Comedy,4
Shivya Nath,https://www.instagram.com/shivya,shivya,"1,30,000",Macro,1.23%," 37,000 ",29600,Female,," 1,70,000 "," 1,02,000 ",68000,,No,Mumbai,West,Comedy,4
Vaishali Jain,https://www.instagram.com/thevaishalidiaries?igsh=Y2c5YmU5cHljcHF0,thevaishalidiaries,"1,30,000",Macro,2.87," 65,000 ",52000,Female,," 1,40,000 "," 75,000 ",0,,No,Mumbai,West,Fashion & Lifestyle,4
Kajal,https://www.instagram.com/hookedtoskincare,hookedtoskincare,"1,30,000",Macro,4.79," 63,550 ",50840,Female," 15,000 "," 1,20,000 ",,36000,0.822,No,Punjab,North,Finance,4
Mayur Diwan,https://www.instagram.com/diwanmayur?&igsh=ZDNlZDc0MzIxNw==,diwanmayur,"1,30,000",Macro,7.58," 63,550 ",50840,Male," 16,000 "," 40,000 "," 54,000 ",12000,,No,Mumbai,West,Business & Marketing,4
_simranbajwaa_,https://www.instagram.com/_simranbajwaa_?igsh=MXgwbzBseHUwYm80aA==,_simranbajwaa_,"1,30,000",Macro,13," 63,550 ",50840,Female,," 20,000 "," 2,000 ",2000,,No,J & K,North,Fashion & Lifestyle,4
Himani,https://www.instagram.com/being__himani,being__himani,"1,30,000",Macro,13.00%," 52,000 ",41600,Female,," 20,000 "," 2,000 ",2000,,No,Mumbai,West,Fashion & Lifestyle,4
Aditya Bhat,https://www.instagram.com/bhat.tech/,bhat.tech,"1,29,000",Macro,6.42%," 79,000 ",63200,Male," 15,000 "," 4,00,000 "," 2,40,000 ",160000,0.833333333,No,Bangalore,South,Comedy,4
Tanya,https://www.instagram.com/tanyakhannaa?igsh=MTloaG5kZ3l2cW1keg==,tanyakhannaa,"1,29,000",Macro,1.06," 48,200 ",38560,Female,," 90,000 "," 25,000 ","15,000",,No,Mumbai,West,Beauty,4
Varun Duggirala,https://www.instagram.com/varunduggi,varunduggi,"1,28,900",Macro,2.15," 52,000 ",41600,Male," 75,000 "," 3,00,000 "," 3,00,000 ",75000,,No,Delhi NCR,North,Business & Marketing,4
Rohan Shrestha,https://www.instagram.com/rohanshrestha,rohanshrestha,"1,28,425",Macro,5.01," 52,000 ",41600,Male," 50,000 "," 3,00,000 "," 2,50,000 ",100000,0.99262,No,Delhi NCR,North,Beauty,4
Funyaasi,https://www.instagram.com/funyaasi?igsh=MXNhcW10NmVzd3RlYg==,funyaasi,"1,28,249",Macro,2.32," 52,000 ",41600,Female," 1,00,000 "," 3,00,000 "," 1,50,000 ","30,000",,No,Mumbai,West,Fashion & Lifestyle,4
Tanishk Rajput,https://www.instagram.com/tanishkkrajput/,tanishkkrajput,"1,28,000",Macro,1.8," 1,50,000 ",120000,Male," 40,000 "," 80,000 "," 5,000 ","1,00,000",,No,Delhi NCR,North,Fashion & Lifestyle,4
Ritcha Verma,https://www.instagram.com/ritcha?utm_source=ig_web_button_share_sheet&igsh=ZDNlZDc0MzIxNw==,ritcha,"1,28,000",Macro,0.49%," 35,800 ",28640,Female,," 55,000 "," 30,000 ",15000,,No,Mumbai,West,Comedy,4
Archit Shokeen,https://www.instagram.com/architshokeen/,architshokeen,"1,28,000",Macro,3.99%," 1,41,641 ",113313,Male," 50,000 "," 5,000 ",,"9,000",0.353005133,No,Delhi NCR,North,Fashion & Lifestyle,4
Khusro Khan,https://www.instagram.com/techknight_yt/,techknight_yt,"1,27,000",Macro,1.94%," 65,000 ",52000,Male,," 6,00,000 "," 3,60,000 ",240000,,No,Delhi NCR,North,Comedy,4
Santanu Hazarika,https://www.instagram.com/santanu_hazarika_art,santanu_hazarika_art,"1,27,000",Macro,32.33%," 52,000 ",41600,Male," 1,00,000 "," 3,50,000 "," 2,50,000 ",100000,,No,Delhi NCR,North,Beauty,4
Sachinker Sagolsem,https://www.instagram.com/sachinker_sagolsem/,sachinker_sagolsem,"1,27,000",Macro,1.94," 65,000 ",52000,Male,," 30,000 "," 8,000 ",7000,,No,Manipur,Northeast,Fashion & Lifestyle,4
Divya,https://www.instagram.com/fittlicious?igsh=MTE5YTd1cmF6MzlxZw==,fittlicious,"1,27,000",Macro,1.35%," 17,000 ",13600,Female," 10,000 "," 25,000 "," 15,000 ",5000,,No,Lucknow,North,Fitness,4
Anish deshmukh,https://www.instagram.com/chefanishdeshmukh200?igsh=dHYxeHh5Y2dsM2cw,chefanishdeshmukh200,"1,27,000",Macro,2.01%," 1,29,000 ",103200,Male," 2,000 "," 15,000 "," 3,000 ",,,No,Bangalore,South,Fashion & Lifestyle,4
Danny Pandit,https://www.instagram.com/dannyypandit,dannyypandit,"1,26,788",Macro,11.85%," 52,000 ",41600,Female," 75,000 "," 4,00,000 "," 2,75,000 ",75000,,No,Mumbai,West,Food,4
Sarah Todd,https://www.instagram.com/sarahtodd,sarahtodd,"1,26,546",Macro,4.31," 52,000 ",41600,Female," 1,00,000 "," 4,00,000 "," 3,00,000 ",100000,0.6,No,Delhi NCR,North,Business & Marketing,4
Tanya Ghavri,https://www.instagram.com/tanghavri,tanghavri,"1,26,154",Macro,3.53%," 52,000 ",41600,Female," 2,00,000 "," 4,00,000 "," 3,50,000 ",150000,0.230769231,No,Chandigarh,North,Fashion & Lifestyle,4
Trinetra Halder,https://www.instagram.com/trintrin?igsh=MWl1eXhhZjF2YnA3bQ==,trintrin,"1,26,000",Macro,1.30%," 52,000 ",41600,Male," 1,50,000 "," 4,00,000 "," 3,75,000 ","1,00,000",,No,Meghalaya,Northeast,Fashion & Lifestyle,4
Mansu,https://www.instagram.com/mansurathore97?igsh=MW5scW93M3o2a2t1Yg==,mansurathore97,"1,26,000",Macro,4.74%," 68,720 ",54976,Female," 5,000 "," 40,000 ",,,,No,Jaipur,West,Beauty,4
Kevin Zingkhai,https://www.instagram.com/kevin.zingkhai/,kevin.zingkhai,"1,25,755",Macro,5.95," 52,000 ",41600,Male," 1,50,000 "," 4,00,000 ",,,0.3125,No,Hyderabad,South,Fashion & Lifestyle,4
Atul Khatri,https://www.instagram.com/one_by_two,one_by_two,"1,25,000",Macro,2.56%," 52,000 ",41600,Male," 1,50,000 "," 5,50,000 "," 4,50,000 ","1,00,000",,No,Delhi NCR,North,Fashion & Lifestyle,4
Arissa Khan,https://www.instagram.com/arissakhan,arissakhan,"1,25,000",Macro,6.32," 52,000 ",41600,Female," 2,00,000 "," 4,50,000 "," 4,50,000 ","1,00,000",,No,Delhi NCR,North,Fashion & Lifestyle,4
Arvind Krishna,https://www.instagram.com/arvindkrishna5,arvindkrishna5,"1,25,000",Macro,4.5," 52,000 ",41600,Female," 1,80,000 "," 4,50,000 "," 3,00,000 ",90000,,No,Mumbai,West,Food,4
Tarini Shah,https://www.instagram.com/tarini_shah,tarini_shah,"1,25,000",Macro,0.59," 52,000 ",41600,Female," 1,00,000 "," 4,50,000 "," 1,80,000 ",100000,,No,Mumbai,West,Beauty,4
Barkha Rana,https://www.instagram.com/amelia_ig20/,amelia_ig20,"1,25,000",Macro,7.39%," 66,860 ",53488,Female," 15,000 "," 4,00,000 "," 2,40,000 ",160000,0.882352941,No,Mumbai,West,Comedy,4
Harun Robert (Rob),https://www.instagram.com/artguyrob,artguyrob,"1,24,000",Macro,9.44," 52,000 ",41600,Female," 2,00,000 "," 6,00,000 "," 5,00,000 ",100000,0.612244898,No,West Bengal,East,Fashion & Lifestyle,4
Sahiba Bali,https://www.instagram.com/sahibabali,sahibabali,"1,24,000",Macro,2.43," 52,000 ",41600,Female," 2,50,000 "," 6,00,000 "," 4,50,000 ","1,50,000",0.545454546,No,Mumbai,West,Beauty,4
Karishma Mehta,https://www.instagram.com/karimehta05/?hl=en,karimehta05,"1,24,000",Macro,2.29%," 52,000 ",41600,Female," 2,00,000 "," 6,00,000 "," 4,00,000 ",200000,,No,Bangalore,South,Fashion & Lifestyle,4
Harshita Pandey,https://www.instagram.com/Harshitahahah/,harshitahahah,"1,24,000",Macro,9.44," 68,720 ",41650,Female," 3,50,000 "," 2,50,000 ",,,0.612244898,No,West Bengal,East,Education,4
Leepika,https://instagram.com/leepikarora?igshid=OGQ5ZDc2ODk2ZA==,leepikarora,"1,24,000",Macro,2.1," 66,860 ",53488,Female," 60,000 "," 1,50,000 ",,"50,000",,No,Bangalore,South,Finance,4
Sristi,https://www.instagram.com/shrewiish/,shrewiish,"1,24,000",Macro,4.81%," 66,860 ",53488,Female,," 1,10,000 ",,,,No,West Bengal,East,Fashion & Lifestyle,4
Alisha Jain,https://www.instagram.com/thetastyelements?igsh=OWJwaTFwejQ1OWdx,thetastyelements,"1,24,000",Macro,0.53," 59,300 ",47440,Female,," 20,000 "," 8,000 ",30000,,No,Mumbai,West,Fashion & Lifestyle,4
Siddharth Batra,https://www.instagram.com/siddharth93batra,siddharth93batra,"1,23,000",Macro,40.2," 52,000 ",41600,Male," 2,00,000 "," 7,00,000 "," 6,00,000 ",200000,,No,Delhi NCR,North,Beauty,4
Harshita Gupta,https://www.instagram.com/soharshi_,soharshi_,"1,23,000",Macro,13," 52,000 ",41600,Female," 1,50,000 "," 6,50,000 "," 2,50,000 ",100000,,No,Jaipur,West,Fashion & Lifestyle,4
Ayush Chaurasiya,https://www.instagram.com/ishowayuu/,ishowayuu,"1,23,000",Macro,2.74," 2,70,000 ",216000,Male,," 55,000 "," 10,000 ",35000,,No,Delhi NCR,North,Fashion & Lifestyle,4
Annjali sharma,https://www.instagram.com/kingaanj/,kingaanj,"1,23,000",Macro,0.35," 3,500 ",2800,Female,," 45,000 "," 7,000 ",20000,,No,Assam,Northeast,Beauty,4
Ayush Jain,https://instagram.com/letsbrandindia?igshid=MzRlODBiNWFlZA==,letsbrandindia,"1,23,000",Macro,6.63%," 66,860 ",53488,Male," 10,000 "," 25,000 ",,7500,,No,Mumbai,West,Business & Marketing,4
Tage Tunia,https://www.instagram.com/tuniaa___/,tuniaa___,"1,23,000",Macro,36.7," 1,30,000 ",104000,Female,," 20,000 "," 5,000 ","3,500",,Yes,Goa,West,Beauty,4
Ashna narang,https://instagram.com/getglamwithaashna?igshid=MmU2YjMzNjRlOQ==,getglamwithaashna,"1,23,000",Macro,0.17," 12,200 ",9760,Female," 10,000 "," 7,000 "," 5,000 ",1500,,No,Delhi NCR,North,Fashion & Lifestyle,4
Silkeena Kaur,https://www.instagram.com/silkzdiaries?igsh=MXRuZDdtZ2gxeWF4bw%3D%3D,silkzdiaries,"1,23,000",Macro,0.08%," 5,500 ",4400,Female,," 6,000 "," 3,000 ",3000,,No,Himachal,North,Fashion & Lifestyle,4
Vinesh Johnny,https://www.instagram.com/vineshjohny,vineshjohny,"1,22,698",Macro,2.03," 52,000 ",41600,Female," 3,50,000 "," 7,00,000 "," 6,00,000 ",350000,,No,Pune,West,Fashion & Lifestyle,4
Bruised Passports,https://www.instagram.com/bruisedpassports,bruisedpassports,"1,22,000",Macro,2.1," 52,000 ",41600,Female," 2,00,000 "," 7,50,000 "," 3,00,000 ",100000,,No,Mumbai,West,Beauty,4
Wing It with Ankush,https://www.instagram.com/wingitwithankush,wingitwithankush,"1,22,000",Macro,2.02%," 52,000 ",41600,Female," 2,00,000 "," 7,00,000 "," 4,50,000 ",350000,,No,Delhi NCR,North,Fashion & Lifestyle,4
Aisha Ahmed,https://www.instagram.com/aisharahmed/,aisharahmed,"1,21,670",Macro,20.52%," 52,000 ",41600,Female," 2,00,000 "," 8,00,000 "," 6,00,000 ","2,00,000",1.666666667,No,West Bengal,East,Fashion & Lifestyle,4
Byounick,https://www.instagram.com/beyounick,beyounick,"1,21,493",Macro,4.88," 52,000 ",41600,Male," 2,00,000 "," 8,00,000 "," 3,50,000 ",150000,0.81338,No,Delhi NCR,North,Beauty,4
Debojyoti,https://www.instagram.com/sagarchoudhury_arts/,sagarchoudhury_arts,"1,21,302",Macro,3.74%," 2,35,600 ",188480,Male," 50,000 "," 2,00,000 "," 1,80,000 ",50000,,No,Assam,Northeast,Beauty,4
Ahsaas Channa,https://www.instagram.com/ahsaassy_/,ahsaassy_,"1,21,009",Macro,29.3," 52,000 ",41600,Male," 2,00,000 "," 9,00,000 "," 7,00,000 ","2,00,000",,No,Dehradun,North,Fashion & Lifestyle,4
Anushka Sen,https://www.instagram.com/anushkasen0408,anushkasen0408,"1,21,000",Macro,2.41%," 52,000 ",41600,Female," 4,50,000 "," 10,00,000 "," 9,00,000 ",450000,,No,Mumbai,West,Travel,4
Barkha Singh,https://www.instagram.com/barkhasingh0308,barkhasingh0308,"1,21,000",Macro,3.24," 52,000 ",41600,Female," 4,00,000 "," 10,00,000 "," 7,00,000 ",200000,,No,Chennai,South,Fashion & Lifestyle,4
Uorfi Javed,https://www.instagram.com/urf7i,urf7i,"1,21,000",Macro,2.64," 52,000 ",41600,Female," 2,00,000 "," 10,00,000 "," 6,00,000 ",200000,0.444444444,No,Delhi NCR,North,Beauty,4
Rishi raj,https://www.instagram.com/rishi.dancer.photographer/,rishi.dancer.photographer,"1,21,000",Macro,3.24%," 1,85,000 ",148000,Male," 50,000 "," 4,00,000 ",,,,No,Chennai,South,Fashion & Lifestyle,4
Rutuja Kulkarni,https://www.instagram.com/rutuja.coolkarni/,rutuja.coolkarni,"1,21,000",Macro,2.70%," 3,05,100 ",244080,Female,," 45,000 "," 30,000 ",10000,,No,Delhi NCR,North,Fashion & Lifestyle,4
Anushka Thapa,https://www.instagram.com/_anushkaa.t/,_anushkaa.t,"1,21,000",Macro,27.8," 65,000 ",52000,Female,," 20,000 "," 2,500 ",3000,,No,Mumbai,West,Beauty,4
Ankush Kumar Yadav,https://www.instagram.com/go_techy/,go_techy,"1,21,000",Macro,1.17," 1,76,110 ",140888,Male,," 5,000 "," 2,500 ","3,000",,No,Delhi NCR,North,Fashion & Lifestyle,4
Vir Das,https://www.instagram.com/virdas,virdas,"1,20,305",Macro,14.07%," 52,000 ",41600,Male," 5,00,000 "," 13,00,000 "," 5,00,000 ",100000,,No,Mumbai,West,Beauty,4
Allu Sneha Reddy,https://www.instagram.com/allusnehareddy/,allusnehareddy,"1,20,000",Macro,1.84," 52,000 ",41600,Female," 8,00,000 "," 14,00,000 "," 11,00,000 ",185000,,No,Himachal,North,Beauty,4
Nash,https://www.instagram.com/nashreels/,nashreels,"1,20,000",Macro,8.53," 14,00,000 ",1120000,Female,," 1,50,000 "," 60,000 ",90000,,No,Bangalore,South,Fashion & Lifestyle,4
Sunayana,https://www.instagram.com/sunayanaf/,sunayanaf,"1,20,000",Macro,2.42," 1,40,000 ",112000,Female,," 1,00,000 "," 40,000 ",60000,,No,Delhi NCR,North,Fashion & Lifestyle,4
Sweetie Jain,https://www.instagram.com/iamsweetieofficial/,iamsweetieofficial,"1,19,000",Macro,0.08%," 9,500 ",7600,Female," 30,000 "," 1,50,000 ",,,,No,Mumbai,West,Fashion & Lifestyle,4
Sagar Sheldekar Official,https://www.instagram.com/sagarsheldekar/,sagarsheldekar,"1,19,000",Macro,2.35," 62,100 ",49680,Male," 30,000 "," 55,000 "," 35,000 ",35000,0.638433709,No,Indore,Central,Fashion & Lifestyle,4
Priyanka Bharwani,https://www.instagram.com/priyanka_bharwani?utm_source=ig_web_button_share_sheet&igsh=ZDNlZDc0MzIxNw==,priyanka_bharwani,"1,19,000",Macro,0.18%," 13,400 ",10720,Female," 6,000 "," 50,000 "," 35,000 ",15000,,No,Mumbai,West,Beauty,4
CA Astha Vijjan,https://www.instagram.com/ca.asthavijjan/reels/?hl=en,ca.asthavijjan,"1,19,000",Macro,2.33," 81,500 ",65200,Female," 14,000 "," 35,000 ",,10500,,No,Delhi NCR,North,Finance,4
Susmita,https://www.instagram.com/susmita_127/,susmita_127,"1,18,000",Macro,1.20%," 81,500 ",65200,Female," 2,00,000 "," 1,20,000 ",,,,No,Pune,West,Finance,4
thekrupapatel,https://instagram.com/thekrupapatel/,thekrupapatel,"1,18,000",Macro,100.00%," 52,000 ","41,600",Female,," 20,000 "," 20,000 ",20000,,No,Mumbai,West,Beauty,4
Shipa Singh,https://www.instagram.com/gharaonda?utm_source=ig_web_button_share_sheet&igsh=ZDNlZDc0MzIxNw==,gharaonda,"1,17,000",Macro,2.00%," 10,000 ",8000,Female,," 1,00,000 "," 45,000 ","15,000",,No,Goa,West,Beauty,4
Rinhlui Hrahsel,https://www.instagram.com/rinhlu_hrahsel/,rinhlu_hrahsel,"1,17,000",Macro,6.33%," 40,000 ",34000,Female,," 25,000 ",,,0.75,No,Hyderabad,South,Fashion & Lifestyle,4
Saloni,https://www.instagram.com/_heresmyfood?igsh=MWdhMmMyamszNHRubQ==,_heresmyfood,"1,17,000",Macro,0.15," 9,900 ",7920,Female," 2,000 "," 12,000 "," 3,000 ","5,000",,Yes,Mumbai,West,Travel,4
Rishab Karanwal,https://www.instagram.com/rakazonegaming/,rakazonegaming,"1,17,000",Macro,5.59%," 95,200 ",76160,Male,," 10,000 ",,,1.666666667,No,Delhi NCR,North,Comedy,4
Gayathri Mohan,https://www.instagram.com/gayu_inkb/,gayu_inkb,"1,16,717",Macro,11.66," 84,000 ",67200,Female,," 3,00,000 "," 1,80,000 ",120000,,No,Bangalore,South,Comedy,4
Avani rai,https://www.instagram.com/avani.rai/,avani.rai,"1,16,000",Macro,3.01%," 32,800 ",26240,Female," 15,000 "," 75,000 "," 35,000 ",100000,0.669066667,No,Mumbai,West,Fashion & Lifestyle,4
Kresna,https://www.instagram.com/realkresnaa,realkresnaa,"1,15,000",Macro,5.20%," 55,000 ",46750,Male,," 5,50,000 "," 3,30,000 ",220000,0.545454546,No,Delhi NCR,North,Comedy,4
Abhishek Tiwari,https://www.instagram.com/abhishek_tiwari20/,abhishek_tiwari20,"1,15,000",Macro,8.48%," 75,000 ","60,000",Male," 14,000 "," 35,000 "," 7,000 ",10500,,No,Chhattisgarh,Central,Finance,4
Aditi dash,https://www.instagram.com/aditidashofficial/,aditidashofficial,"1,15,000",Macro,21," 75,000 ",60000,Female,," 30,000 ",,,,No,Odisha,East,Fashion & Lifestyle,4
Rughveda Wagh,https://www.instagram.com/rugvedawagh?igsh=MXVzeG8wMTFtdXg4Yg%3D%3D&utm_source=qr,rugvedawagh,"1,15,000",Macro,3.69," 42,000 ",33600,Female,," 30,000 "," 20,000 ",10000,,No,Mumbai,West,Fashion & Lifestyle,4
Roopamm Lakhanpal,https://www.instagram.com/roopamm_lakhanpal?igsh=cmtpbXRxZGxucWx3,roopamm_lakhanpal,"1,15,000",Macro,2.77%," 8,500 ",6800,Female," 4,800 "," 20,000 "," 10,000 ",10000,,No,Bangalore,South,Fashion & Lifestyle,4
Rajani Dhar,https://www.instagram.com/bontuwithbows/,bontuwithbows,"1,14,187",Macro,53.3," 70,400 ",56320,Female," 24,000 "," 60,000 ",,18000,0.181818182,No,Mumbai,West,Business & Marketing,4
Kundan,https://www.instagram.com/kundan_kd_23/,kundan_kd_23,"1,14,000",Macro,2.14%," 8,85,720 ",708576,Male,," 2,00,000 "," 1,20,000 ",80000,,Yes,Mumbai,West,Entertainment,4
Ritika,https://www.instagram.com/ritika24rai/,ritika24rai,"1,14,000",Macro,7.84%," 70,400 ",56320,Female,," 25,000 "," 7,000 ","5,000",,No,Assam,Northeast,Fashion & Lifestyle,4
Rudra Jaisara,https://www.instagram.com/jaisara_finance?igsh=NzVkdzVpcXpyY3Zz,jaisara_finance,"1,13,000",Macro,10," 69,873 ",55898,Male," 11,200 "," 28,000 ",,8400,,No,Delhi NCR,North,Finance,4
Rhea Khanna,https://www.instagram.com/dr.rheee/,dr.rheee,"1,13,000",Macro,5.67%," 44,500 ",35600,Female,," 21,000 "," 15,000 ",4200,,No,Mumbai,West,Fashion & Lifestyle,4
Malika Chopra,https://instagram.com/malachopra81,malachopra81,"1,12,196",Macro,5.32%," 89,757 ",71806,Male," 5,000 "," 20,000 ",,,,No,West Bengal,East,Fashion & Lifestyle,4
Mohit Bisht and Hemalika,https://www.instagram.com/brownwanderers/,brownwanderers,"1,12,000",Macro,8.63," 42,000 ",33600,Male," 15,000 "," 85,000 "," 22,000 ",10000,0.75,No,Delhi NCR,North,Beauty,4
Hamjakma,https://www.instagram.com/hamjakmareangmusic/,hamjakmareangmusic,"1,12,000",Macro,12," 66,500 ",53200,Female," 3,000 "," 35,000 ",,,,No,Delhi NCR,North,Fashion & Lifestyle,4
Divitya Dalwni,https://www.instagram.com/divitya_dalwani?igsh=NXpnMjI0bHkxc2xq,divitya_dalwani,"1,12,000",Macro,2.02," 1,09,400 ",87520,Female," 10,000 "," 20,000 "," 3,000 ",10000,,No,Mumbai,West,Fashion & Lifestyle,4
Priyanka,https://www.instagram.com/alex_thegoldendog/,alex_thegoldendog,"1,11,000",Macro,1.97%," 1,00,000 ",80000,Female,," 2,75,000 ",,,,No,Delhi NCR,North,Beauty,4
Bhavya Vighnesh,https://www.instagram.com/soulgirl_official/,soulgirl_official,"1,11,000",Macro,1.02%," 61,050 ",48840,Male,," 55,000 "," 2,000 ",40000,,No,Bangalore,South,Fashion & Lifestyle,4
Tanurima Hazra,https://www.instagram.com/tanurimahazra/,tanurimahazra,"1,11,000",Macro,0.22," 61,050 ",48840,Female,," 45,000 "," 7,000 ","5,000",,No,West Bengal,East,Beauty,4
Ali Roshan,https://www.instagram.com/ali_rockzzz._,ali_rockzzz._,"1,11,000",Macro,5.18," 1,03,684 ",82947,Male," 50,000 "," 40,000 "," 30,000 ",50000,0.482234482,No,Trivandrum,South,Fashion & Lifestyle,4
Kalyani Rajput,https://www.instagram.com/rajputkalyanidr/,rajputkalyanidr,"1,11,000",Macro,0.95%," 50,000 ",40000,Female,," 35,000 "," 10,000 ",15000,,No,Mumbai,West,Beauty,4
pooja parihar,https://www.instagram.com/zeenu17_/,zeenu17_,"1,11,000",Macro,1.52%," 1,13,700 ",90960,Female," 3,000 "," 30,000 "," 15,000 ",5000,,No,Bihar,East,Beauty,4
Nilakshee Sarma,https://www.instagram.com/nilaksheesarma?igsh=MWV4MWU5Z2FmZm9paQ%3D%3D&utm_source=qr,nilaksheesarma,"1,11,000",Macro,0.44%," 23,700 ",18960,Female,," 25,000 "," 15,000 ",5000,0.666666667,No,Mumbai,West,Beauty,4
Lyra Vlogs,https://www.instagram.com/lyra_vlogs?igsh=MWVmaXFwZ2s0d3J4dg==,lyra_vlogs,"1,11,000",Macro,2.33%," 61,050 ",48840,Female,," 7,000 "," 8,000 ",10000,,No,Bangalore,South,Food,4
Shrine Tania,https://www.instagram.com/shrinetania/,shrinetania,"1,10,463",Macro,2.19%," 62,100 ",49680,Female,," 35,000 ",,,0.444444444,No,Pune,West,Beauty,4
Prakriti Pavani,https://www.instagram.com/prakritipavani/,prakritipavani,"1,10,000",Macro,2.30%," 2,03,900 ",163120,Female,," 4,00,000 "," 1,60,000 ",240000,,No,Mumbai,West,Fashion & Lifestyle,4
Shiny Doshi,https://www.instagram.com/shinydoshi15/,shinydoshi15,"1,10,000",Macro,2.13," 1,97,100 ",157680,Female," 8,000 "," 3,00,000 "," 1,20,000 ",180000,,No,Mumbai,West,Beauty,4
Shibasish Saha,https://www.instagram.com/shibasishsaha.official/,shibasishsaha.official,"1,10,000",Macro,1.60%, 15 ,12,Male,," 25,000 ",,,,No,Delhi NCR,North,Beauty,4
Ayush Jain,https://www.instagram.com/letsbrandbharat?utm_source=ig_web_button_share_sheet&igsh=ZDNlZDc0MzIxNw==,letsbrandbharat,"1,10,000",Macro,3.5," 63,550 ",50840,Male," 8,000 "," 20,000 ",,6000,,No,Mumbai,West,Business & Marketing,4
Parishmita,https://www.instagram.com/parishmita_sharma_/,parishmita_sharma_,"1,10,000",Macro,2.29," 63,550 ",50840,Female,," 15,000 "," 10,000 ",7000,,No,Assam,Northeast,Fashion & Lifestyle,4
Granthika Sharma,https://www.instagram.com/granthika.sharma?igsh=bzhjdjlhZ2VpMDE3&utm_source=qr,granthika.sharma,"1,09,211",Macro,6.23," 52,000 ",44200,Female,," 5,00,000 "," 3,00,000 ","2,00,000",0.576923077,No,Mumbai,West,Comedy,4
Tharun Speaks,https://www.instagram.com/tharunnaik.0/,tharunnaik.0,"1,09,000",Macro,1.20%," 3,50,000 ",280000,Male," 60,000 "," 2,00,000 ",,40000,,No,Mumbai,West,Fashion & Lifestyle,4
Rishabh Rai,https://www.instagram.com/rrishabhraii/?hl=en,rrishabhraii,"1,09,000",Macro,1.16," 13,080 ",10464,Male,," 2,00,000 "," 1,20,000 ",80000,,No,Delhi NCR,North,Comedy,4
Libeni Ezung,https://www.instagram.com/libe_ezung/,libe_ezung,"1,09,000",Macro,11.25%," 60,000 ",48000,Female,," 45,000 ",,,,No,Nagaland,Northeast,Fashion & Lifestyle,4
Khushi singh official,https://www.instagram.com/financewithsonal_/profilecard/?igsh=cW92MjJ0aTlzYWli,financewithsonal_,"1,09,000",Macro,2.1," 60,000 ",48000,Female," 10,000 "," 25,000 "," 7,500 ",7500,,No,Delhi NCR,North,Finance,4
Suruchi,https://www.instagram.com/blissful.living12?utm_source=ig_web_button_share_sheet&igsh=ZDNlZDc0MzIxNw==,blissful.living12,"1,09,000",Macro,2.39%," 30,900 ",24720,Female,," 15,000 "," 10,000 ",0,,No,Delhi NCR,North,Beauty,4
Jyoti thakur,https://instagram.com/thakur_jyotii?igshid=1byw1gfyrvyk7,thakur_jyotii,"1,09,000",Macro,4.50%," 7,600 ",6080,Male," 50,000 "," 10,000 "," 5,000 ",5000,0.053970269,No,Bangalore,South,Fashion & Lifestyle,4
Amita Singh,https://www.instagram.com/amitasinghh/,amitasinghh,"1,08,000",Macro,14.05," 1,34,200 ",107360,Female,," 2,00,000 "," 80,000 ","50,000",,No,Mumbai,West,Gaming,4
Sarah,https://www.instagram.com/sarahbabu__?igsh=MThxMm13cXVmbGpkMg==,sarahbabu__,"1,08,000",Macro,10.60%," 1,01,000 ",80800,Female,," 1,00,000 "," 70,000 ",25000,,No,Kochi,South,Beauty,4
Mannat Pathania,https://www.instagram.com/ma.nna.t?igsh=bWdlZXVsdm41a2Zh,ma.nna.t,"1,08,000",Macro,4.38%," 55,000 ",44000,Male," 15,000 "," 1,00,000 "," 1,00,000 ","40,000",0.30224264,No,Delhi NCR,North,Beauty,4
Bidushi Sukanya,https://www.instagram.com/bidushi_sukanya/,bidushi_sukanya,"1,08,000",Macro,6.7," 55,000 ",44000,Female," 10,000 "," 20,000 ",,7500,,No,Assam,Northeast,Fashion & Lifestyle,4
yajatdhingraa,https://www.instagram.com/yajatdhingraa/,yajatdhingraa,"1,07,000",Macro,2," 55,000 ",44000,Male,," 1,50,000 "," 80,000 ",40000,,No,Mumbai,West,Entertainment,4
Karan Singha,https://www.instagram.com/karan_yendrembam/,karan_yendrembam,"1,07,000",Macro,2.11," 55,000 ",44000,Male,," 55,000 ",,,,No,Delhi NCR,North,Comedy,4
Sandra Robinson,https://www.instagram.com/sandraarobinson/,sandraarobinson,"1,07,000",Macro,2.39%," 55,000 ",44000,Female," 16,000 "," 40,000 ",,12000,,No,Lucknow,North,Business & Marketing,4
Ritika betala,https://www.instagram.com/foodiesofindia?igsh=dm54dHM1dW9naWRl,foodiesofindia,"1,07,000",Macro,0.37%," 1,20,300 ",96240,Female," 5,000 "," 30,000 "," 10,000 ",20000,0.112359551,No,Hyderabad,South,Travel,4
Home Decor Ideas,https://www.instagram.com/Home decor Ideas/,home decor ideas,"1,06,000",Macro,2.12%," 24,100 ",19280,Male," 2,50,000 "," 2,00,000 ",,,,No,Bihar,East,Education,4
Aradhna Sharma,https://www.instagram.com/aradhnaofficial?igsh=azAyZWZyYzZjbnFo,aradhnaofficial,"1,06,000",Macro,0.53," 57,062 ",45650,Female,," 1,50,000 ",,,,No,Delhi NCR,North,Beauty,4
Aarti Vaibhaarti,https://www.instagram.com/vaibhaarti/,vaibhaarti,"1,06,000",Macro,8.16," 1,00,000 ",80000,Male," 30,000 "," 75,000 ",,,,No,West Bengal,East,Comedy,4
Aishelia,https://www.instagram.com/aisheliia/,aisheliia,"1,06,000",Macro,8.00%," 57,062 ",45650,Female,," 20,000 ",,,,No,Manipur,Northeast,Fashion & Lifestyle,4
Dhwani Bhatt,https://www.instagram.com/dhwaniibhatt/,dhwaniibhatt,"1,05,424",Macro,9.6," 59,125 ",47300,Female," 15,000 "," 2,00,000 "," 1,20,000 ","80,000",0.724933333,No,Mumbai,West,Comedy,4
Mahak,https://www.instagram.com/mahaksharmaa_,mahaksharmaa_,"1,05,000",Macro,1.46," 69,346 ",55477,Female,," 2,00,000 "," 1,20,000 ","80,000",,No,Mumbai,West,Comedy,4
himika_bose,https://www.instagram.com/himika_bose/,himika_bose,"1,05,000",Macro,1.00%," 59,562 ",47650,Female,," 1,20,000 "," 75,000 ","30,000",,No,Mumbai,West,Fashion & Lifestyle,4
Khushboo Bhola,https://www.instagram.com/khushboobhola0610/,khushboobhola0610,"1,05,000",Macro,4.65%," 49,714 ",39771,Female," 50,000 "," 90,000 "," 30,000 ",35000,1.005752907,No,Delhi NCR,North,Beauty,4
Vansh Gandhi,https://www.instagram.com/vanshgandhii,vanshgandhii,"1,05,000",Macro,9.33%," 3,20,000 ","2,56,000",Male," 10,000 "," 70,000 ",,,,No,Delhi NCR,North,Entertainment,4
zoi,https://www.instagram.com/zoishms/,zoishms,"1,05,000",Macro,0.49%," 59,562 ",47650,Female,," 65,000 "," 45,000 ",60000,,No,Delhi NCR,North,Fashion & Lifestyle,4
Swarali Kulkarni,https://www.instagram.com/mumbaifoodjunkie?igsh=MTkzNGZ0MHdkbnM1cQ==,mumbaifoodjunkie,"1,05,000",Macro,0.42%," 16,300 ",13040,Female," 12,000 "," 28,000 "," 20,000 ","10,000",,No,West Bengal,East,Travel,4
Mayuri Kalita,https://www.instagram.com/kalita.mayuri/,kalita.mayuri,"1,05,000",Macro,0.25%," 59,562 ",47650,Female,," 25,000 "," 5,000 ",,,No,Assam,Northeast,Fashion & Lifestyle,4
Aarushi Abrol,https://www.instagram.com/aarushi.abrol?igsh=MTVveWR1d25jMXY4Mw==,aarushi.abrol,"1,05,000",Macro,29.50%," 59,562 ",47650,Female,," 16,000 "," 15,000 ",,,No,Delhi NCR,North,Travel,4
Ruchi Mehta,https://www.instagram.com/ruchiimehta_?igsh=MXgydm9hNmJuNXFyOQ==,ruchiimehta_,"1,05,000",Macro,0.19," 15,500 ",12400,Female,," 15,000 ",,,,No,Delhi NCR,North,Beauty,4
Amna,https://www.instagram.com/theglitterwings,theglitterwings,"1,05,000",Macro,2.32%," 16,700 ",13360,Female,," 10,000 "," 5,000 ",5000,,No,Mumbai,West,Beauty,4
Aseno Ayemi,https://www.instagram.com/aseno_vili_ayemi/,aseno_vili_ayemi,"1,04,632",Macro,1," 59,125 ",47300,Female,," 65,000 ",,,,No,Mumbai,West,Comedy,4
Neha Gupta,https://www.instagram.com/drnehagupta17,drnehagupta17,"1,03,870",Macro,3.62%," 1,50,000 ",120000,Female," 50,000 "," 1,00,000 ",,,0.333333333,No,Delhi NCR,North,Beauty,4
Chirag Karekar,https://www.instagram.com/chiragkarekar_?,chiragkarekar_,"1,03,000",Macro,5.20%," 60,000 ",48000,Male," 40,000 "," 1,50,000 ",,,,No,Mumbai,West,Beauty,4
Ananya,https://www.instagram.com/ananyastouchofhealth,ananyastouchofhealth,"1,03,000",Macro,4.35%," 55,000 ",30000,Female," 50,000 "," 1,00,000 "," 25,000 ",10000,0.909090909,No,Chennai,South,Fashion & Lifestyle,4
Sajad Ahmad Wani,https://www.instagram.com/rocky__kashmir/,rocky__kashmir,"1,03,000",Macro,1.20%," 8,200 ",6560,Male,," 1,00,000 "," 60,000 ","40,000",,No,J & K,North,Comedy,4
Shreya Subba,https://www.instagram.com/shreya.subba_10/,shreya.subba_10,"1,03,000",Macro,2.56," 59,562 ",47650,Female," 3,000 "," 25,000 ",,,,No,West Bengal,East,Beauty,4
Samarine Wankhar,https://www.instagram.com/samarine_wankhar_sohtun/,samarine_wankhar_sohtun,"1,03,000",Macro,1.8," 59,562 ",47650,Female,," 20,000 "," 5,000 ",2000,,No,Meghalaya,Northeast,Fashion & Lifestyle,4
Things to explore in Mumbai,https://www.instagram.com/things2exploreinmumbai?igsh=MXUwZzNqZm1mbDBzdg%3D%3D,things2exploreinmumbai,"1,03,000",Macro,1.37," 52,000 ",41600,Female,," 18,000 "," 8,000 ",,,No,Mumbai,West,Travel,4
shalu sharma,https://www.instagram.com/sweelife_shalu?igsh=MzVkd2l0ajQ1ZmY0,sweelife_shalu,"1,03,000",Macro,9.64," 71,800 ",57440,Female," 15,000 "," 8,000 "," 4,000 ",3000,,No,Bangalore,South,Fashion & Lifestyle,4
Miloni Jhonsa,https://www.instagram.com/milonijhonsa/,milonijhonsa,"1,02,743",Macro,1.2," 59,000 ",47200,Female,," 35,000 "," 25,000 ",15000,,No,Mumbai,West,Beauty,4
Rupa Deb,https://www.instagram.com/rupadebs?igsh=cjEwdnRhYTBwNWV6,rupadebs,"1,02,000",Macro,1.17%," 96,900 ",77520,Female,," 55,000 "," 25,000 ",10000,,No,Bangalore,South,Beauty,4
Dhaval,https://www.instagram.com/staywowdiaries?igsh=anBjZ2dhMXN4djRv,staywowdiaries,"1,02,000",Macro,5.06%," 79,500 ",63600,Male,," 45,000 "," 25,000 ",15000,,No,Mumbai,West,Fashion & Lifestyle,4
Sweta Dadich,https://www.instagram.com/rooprashmi0807?igsh=MTg1Nmd1M3hiano1Nw==,rooprashmi0807,"1,02,000",Macro,0.09," 18,721 ",14977,Female," 3,000 "," 9,000 ",,,,No,Delhi NCR,North,Fashion & Lifestyle,4
Dimple,https://instagram.com/dimplemangal?igshid=YmMyMTA2M2Y=,dimplemangal,"1,01,819",Macro,3.69%," 6,500 ",5200,Female,," 32,000 "," 15,000 ",5000,,No,West Bengal,East,Fitness,4
Shivangi & Arjun,https://www.instagram.com/shivangiandarjun/,shivangiandarjun,"1,01,128",Macro,11.98%," 55,000 ",44000,Male,," 30,000 "," 25,000 ",10000,,No,Mumbai,West,Fashion & Lifestyle,4
Aayushi,https://www.instagram.com/aayushii_sharmaa_/,aayushii_sharmaa_,"1,01,000",Macro,2.56%," 30,000 ",25500,Female,," 1,20,000 "," 72,000 ",48000,0.545454546,No,Delhi NCR,North,Comedy,4
Motoxtrends by amarinder,https://www.instagram.com/amarinder_virdi/,amarinder_virdi,"1,01,000",Macro,2.17%," 22,100 ",17680,Male,," 70,000 "," 42,000 ",28000,,No,Delhi NCR,North,Comedy,4
Aishwarya,https://www.instagram.com/sassyaish?igsh=MTR0NHkxOXdleTN3YQ==,sassyaish,"1,01,000",Macro,0.55," 6,400 ",5120,Female,," 18,000 "," 15,000 ",20000,1.666666667,No,Mumbai,West,Fashion & Lifestyle,4
Kumar,https://www.instagram.com/kumarschronicles/,kumarschronicles,"1,01,000",Macro,6.7," 3,00,000 ",255000,Male," 15,000 "," 15,000 "," 10,000 ",5000,0.545454546,No,Chennai,South,Fashion & Lifestyle,4
Snehal Uttekar,https://www.instagram.com/snehal_a_uttekar?igsh=MWhpaG02MmZodGFwZQ%3D%3D&utm_source=qr,snehal_a_uttekar,"1,01,000",Macro,0.15," 17,700 ",14160,Female," 3,000 "," 10,000 "," 6,000 ",2000,,No,Indore,Central,Fashion & Lifestyle,4
Juhi Godambe,https://www.instagram.com/juhigodambe,juhigodambe,"1,00,000",Macro,1.51," 70,000 ",56000,Female," 85,000 "," 4,75,000 "," 3,50,000 ","75,000",0.25,No,Delhi NCR,North,Fashion & Lifestyle,4
Rajvee Gandhi,https://www.instagram.com/rxjvee/?hl=en,rxjvee,"1,00,000",Macro,4.02," 4,76,900 ",381520,Female," 1,00,000 "," 2,50,000 "," 2,75,000 ","50,000",,No,Delhi NCR,North,Beauty,4
Ria Amin,https://www.instagram.com/theriaamin/,theriaamin,"1,00,000",Macro,1.46%," 5,95,800 ",476640,Female,," 2,00,000 "," 80,000 ","1,20,000",0.2,No,Chandigarh,North,Beauty,4
Tanya Rawat,https://www.instagram.com/Tanya__Rawat/,tanya__rawat,"1,00,000",Macro,5.68%," 40,000 ",32000,Female,," 1,70,000 "," 1,02,000 ",68000,,No,Delhi NCR,North,Comedy,4
Kratika Gupta,https://www.instagram.com/@kratika.gupta.12,kratika.gupta.12,"1,00,000",Macro,2.38%," 92,000 ",78200,Male,," 1,05,000 ",,,0.326086957,No,Dehradun,North,Comedy,4
Muskan,https://www.instagram.com/muskanonair/,muskanonair,"1,00,000",Macro,0.94%," 1,95,000 ",156000,Female,," 50,000 "," 10,000 ",25000,,No,Delhi NCR,North,Fashion & Lifestyle,4
Be curious,https://instagram.com/be._.curious_?igshid=YmMyMTA2M2Y=,be._.curious_,"1,00,000",Macro,1.3," 54,982 ",43986,Female," 8,000 "," 20,000 "," 10,000 ",6000,,No,Lucknow,North,Finance,4
Anjusha Bhattacharyya,https://www.instagram.com/anjushabhattacharyya/,anjushabhattacharyya,"1,00,000",Macro,1.50%," 52,400 ",41920,Female," 6,000 "," 20,000 "," 10,000 ",6000,,No,J & K,North,Beauty,4
Himani Jain,https://www.instagram.com/himanistyleunplug?igsh=YmpmbTM5cjh0YzBq,himanistyleunplug,"1,00,000",Macro,1.94%," 1,00,900 ",80720,Female,," 12,000 "," 5,000 ",2000,,No,Bangalore,South,Beauty,4
Yoden,https://www.instagram.com/yoden_sangchoju/,yoden_sangchoju,"1,00,000",Macro,2.9," 54,982 ",43986,Female,," 10,000 ",,,0.153846154,No,Mumbai,West,Fashion & Lifestyle,4
Dipti Prakash,https://www.instagram.com/itsdeepyg?igsh=dmpnZGx1b3RicGVh,itsdeepyg,"1,00,000",Macro,0.01%," 37,000 ",29600,Female," 8,000 "," 5,000 "," 2,000 ",1500,,No,Mumbai,West,Beauty,4
Shraddha Mojidra,https://www.instagram.com/travelmomdiariess,travelmomdiariess,"99,900",Micro,1.6," 14,000 ",11200,Female,," 1,00,000 "," 60,000 ","30,000",,No,Mumbai,West,Beauty,3
Pranav_SP,https://www.instagram.com/pranav_sp/,pranav_sp,"99,900",Micro,2.4," 25,000 ",20000,Female," 5,000 "," 15,000 ",,,,No,Ahmedabad,West,Fashion & Lifestyle,3
Zorawar Ahluwalia,https://www.instagram.com/zorawarahluwalia/,zorawarahluwalia,"99,862",Micro,13.56%," 52,400 ",41920,Male," 24,000 "," 60,000 ",,18000,,No,Delhi NCR,North,Finance,3
Saranga Deka,https://www.instagram.com/txsarang?utm_source=ig_web_button_share_sheet&igsh=ZDNlZDc0MzIxNw==,txsarang,"99,700",Micro,36.56%," 4,42,400 ",353920,Female,," 25,000 "," 3,500 ",3500,,No,Bangalore,South,Beauty,3
Sanchi Jain,https://www.instagram.com/sanchijain._/,sanchijain._,"99,600",Micro,3.46," 59,125 ",47300,Female," 4,000 "," 20,000 "," 5,000 ",3000,,No,Delhi NCR,North,Food,3
Varsha,https://www.instagram.com/varshamall/,varshamall,"99,000",Micro,1.31," 82,900 ",66320,Female,," 55,000 ",,7000,,Yes,West Bengal,East,Beauty,3
Harsha,https://www.instagram.com/harsha.happiness/,harsha.happiness,"98,900",Micro,1," 5,600 ",4480,Male,," 40,000 "," 15,000 ","5,000",,No,Bangalore,South,Fashion & Lifestyle,3
_yogittaa,https://www.instagram.com/_yogittaa,_yogittaa,"98,376",Micro,1.21," 54,991 ",43993,Female," 10,000 "," 30,000 "," 7,000 ",5000,,No,Mumbai,West,Food,3
rjvidit,https://www.instagram.com/rjvidit/,rjvidit,"98,000",Micro,1.77," 52,400 ",41920,Male,," 80,000 "," 45,000 ","20,000",,No,Delhi NCR,North,Entertainment,3
Heena Dhedhi,https://www.instagram.com/heenadhedhi?igsh=MXM2d3Excm9yODJoNQ%3D%3D,heenadhedhi,"98,000",Micro,1.67%," 13,400 ",10720,Female,," 25,000 "," 15,000 ",5000,,No,Delhi NCR,North,Fashion & Lifestyle,3
Pulkit Kochar,https://www.instagram.com/pulkitkochar/,pulkitkochar,"97,809",Micro,9.30%," 12,000 ",9600,Male,," 1,50,000 "," 90,000 ",60000,,No,Mumbai,West,Fashion & Lifestyle,3
Ekta Mohnani,https://www.instagram.com/ektamohananikamra/reels/,ektamohananikamra,"97,800",Micro,1.80%," 36,200 ",28960,Male," 15,000 "," 48,500 "," 25,000 ","10,500",0.6,No,Mumbai,West,Fashion & Lifestyle,3
Richa Pradhan,https://www.instagram.com/richapradhan01?igsh=MXgzZ2phd28zZWo5NQ%3D%3D,richapradhan01,"97,800",Micro,0.58," 3,700 ",2960,Female," 5,000 "," 30,000 "," 10,000 ",20000,,No,Chandigarh,North,Beauty,3
Sarthak Academy,https://www.instagram.com/sarthak_academyy/,sarthak_academyy,"97,400",Micro,2.03," 52,200 ",41760,Male," 10,000 "," 25,000 "," 3,000 ",7500,,No,Delhi NCR,North,Finance,3
DivyaJyoti Singh,https://www.instagram.com/dr.garbyal/,dr.garbyal,"97,200",Micro,2.55," 1,44,500 ",115600,Female," 6,000 "," 6,000 "," 4,500 ","2,000",,No,Delhi NCR,North,Beauty,3
Devyani Jadia,https://www.instagram.com/pans_and_platters/,pans_and_platters,"97,144",Micro,0.43," 52,000 ",41600,Female," 25,000 "," 1,40,000 ",,,,No,Mumbai,West,Comedy,3
Siddharth Bhawsar,https://www.instagram.com/thesept_boy?igsh=MWxhcWszdGxrOG05cA%3D%3D,thesept_boy,"96,700",Micro,2.82%," 52,200 ",41760,Male,," 1,50,000 "," 90,000 ",60000,,No,Indore,Central,Comedy,3
Ankit,https://instagram.com/akmffitt,akmffitt,"96,062",Micro,5.48%," 1,00,733 ",80586,Male," 50,000 "," 1,50,000 "," 45,000 ",10000,0.496361669,No,Delhi NCR,North,Entertainment,3
Nandani,https://www.instagram.com/nutritionbynandini,nutritionbynandini,"95,400",Micro,4.72%," 4,26,867 ",341494,Female," 50,000 "," 40,000 "," 30,000 ",35000,0.117132503,No,Jaipur,West,Fashion & Lifestyle,3
annie_hazarika,https://www.instagram.com/annie_hazarika/,annie_hazarika,"95,000",Micro,8.52%," 54,982 ",43986,Male,," 75,000 "," 45,000 ",30000,,No,Delhi NCR,North,Comedy,3
Diya Lulla,https://www.instagram.com/diyalulla8?igsh=M2JjaDV4MGZsbzJl,diyalulla8,"95,000",Micro,1.27," 14,400 ",11520,Female,," 55,000 "," 40,000 ",15000,,No,Mumbai,West,Fashion & Lifestyle,3
Sumit Mishra,https://www.instagram.com/sumit_so_wit/,sumit_so_wit,"94,900",Micro,3.62," 1,94,430 ",155544,Female," 15,000 "," 2,75,000 "," 1,90,000 ",100000,0.652713111,No,Bhopal,Central,Beauty,3
anjali_archives,https://www.instagram.com/anjali_archives,anjali_archives,"94,639",Micro,28.88%," 55,000 ",44000,Male,," 25,000 "," 7,000 ","5,000",,No,Meghalaya,Northeast,Fashion & Lifestyle,3
Avantika Sarmal,https://www.instagram.com/avantika_sarmal/,avantika_sarmal,"94,500",Micro,8.26%," 1,50,000 ",120000,Male," 15,000 "," 69,000 "," 27,000 ",9000,0.833333333,No,J & K,North,Fashion & Lifestyle,3
Cric Toons,https://www.instagram.com/crictoons/,crictoons,"94,335",Micro,15.9," 55,000 ",44000,Male," 8,000 "," 30,000 ",,,,No,Mumbai,West,Fashion & Lifestyle,3
Harsh Gandhi,https://www.instagram.com/harshhgandhii/,harshhgandhii,"93,801",Micro,2.63," 55,000 ",44000,Male," 20,000 "," 50,000 ",,"15,000",,No,Mumbai,West,Business & Marketing,3
Jaina Shah Doshi,https://www.instagram.com/jainashah_?igsh%3DMXVoeXhnN3FuN29obQ%3D%3D&sa=D&source=calendar&ust=1720602766034571&usg=AOvVaw2MlcDXfWApftQMzMI9pfHc,jainashah_,"93,600",Micro,5.37," 54,300 ",43440,Male,," 1,50,000 "," 90,000 ",60000,,No,Mumbai,West,Comedy,3
Arfath naseer,https://www.instagram.com/arfathnaseerfilms/,arfathnaseerfilms,"93,600",Micro,1.46%," 6,000 ",4800,Male,," 64,000 "," 30,000 ",10000,,No,Mumbai,West,Fashion & Lifestyle,3
Riddhi,https://www.instagram.com/getfitwithrid?igsh=bjZkMXB1N3Fpc2o4,getfitwithrid,"93,500",Micro,2.48," 54,300 ",43440,Female,," 70,000 ",,,,No,Jaipur,West,Beauty,3
Kanchi Sharma,https://www.instagram.com/kanchi.sharma/?hl=en,kanchi.sharma,"93,500",Micro,7.74," 1,46,100 ",116880,Female," 15,000 "," 45,000 "," 9,500 ",0,0.945933333,No,Mumbai,West,Fashion & Lifestyle,3
Vinay Manglani,https://www.instagram.com/vmfit24,vmfit24,"93,100",Micro,4.22," 6,94,008 ",555206,Male," 50,000 "," 1,50,000 "," 90,000 ",60000,0.072045279,No,Mumbai,West,Comedy,3
Supriya,https://www.instagram.com/supriya.nutritionist,supriya.nutritionist,"92,800",Micro,5.26," 27,000 ",21600,Female,," 15,000 "," 2,000 ","2,000",,No,Mumbai,West,Beauty,3
surbhi_chawan_,https://www.instagram.com/surbhi_chawan_,surbhi_chawan_,"92,300",Micro,3.20%," 25,000 ",20000,Male,," 75,000 "," 30,000 ",10000,,No,Mumbai,West,Fashion & Lifestyle,3
Shreya Sanghvi,https://www.instagram.com/theunoplate/,theunoplate,"92,300",Micro,1.93," 63,800 ",51040,Female," 15,000 "," 70,000 "," 15,000 ","30,000",,No,Mumbai,West,Food,3
Rinkal Parekh,https://www.instagram.com/riinkal/,riinkal,"92,026",Micro,1.28%," 53,350 ",42680,Female," 3,000 "," 15,000 "," 15,000 ","7,000",,No,Delhi NCR,North,Comedy,3
Rumi Murasing,https://www.instagram.com/rumimurasing/,rumimurasing,"92,000",Micro,0.85," 53,350 ",42680,Female,," 18,000 "," 5,000 ",3500,,No,Delhi NCR,North,Fashion & Lifestyle,3
Akanksha Thakur,https://www.instagram.com/akankshout/,akankshout,"91,906",Micro,3.84%," 53,350 ",42680,Female," 16,000 "," 40,000 ",,12000,,No,Mumbai,West,Finance,3
Krish Saini,https://www.instagram.com/krishhh/,krishhh,"91,400",Micro,0.22," 97,690 ",78152,Female,," 15,000 "," 7,000 ",5000,,No,Delhi NCR,North,Fashion & Lifestyle,3
Sai Borgave,https://www.instagram.com/saili_borgave?igsh=MWFlcG55MWNpeTdz,saili_borgave,"91,200",Micro,1.06," 54,300 ",43440,Female,," 5,000 "," 3,000 ",2000,,No,Mumbai,West,Fashion & Lifestyle,3
Charvi Sharma,https://www.instagram.com/charvisharmaaaaa/,charvisharmaaaaa,"91,100",Micro,1.89," 50,000 ",40000,Male,," 55,000 "," 35,000 ",12000,,No,Delhi NCR,North,Fashion & Lifestyle,3
Saniya Mirwani,https://www.instagram.com/saniyamirwani/,saniyamirwani,"91,000",Micro,9.44," 10,920 ",8736,Female,," 1,00,000 "," 60,000 ",40000,,No,Kerala,South,Comedy,3
Deepak,https://www.instagram.com/vashisthfitness,vashisthfitness,"90,700",Micro,5.18%," 6,29,122 ",503298,Male," 50,000 "," 85,000 "," 55,000 ",20000,0.079475841,No,Delhi NCR,North,Entertainment,3
Afreen Ishrat,https://www.instagram.com/mermaidista_,mermaidista_,"90,700",Micro,0.81," 51,838 ",41470,Female,," 30,000 ",,,,No,West Bengal,East,Beauty,3
Geetika Bajaj,https://www.instagram.com/geetikabajaj_nutritionist_,geetikabajaj_nutritionist_,"90,000",Micro,2.09," 20,000 ",15000,Female," 50,000 "," 1,70,000 "," 1,02,000 ",68000,1.25,No,Mumbai,West,Comedy,3
Himanshu,https://instagram.com/vipin_rathore_fitness,vipin_rathore_fitness,"89,946",Micro,5.78%," 51,677 ",41342,Male," 47,500 "," 12,000 "," 8,000 ","15,000",0.919171005,No,Delhi NCR,North,Beauty,3
Greeshma,https://www.instagram.com/greeshma_pillai01,greeshma_pillai01,"89,900",Micro,6.38," 22,000 ",18700,Female,," 15,000 "," 15,000 ",15000,1.363636364,No,Mumbai,West,Beauty,3
Nishkarsh,https://www.instagram.com/nishletics/,nishletics,"89,100",Micro,5.41," 50,945 ",40756,Male," 47,500 "," 35,000 ",,,0.932378055,No,Delhi NCR,North,Beauty,3
Isheeta Yadav,https://www.instagram.com/isheeta_yadav/,isheeta_yadav,"89,000",Micro,1.3," 54,300 ",43440,Female,," 2,20,000 "," 1,32,000 ",88000,,No,Delhi NCR,North,Comedy,3
Chhanchhani Marilyn,https://www.instagram.com/marilyn_chhanchhani/,marilyn_chhanchhani,"89,000",Micro,7.15%," 54,300 ",43440,Female,," 30,000 ",,,,No,Mumbai,West,Beauty,3
Bhumika Jaishi,https://www.instagram.com/_suzane.jaishi_/,_suzane.jaishi_,"89,000",Micro,20.4," 54,300 ",43440,Female,," 20,000 ",,,,No,Chandigarh,North,Fashion & Lifestyle,3
Harsha Pardasani,https://www.instagram.com/harsha_pardasani?igsh=MTRxMXcxNnc1Y3p6Mg==,harsha_pardasani,"88,500",Micro,0.09%," 22,100 ",17680,Female,," 20,000 "," 10,000 ",5000,,No,Mumbai,West,Fashion & Lifestyle,3
Kimmi Kuki,https://www.instagram.com/kimmikhongsai/,kimmikhongsai,"88,000",Micro,6.04," 59,000 ",47200,Female,," 15,000 "," 4,000 ",6000,,No,Meghalaya,Northeast,Fashion & Lifestyle,3
Sumit,https://www.instagram.com/sumitsourav_official/,sumitsourav_official,"87,900",Micro,1.69," 10,548 ",8438,Male,," 1,50,000 "," 90,000 ","60,000",,No,Delhi NCR,North,Comedy,3
_dona_de,https://www.instagram.com/_dona_de,_dona_de,"87,555",Micro,10.25%," 59,350 ",47480,Male,," 40,000 "," 10,000 ","7,000",,No,Mumbai,West,Fashion & Lifestyle,3
aalibfazal,https://www.instagram.com/aalibfazal/,aalibfazal,"87,300",Micro,4.92%," 10,00,000 ",800000,Female,," 35,000 "," 10,000 ",7000,,No,Bangalore,South,Fashion & Lifestyle,3
Khuci,https://www.instagram.com/khucy_nambrm/,khucy_nambrm,"87,000",Micro,2.19%," 59,350 ","47,480",Female,," 15,000 "," 2,500 ",1000,,No,Manipur,Northeast,Fashion & Lifestyle,3
Aman,https://www.instagram.com/theamansethi/,theamansethi,"86,900",Micro,4.18%," 57,500 ",46000,Male," 15,000 "," 10,00,000 "," 4,00,000 ","6,00,000",0.6882,No,Mumbai,West,Beauty,3
Vardaan Malhan,https://www.instagram.com/vardaanmalhan/,vardaanmalhan,"86,800",Micro,1.38," 5,51,300 ",441040,Female,," 7,00,000 "," 2,80,000 ",420000,,Yes,Delhi NCR,North,Beauty,3
Siddhant rai,https://www.instagram.com/siddhantraisikand,siddhantraisikand,"86,800",Micro,4.75%," 50,146 ",40117,Male," 47,500 "," 2,00,000 "," 75,000 ",50000,0.947234076,No,Mumbai,West,Fashion & Lifestyle,3
Durba Dey,https://www.instagram.com/durbadey14/,durbadey14,"86,000",Micro,21.74%," 56,000 ",44800,Female,," 25,000 "," 18,000 ",1000,,No,West Bengal,East,Fashion & Lifestyle,3
Sohini Sharma,https://instagram.com/stylewithsohu,stylewithsohu,"85,494",Micro,3.79," 65,500 ",52400,Female," 5,000 "," 3,000 ", 700 ,1500,,No,Mumbai,West,Fashion & Lifestyle,3
ruchikahissaria,https://www.instagram.com/ruchikahissaria,ruchikahissaria,"85,344",Micro,71.47," 54,300 ",43440,Male,," 15,000 "," 10,000 ",5000,,No,Delhi NCR,North,Fashion & Lifestyle,3
Ksenija Krstic,https://www.instagram.com/xendzoo,xendzoo,"85,272",Micro,2.64," 47,755 ",38204,Female," 47,500 "," 2,50,000 "," 1,50,000 ",100000,0.994660245,No,Delhi NCR,North,Comedy,3
Kunal Thakur,https://www.instagram.com/whokunalthakur/,whokunalthakur,"85,200",Micro,1.15," 93,900 ",75120,Male,," 3,500 "," 8,000 ",16000,,No,Delhi NCR,North,Fashion & Lifestyle,3
Anuj,https://www.instagram.com/anujtyagi160523/,anujtyagi160523,"85,000",Micro,9.21%," 80,000 ",64000,Male," 47,500 "," 1,80,000 "," 90,000 ",70000,0.59375,No,Mumbai,West,Beauty,3
akslyv,https://www.instagram.com/akslyv/reels/,akslyv,"85,000",Micro,1.19%," 54,650 ",43720,Female,," 20,000 "," 8,000 ",3000,,No,Pune,West,Fashion & Lifestyle,3
Nisha Ahuja,https://www.instagram.com/nishh.ahuja/,nishh.ahuja,"84,500",Micro,1.75," 49,100 ",39280,Female,," 70,000 "," 35,000 ","15,000",,No,Hyderabad,South,Beauty,3
Ashif,https://www.instagram.com/ashifitt/,ashifitt,"84,000",Micro,4.56," 51,470 ",41176,Female,," 10,00,000 "," 4,00,000 ","6,00,000",,No,Hyderabad,South,Fashion & Lifestyle,3
Nikita Malik,https://www.instagram.com/nikitamalik/,nikitamalik,"84,000",Micro,1.70%," 8,364 ",6691,Female,," 2,00,000 "," 80,000 ","1,20,000",,No,Delhi NCR,North,Fashion & Lifestyle,3
Ana Tamang,https://www.instagram.com/ana_tamang_/,ana_tamang_,"84,000",Micro,1.02%," 54,300 ",43440,Female,," 60,000 "," 18,000 ","15,000",,No,West Bengal,East,Beauty,3
Vikas,https://www.instagram.com/kovaifoodvlog?igsh=MWw5bGQ5ZXBxMHRyOA==,kovaifoodvlog,"84,000",Micro,1.75%," 54,300 ",43440,Female," 2,500 "," 10,000 "," 7,500 ",5000,,No,Delhi NCR,North,Beauty,3
Ikisvon Jamang,https://www.instagram.com/ikisvon/,ikisvon,"83,906",Micro,15.3," 55,000 ",44000,Female,," 1,50,000 "," 60,000 ","90,000",,No,Delhi NCR,North,Entertainment,3
Madhur Rajput,https://www.instagram.com/madhur.rajputt/,madhur.rajputt,"83,800",Micro,40.95%," 85,955 ",68764,Male,," 25,000 ",,,,No,Mumbai,West,Beauty,3
Divyanshi Tripathi,https://www.instagram.com/divyanshitripathii?igsh=bDR5aHdmdnZydm42,divyanshitripathii,"83,700",Micro,0.53%," 13,900 ",11120,Female,," 50,000 "," 25,000 ",45000,,No,Chennai,South,Beauty,3
Rajasthaniladoo,https://www.instagram.com/rajasthaniladoo,rajasthaniladoo,"83,400",Micro,7.32," 30,000 ",24000,Male," 3,000 "," 12,000 ",,,0.087173166,No,Mumbai,West,Fashion & Lifestyle,3
shtjjz,https://www.instagram.com/shtjjz/,shtjjz,"83,000",Micro,14.53%," 55,000 ",44000,Male,," 80,000 "," 60,000 ",20000,,No,Delhi NCR,North,Entertainment,3
Sanjeevani,https://www.instagram.com/thatpinterestgirl.__/?hl=en,thatpinterestgirl.__,"83,000",Micro,3.83%," 55,000 ",44000,Female," 15,000 "," 45,000 "," 30,000 ","20,000",1,No,Mumbai,West,Fashion & Lifestyle,3
Bhumi Bhavsar,https://www.instagram.com/bhumi_bhavsar_12/,bhumi_bhavsar_12,"82,700",Micro,5.68%," 2,50,000 ",200000,Male," 15,000 "," 50,000 "," 3,500 ",3000,,No,Pune,West,Entertainment,3
Renuka kriplani,https://www.instagram.com/renukakirpalani/,renukakirpalani,"82,700",Micro,2.2," 23,200 ",18560,Female,," 15,000 "," 5,000 ",5000,,No,Assam,Northeast,Travel,3
rude.rii,https://www.instagram.com/rude.rii/,rude.rii,"82,000",Micro,7.14," 74,000 ",59200,Male," 20,000 "," 70,000 ",,,,No,Mumbai,West,Comedy,3
Lisha Jain,https://www.instagram.com/lisha.jainn?igsh=MTdlbnN3Ym8yZTV2dg==,lisha.jainn,"81,700",Micro,1.08," 70,300 ",56240,Female,," 60,000 "," 15,000 ",10000,,No,Delhi NCR,North,Beauty,3
Esha Shetty,https://www.instagram.com/esha_shetty?igsh=cG02eXB3N3g3bHcw,esha_shetty,"81,600",Micro,5.97," 1,37,700 ",110160,Female," 8,000 "," 70,000 "," 10,000 ",10000,,No,Mumbai,West,Beauty,3
Akash Sahu,https://www.instagram.com/akaashh12_/,akaashh12_,"81,600",Micro,5.2," 42,660 ",34128,Male," 10,000 "," 25,000 ",,7500,,No,Chhattisgarh,Central,Finance,3
Reshma,https://instagram.com/reshmafitness,reshmafitness,"81,439",Micro,4.44," 48,900 ",39120,Female," 47,500 "," 1,20,000 "," 72,000 ",48000,0.971370143,No,Delhi NCR,North,Comedy,3
Pria Sethi,https://www.instagram.com/jhalli_bypriasethi/,jhalli_bypriasethi,"81,300",Micro,2.45," 67,000 ",53600,Female," 4,000 "," 20,000 "," 12,000 ",6000,,No,Mumbai,West,Fashion & Lifestyle,3
Teesha,https://www.instagram.com/_teeshha_/,_teeshha_,"81,263",Micro,5.2," 56,000 ",47600,Female," 15,000 "," 1,50,000 "," 90,000 ",60000,0.535714286,No,Pune,West,Comedy,3
Bhavya Krishnan,https://www.instagram.com/bhavyaa.krishnan?igsh=MnVlcHh4a2QwNHdx,bhavyaa.krishnan,"81,100",Micro,1," 54,000 ",43200,Male,," 85,000 ",,,,No,Mumbai,West,Entertainment,3
Aanya,https://www.instagram.com/aanyasgurung/,aanyasgurung,"81,000",Micro,1.36%," 54,000 ",43200,Female,," 25,000 "," 2,000 ","4,000",,No,West Bengal,East,Fashion & Lifestyle,3
Abhijeet Singh,https://www.instagram.com/bixiopofficial/,bixiopofficial,"80,600",Micro,2.27%," 1,78,000 ",142400,Female," 6,000 "," 15,000 "," 5,000 ",4000,,No,West Bengal,East,Fashion & Lifestyle,3
???K??,https://www.instagram.com/smokie2op/,smokie2op,"80,300",Micro,3.92," 33,800 ",27040,Female,," 15,000 "," 5,000 ","5,000",,No,Mumbai,West,Fashion & Lifestyle,3
Mint,https://instagram.com/mintxque.__?igshid=MzRlODBiNWFlZA==,mintxque.__,"79,200",Micro,2.00%," 55,000 ",44000,Female,," 20,000 "," 20,000 ","40,000",,No,Delhi NCR,North,Fashion & Lifestyle,3
Ashna Suri,https://www.instagram.com/ashnasuri1/,ashnasuri1,"79,000",Micro,6.00%," 54,140 ",43312,Male,," 50,000 "," 40,000 ","30,000",,No,Delhi NCR,North,Fashion & Lifestyle,3
Kanav,https://instagram.com/getfitwithkanav,getfitwithkanav,"78,151",Micro,4.36," 45,100 ",36080,Male," 45,000 "," 35,000 "," 15,000 ",7000,0.997782705,No,Mumbai,West,Fashion & Lifestyle,3
Sharmaji Invests,https://www.instagram.com/sharmajiinvests/,sharmajiinvests,"78,000",Micro,2.00%," 35,000 ",28000,Female," 25,000 "," 55,000 "," 10,000 ",20000,,No,Delhi NCR,North,Finance,3
Geetanjali Singh,https://www.instagram.com/geetanjalisinghofficial?igsh=OGs2bGt6ejg2a2Nx,geetanjalisinghofficial,"77,800",Micro,3.67%," 33,000 ",26400,Female,," 45,000 "," 35,000 ",25000,,No,Delhi NCR,North,Fashion & Lifestyle,3
Ann Saleem,https://www.instagram.com/saleem_bhaai/reels/,saleem_bhaai,"77,423",Micro,5.02," 76,000 ",64600,Female,," 25,000 ",,,0.394736842,No,Kochi,South,Beauty,3
Diya Bafna,https://www.instagram.com/petite.fashionistaa/,petite.fashionistaa,"77,300",Micro,14.57," 54,000 ",43200,Female," 15,000 "," 25,000 "," 5,000 ","35,000",,No,Pune,West,Fashion & Lifestyle,3
that.shopping.addict,https://www.instagram.com/that.shopping.addict,that.shopping.addict,"77,224",Micro,1.07%," 53,000 ",42400,Female,," 15,000 ",,,,No,Ahmedabad,West,Fashion & Lifestyle,3
Onen Nenty,https://www.instagram.com/onen_nenty_vlogs_/,onen_nenty_vlogs_,"77,000",Micro,2.95%," 54,000 ",43200,Female,," 30,000 ",,,,No,Nagaland,Northeast,Beauty,3
kusumgrover05,https://www.instagram.com/kusumgrover05/reels/,kusumgrover05,"76,577",Micro,64.48," 54,000 ",43200,Female," 2,500 "," 7,000 "," 5,000 ",4000,,No,Mumbai,West,Beauty,3
Vijay,https://www.instagram.com/the_pondicherry_foodie/,the_pondicherry_foodie,"76,439",Micro,1.74%," 53,000 ",42400,Female," 2,000 "," 30,000 "," 4,000 ",6000,,No,Bhopal,Central,Beauty,3
Sarahana Shanker,https://www.instagram.com/sarashan_/?hl=en,sarashan_,"76,100",Micro,7.35," 79,800 ",63840,Female,," 85,000 "," 50,000 ",30000,,No,Kerala,South,Beauty,3
Sanjana Tomar,https://www.instagram.com/sanjana_tomar13/,sanjana_tomar13,"76,100",Micro,0.70%," 2,300 ","1,840",Female,," 35,000 "," 25,000 ",30000,,No,Goa,West,Beauty,3
Adlina Angelo,https://www.instagram.com/adlinaangelo/,adlinaangelo,"76,000",Micro,0.43%," 6,400 ",5120,Female,," 28,000 "," 9,000 ",7000,,No,Goa,West,Beauty,3
Bhairavi Ravindra Pawar,https://instagram.com/bhairavii15,bhairavii15,"75,800",Micro,1.12%," 14,500 ",11600,Female," 50,000 "," 12,000 ",,3000,0.396394397,No,Mumbai,West,Beauty,3
Sharayu Manjarekar,https://www.instagram.com/sharayu_manjarekar,sharayu_manjarekar,"75,400",Micro,8.47%," 1,77,000 ",141600,Female,," 1,00,000 "," 60,000 ",40000,,No,Kochi,South,Fashion & Lifestyle,3
Urjita,https://www.instagram.com/urjitawani/,urjitawani,"75,000",Micro,1.73%," 9,000 ",7200,Female,," 50,000 "," 30,000 ",20000,,No,Delhi NCR,North,Comedy,3
Premala,https://www.instagram.com/premalamgade,premalamgade,"75,000",Micro,2.64," 51,000 ",40800,Female,," 20,000 ",,,,No,Mumbai,West,Comedy,3
Devansh Rai,https://www.instagram.com/180000/,180000,"74,799",Micro,5.45," 52,000 ",41600,Female,," 9,000 "," 5,000 ",2000,,Yes,Mumbai,West,Beauty,3
Mahek Shah,https://www.instagram.com/the.hungry.bee,the.hungry.bee,"74,500",Micro,8.75%," 20,000 ",16000,Male," 4,000 "," 12,000 "," 4,000 ",2000,,No,Bangalore,South,Fashion & Lifestyle,3
Ishita Dharnidharka,https://www.instagram.com/dharnidh/,dharnidh,"74,100",Micro,2.56%," 9,677 ",7742,Female,," 35,000 "," 20,000 ",0,,No,Mumbai,West,Beauty,3
dumpdiyaa,https://www.instagram.com/dumpdiyaa,dumpdiyaa,"73,811",Micro,1.56%," 50,000 ",40000,Female," 1,000 "," 18,000 "," 7,000 ",1000,,No,Mumbai,West,Beauty,3
Himanshu,https://www.instagram.com/share/p/BAM6vkRtay,share,"73,800",Micro,2.01%," 24,500 ",19600,Male," 15,000 "," 40,000 ", 500 ,500,,No,Bangalore,South,Travel,3
Sudiksha Regmi,https://www.instagram.com/sudiksha_regmi?igsh=MTFpdnR2bHhjMW1pbw==,sudiksha_regmi,"73,700",Micro,6.2," 50,000 ",40000,Male," 1,50,000 "," 6,50,000 "," 4,00,000 ",50000,,No,West Bengal,East,Fashion & Lifestyle,3
Nainaz Irani,https://www.instagram.com/nainazirani?igsh=MWZ4ZmgzcTk2cDFwYQ%3D%3D,nainazirani,"73,600",Micro,1.11," 23,924 ",19139,Female," 2,000 "," 10,000 "," 3,000 ",2000,,No,Chennai,South,Beauty,3
Varnika Keswani,https://www.instagram.com/varnika_keswani/,varnika_keswani,"73,500",Micro,2.2," 49,795 ",39836,Female," 30,000 "," 90,000 "," 45,000 ","30,000",,No,Mumbai,West,Fashion & Lifestyle,3
Sahil Khan,https://instagram.com/fitwithvshu,fitwithvshu,"73,446",Micro,4.45," 77,502 ",62002,Male," 45,000 "," 40,000 ",,"35,000",0.580630177,No,Delhi NCR,North,Technology,3
Viraj Tondwalkar,https://www.instagram.com/viraj_tondwalkar/,viraj_tondwalkar,"72,798",Micro,1.12," 9,084 ",7267,Male,," 1,00,000 "," 60,000 ",40000,,No,Mumbai,West,Comedy,3
bhartijainx,https://www.instagram.com/bhartijainx,bhartijainx,"72,765",Micro,17.56," 23,200 ",18560,Female,," 45,000 "," 10,000 ","5,000",,No,Delhi NCR,North,Beauty,3
Kaif & Zeeshan,https://www.instagram.com/noistech/,noistech,"72,400",Micro,2.61%," 29,260 ",23408,Female," 1,500 "," 28,000 "," 5,000 ","10,000",,No,Delhi NCR,North,Fitness,3
Aarav Khanna,https://www.instagram.com//aarxvvv__/,aarxvvv__,"72,100",Micro,18.87%," 2,05,030 ",164024,Female,," 1,80,000 "," 60,000 ","50,000",,No,Delhi NCR,North,Music,3
Tech Bro,https://www.instagram.com/techbrooooo/,techbrooooo,"72,000",Micro,2.17%," 22,000 ",17600,Female,," 60,000 "," 40,000 ",8000,,No,Mumbai,West,Beauty,3
ritualsbyreeshi,https://www.instagram.com/ritualsbyreeshi,ritualsbyreeshi,"71,592",Micro,61.98%," 45,000 ",36000,Female,," 21,000 "," 4,000 ",9000,,No,Meghalaya,Northeast,Beauty,3
Annie,https://www.instagram.com/flex_with_annie?igsh=MTc3cncxM3NydGxxdA==,flex_with_annie,"71,200",Micro,3.91%," 45,000 ",32000,Female," 45,000 "," 50,000 "," 10,000 ",5000,1,No,Delhi NCR,North,Fashion & Lifestyle,3
zainanwarrr,https://www.instagram.com/zainanwarrr/,zainanwarrr,"71,000",Micro,2.65," 45,000 ",36000,Female,," 60,000 "," 40,000 ",30000,,Yes,Delhi NCR,North,Fashion & Lifestyle,3
Paras Atal,https://www.instagram.com/i.amparas/,i.amparas,"70,900",Micro,8.54," 3,08,300 ",246640,Female,," 15,000 ",,,,No,Delhi NCR,North,Fashion & Lifestyle,3
Ayush Tuteja,https://www.instagram.com/ayushtuteja_/,ayushtuteja_,"70,400",Micro,8.53," 10,36,150 ",828920,Male,," 35,000 "," 5,000 ",5000,,No,Delhi NCR,North,Entertainment,3
Anmol Yadav,https://www.instagram.com/theaspiringhooman/,theaspiringhooman,"70,400",Micro,0.9," 4,800 ",3840,Female," 7,000 "," 20,000 "," 12,000 ",5000,,No,Delhi NCR,North,Fashion & Lifestyle,3
Lahari Paricharla,https://www.instagram.com/lahariparicharla/,lahariparicharla,"70,200",Micro,0.69%," 43,320 ",34656,Female," 2,000 "," 75,000 "," 3,000 ",3000,,No,Hyderabad,South,Beauty,3
True Talks,https://www.instagram.com/true_talks8/reels/,true_talks8,"70,000",Micro,8.52," 43,320 ",34656,Female," 80,000 "," 50,000 "," 5,000 ",4000,,No,Delhi NCR,North,Travel,3
maanya.saxena,https://www.instagram.com/maanya.saxena?igsh=MW1qcXFsZWZwMzNkdw==,maanya.saxena,"70,000",Micro,1.51%," 43,320 ",34656,Male," 2,000 "," 35,000 "," 1,500 ",,,No,Jaipur,West,Comedy,3
Rasna,https://www.instagram.com/rasna.bharadwaj/,rasna.bharadwaj,"70,000",Micro,3.20%," 43,320 ",34656,Female," 50,000 "," 20,000 "," 7,000 ",7000,0.294117647,No,Assam,Northeast,Beauty,3
Kirti Agarwal,https://www.instagram.com/kirti_agarwal14?igsh=ODNkbjQ5MzlhaHFs,kirti_agarwal14,"69,800",Micro,5.10%," 80,000 ",64000,Male,," 20,000 "," 5,000 ",5000,,No,Delhi NCR,North,Fashion & Lifestyle,3
Aman Chotani,https://www.instagram.com/aman_chotani/,aman_chotani,"69,700",Micro,1.06%," 5,000 ",4000,Female,," 12,000 "," 6,000 ",3000,,No,Delhi NCR,North,Beauty,3
Himashu,https://www.instagram.com/himmu_pvt08,himmu_pvt08,"69,657",Micro,2.51," 47,762 ",38209.6,Male," 40,000 "," 15,000 "," 10,000 ",5000,0.837485867,No,Bihar,East,Fashion & Lifestyle,3
subhavna__,https://www.instagram.com/subhavna__/,subhavna__,"69,600",Micro,2.00%," 60,000 ",48000,Female,," 75,000 "," 60,000 ","75,000",,No,Bangalore,South,Fashion & Lifestyle,3
krutikasakharkar,https://www.instagram.com/krutikasakharkar,krutikasakharkar,"69,038",Micro,3.71," 41,682 ",33346,Female," 1,500 "," 18,000 "," 12,000 ",5000,,No,Mumbai,West,Fashion & Lifestyle,3
Akshay,https://www.instagram.com/akshaythakkar_,akshaythakkar_,"69,000",Micro,2.6," 8,000 ",6400,Male," 2,500 "," 5,000 "," 1,500 ",,,No,Delhi NCR,North,Fashion & Lifestyle,3
Taruna Manoj,https://www.instagram.com/tarunamotwani,tarunamotwani,"68,986",Micro,0.67," 25,000 ",20000,Female," 4,000 "," 45,000 "," 15,000 ",7000,,No,Ahmedabad,West,Food,3
Sneha,https://www.instagram.com/paper_pencil_doodles/,paper_pencil_doodles,"68,635",Micro,0.60%," 2,56,320 ",205056,Male,," 20,000 "," 15,000 ","30,000",,No,Hyderabad,South,Entertainment,3
Ananya Dutta,https://instagram.com/foodalley_india,foodalley_india,"67,959",Micro,0.68%," 42,700 ",34160,Female,," 10,000 "," 6,000 ",8000,,No,Hyderabad,South,Fashion & Lifestyle,3
Sanimar,https://www.instagram.com/beautywithsanimar?igsh=ZTB4dXBmZDFhem1l,beautywithsanimar,"67,800",Micro,8.32%," 42,700 ",34160,Female,," 50,000 ",,,,No,Delhi NCR,North,Beauty,3
Juhili,https://www.instagram.com/juhilidj/,juhilidj,"67,463",Micro,7.87," 43,710 ",34968,Female,," 25,000 ",,,,No,Mumbai,West,Fashion & Lifestyle,3
Nyra Dua,https://www.instagram.com/nyradua?igsh=MWdnOXd3anRkaDJ3NQ%3D%3D&utm_source=qr,nyradua,"67,219",Micro,3.25," 52,000 ",44200,Female,," 4,00,000 "," 1,60,000 ",240000,0.576923077,No,Delhi NCR,North,Fashion & Lifestyle,3
Bipasha Sarkar,https://www.instagram.com/that_duskygirl_,that_duskygirl_,"67,100",Micro,2.7," 8,000 ",6800,Male,," 3,00,000 "," 1,20,000 ",180000,3.75,No,Assam,Northeast,Entertainment,3
Shivangi Sah,https://www.instagram.com/shivangi.sah/,shivangi.sah,"67,000",Micro,1.75%," 42,658 ",34126,Female," 1,50,000 "," 7,00,000 "," 5,50,000 ","1,00,000",,No,Delhi NCR,North,Beauty,3
Mrinalini,https://www.instagram.com/makeupbymrinalini/,makeupbymrinalini,"66,900",Micro,4.07%," 2,00,000 ",160000,Female,," 12,00,000 "," 4,80,000 ","7,20,000",,No,Delhi NCR,North,Entertainment,3
Shravan Kshirsagar,https://www.instagram.com/shravan1kshirsagar/,shravan1kshirsagar,"66,773",Micro,36.83," 8,124 ",6499,Male,," 90,000 "," 54,000 ",36000,,No,Mumbai,West,Comedy,3
Rajat,https://www.instagram.com/liars__fc_/,liars__fc_,"66,700",Micro,5.15," 65,000 ",52000,Female," 3,000 "," 3,00,000 "," 1,20,000 ",180000,,Yes,West Bengal,East,Entertainment,3
Sneha khan,https://instagram.com/iamsnehakhan?igshid=OGQ5ZDc2ODk2ZA%3D%3D&utm_source=qr,iamsnehakhan,"66,600",Micro,0.41%," 15,700 ",12560,Female," 1,000 "," 30,000 "," 15,000 ",7500,0.065440144,No,West Bengal,East,Beauty,3
Exihibit,https://www.instagram.com/exhibit.19?,exhibit.19,"66,500",Micro,10.2," 5,00,000 ",400000,Male,," 2,00,000 "," 80,000 ",120000,,No,Kochi,South,Fashion & Lifestyle,3
Raina Solanki,https://www.instagram.com/forzagirlraina,forzagirlraina,"66,100",Micro,3.50%," 46,550 ","37,240",Female," 40,000 "," 5,00,000 "," 2,00,000 ",300000,1,No,Delhi NCR,North,Fashion & Lifestyle,3
Vineet Solanki,https://www.instagram.com/vineetsolanki/,vineetsolanki,"66,000",Micro,8.95," 47,790 ",38232,Female,," 12,00,000 "," 7,20,000 ",480000,,No,Delhi NCR,North,Comedy,3
Akanksha Deshmukh,https://www.instagram.com/akankshahahahaha_/,akankshahahahaha_,"66,000",Micro,1.77%," 43,320 ",34656,Female,," 5,00,000 "," 2,00,000 ",300000,,No,Pune,West,Beauty,3
Anubhav Sharma,https://www.instagram.com/anubhavv_5/,anubhavv_5,"66,000",Micro,1.54%," 56,210 ",44968,Male,," 2,00,000 "," 1,20,000 ",80000,,No,Jaipur,West,Comedy,3
Geyin Miyu,https://www.instagram.com/geyin_miyu/,geyin_miyu,"66,000",Micro,2.42," 43,320 ",34656,Female,," 25,000 ",,,,No,Delhi NCR,North,Beauty,3
srishti_sambrani,https://www.instagram.com/srishti_sambrani?igsh=ODZkZGVyeDNmaWd5,srishti_sambrani,"66,000",Micro,0.79%," 8,70,000 ",696000,Female," 3,000 "," 13,000 "," 7,000 ","3,000",,No,Mumbai,West,Beauty,3
Pratishtha Singh,https://www.instagram.com/its_pratishthasingh,its_pratishthasingh,"65,804",Micro,5.14%," 33,655 ",26924,Female," 40,000 "," 2,50,000 "," 1,000 ",1000,0.841375,No,Delhi NCR,North,Technology,3
Aanchal,https://www.instagram.com/aanchaludavantt?igsh=bDQ1c3dkYWNmMnZy&utm_source=qr,aanchaludavantt,"65,800",Micro,0.24," 16,500 ",13200,Female," 1,500 "," 5,000 "," 3,000 ",2000,,No,Mumbai,West,Beauty,3
Runremthangi Remremi,https://www.instagram.com/rem_remi26/,rem_remi26,"65,325",Micro,1.35," 42,700 ",34160,Female,," 15,000 ",,,,No,Mumbai,West,Fashion & Lifestyle,3
Ilma Malik,https://www.instagram.com/___ilma_malik___?igsh=MTd5aThlb2YwajB0eg==,___ilma_malik___,"65,300",Micro,4.5," 2,00,000 ",160000,Female," 8,000 "," 4,00,000 "," 1,60,000 ",240000,,No,Delhi NCR,North,Entertainment,3
Vishakha Rajani,https://www.instagram.com/phoolfilledvish?igsh=eW1yYXp0bXprd3Mw,phoolfilledvish,"65,300",Micro,1.57," 38,300 ",30640,Female," 2,000 "," 15,000 "," 3,000 ",,,No,Delhi NCR,North,Fashion & Lifestyle,3
Shivani kumra,https://www.instagram.com/shivanikumrafitness,shivanikumrafitness,"65,224",Micro,3.95%," 34,662 ",27729.6,Female," 40,000 "," 8,75,000 "," 5,00,000 ","4,00,000",0.86655,No,Mumbai,West,Entertainment,3
Prerna Agarwal,https://www.instagram.com/blogwithmshighheels/,blogwithmshighheels,"65,200",Micro,0.89%," 2,200 ",1760,Female,," 25,000 "," 15,000 ",5000,,No,Mumbai,West,Fitness,3
Tvisha Tuil,https://www.instagram.com/socho.abhi/,socho.abhi,"65,100",Micro,66.59," 40,000 ",32000,Female," 15,000 "," 40,000 ", 400 ,15000,,No,Delhi NCR,North,Business & Marketing,3
Kritika chawla,https://instagram.com/kritika_fitness_evolution,kritika_fitness_evolution,"65,011",Micro,4.78," 57,544 ",46035,Female," 40,000 "," 5,000 "," 3,500 ",3500,0.695120256,No,Mumbai,West,Fashion & Lifestyle,3
Shivani Sharma,https://www.instagram.com/thatssoshivani?igsh=MXBoN2E0N3hqdmxqYg==,thatssoshivani,"65,000",Micro,10," 42,658 ",34126,Female," 4,00,000 "," 14,00,000 "," 8,00,000 ",300000,,No,Mumbai,West,Fashion & Lifestyle,3
Divy Chheda,https://www.instagram.com/doitrightbydiv/,doitrightbydiv,"65,000",Micro,1.17," 42,658 ",34126,Female,," 7,00,000 "," 2,80,000 ",420000,,No,Mumbai,West,Beauty,3
Hitakshi Chatterjee,https://www.instagram.com/baeofbengol?igsh=MXF4Ym84a2h3ajYxMA==,baeofbengol,"64,900",Micro,0.59%," 16,200 ",12960,Female," 50,000 "," 48,000 "," 8,000 ","15,000",0.416562526,No,Pune,West,Beauty,3
Karishma Samat,https://www.instagram.com/karishmasamat/,karishmasamat,"64,800",Micro,0.28%," 9,900 ",7920,Female," 1,000 "," 50,000 "," 30,000 ","20,000",,No,Mumbai,West,Comedy,3
pia_reang,https://www.instagram.com/pia_reang?utm_source=ig_web_button_share_sheet&igsh=ZDNlZDc0MzIxNw==,pia_reang,"64,000",Micro,3.26%," 50,000 ","40,000",Female," 5,00,000 "," 4,00,000 "," 18,000 ",8000,,No,Bangalore,South,Fashion & Lifestyle,3
challamiwaka,https://www.instagram.com/challamiwaka/reels/,challamiwaka,"64,000",Micro,1.88%," 42,000 ",33600,Female,," 25,000 ",,,,No,Meghalaya,Northeast,Fashion & Lifestyle,3
Meenal Shukla,https://www.instagram.com/meenal_shukla8/,meenal_shukla8,"63,900",Micro,4.03," 42,617 ",34094,Female," 40,000 "," 4,00,000 "," 3,00,000 ",200000,0.93859258,No,Delhi NCR,North,Comedy,3
Rehan,https://www.instagram.com/alpha.rehan_/,alpha.rehan_,"63,600",Micro,2.55," 12,400 ",9920,Male," 15,000 "," 45,000 "," 2,000 ",8000,,No,Mumbai,West,Finance,3
Palak Ghose,https://www.instagram.com/healthfulwithpalak?igsh=NG56a3VyNjZpcmVo,healthfulwithpalak,"63,500",Micro,0.54," 13,100 ",10480,Female,," 50,000 "," 40,000 ","15,000",,No,Delhi NCR,North,Beauty,3
Varun,https://www.instagram.com/varuntalwalkar?igsh=c294dXcwYWxyZ3lk,varuntalwalkar,"63,400",Micro,9.11%," 10,00,000 ",800000,Male," 40,000 "," 6,000 "," 4,000 ","3,000",0.04,No,Mumbai,West,Fashion & Lifestyle,3
CHIRAG BAJAJ,https://www.instagram.com/ogexplains/,ogexplains,"63,200",Micro,12.52," 2,84,900 ",227920,Male," 5,000 "," 18,000 ",,,,No,Meghalaya,Northeast,Fashion & Lifestyle,3
Diom,https://www.instagram.com/_notdiomm_/,_notdiomm_,"63,000",Micro,5.40%," 12,00,000 ",960000,Female," 1,500 "," 8,00,000 "," 3,20,000 ",480000,,Yes,Mumbai,West,Fashion & Lifestyle,3
Jamshedpuriya,https://www.instagram.com/jamshedpuriya__?utm_source=ig_web_button_share_sheet&igsh=ZDNlZDc0MzIxNw==,jamshedpuriya__,"63,000",Micro,0.53," 42,617 ",34094,Male,," 20,000 "," 8,000 ",30000,,No,Jamshedpur,East,Fashion & Lifestyle,3
Ashwin,https://www.instagram.com/ashwindadlani1509/reels/,ashwindadlani1509,"62,631",Micro,4.15%," 34,658 ",27726.4,Male," 40,000 "," 7,00,000 "," 6,00,000 ",250000,0.86645,No,Mumbai,West,Fashion & Lifestyle,3
Tirupur food & vlogs,https://www.instagram.com/tirupur_foodie/,tirupur_foodie,"62,619",Micro,2.03%," 44,100 ",35280,Female,," 6,000 "," 3,000 ",2500,,No,Delhi NCR,North,Beauty,3
Aditya,https://www.instagram.com/adityacomedy/,adityacomedy,"62,500",Micro,5.50%," 7,500 ",6000,Male,," 1,00,000 "," 60,000 ",40000,,No,J & K,North,Comedy,3
Kunal Bhatia,https://www.instagram.com/studio.kunalbhatia/,studio.kunalbhatia,"62,400",Micro,1.45%," 13,000 ",10400,Female," 50,000 "," 25,000 "," 25,000 ",12000,0.317641827,No,Mumbai,West,Fashion & Lifestyle,3
Kajal Sharma,https://www.instagram.com/kajal_shar_ma_mat/,kajal_shar_ma_mat,"62,400",Micro,0.25," 14,100 ",11280,Female," 1,500 "," 20,000 "," 10,000 ",25000,,No,Mumbai,West,Beauty,3
The A2 Show,https://www.instagram.com/thea2show/,thea2show,"62,000",Micro,2.3," 46,550 ",37240,Female," 60,000 "," 45,000 ",,,,No,Mumbai,West,Beauty,3
Asune Rhakho,https://www.instagram.com/bits_of_enusa_/,bits_of_enusa_,"62,000",Micro,2.55%," 46,550 ",37240,Female,," 15,000 ",,,,No,Nagaland,Northeast,Beauty,3
Aditi,https://www.instagram.com/aditi.jha_a,aditi.jha_a,"61,800",Micro,8.80%," 18,000 ",15300,Male," 1,00,000 "," 5,00,000 "," 3,00,000 ",75000,0.545454546,Yes,Delhi NCR,North,Fashion & Lifestyle,3
Ishika Sahni,https://www.instagram.com/ishikasahnii/,ishikasahnii,"61,734",Micro,12.08," 46,630 ",37304,Female,," 20,000 ",,,,No,Delhi NCR,North,Beauty,3
Dishant Upadhyaya,https://instagram.com/hungryinsan,hungryinsan,"61,639",Micro,2.15%," 49,311 ",39449,Male, 800 ," 4,500 ", 300 ,,0.909090909,No,Bangalore,South,Fashion & Lifestyle,3
Jasmine,https://www.instagram.com/j4ryie/,j4ryie,"61,300",Micro,9.07%," 46,630 ","37,304",Female," 10,000 "," 25,000 ",,7500,,No,Mumbai,West,Finance,3
masterxanuj,https://www.instagram.com/masterxanuj/,masterxanuj,"61,200",Micro,1.58," 45,864 ",36691,Male,," 12,000 "," 8,000 ",5000,,No,Mumbai,West,Fashion & Lifestyle,3
Yuganshi,https://www.instagram.com/_yuganshiii/,_yuganshiii,"61,000",Micro,5.7," 1,50,000 ",120000,Female," 1,000 "," 8,00,000 "," 3,20,000 ",480000,0.030105393,No,Dehradun,North,Beauty,3
Srishty Saumya,https://www.instagram.com/srishtttyyy,srishtttyyy,"61,000",Micro,1.52," 45,000 ",36000,Female,," 4,00,000 "," 1,60,000 ",240000,,No,Hyderabad,South,Beauty,3
Nasa Rianchi Marak,https://www.instagram.com/bxbymonsta_/,bxbymonsta_,"61,000",Micro,1.51%," 45,000 ",36000,Female, 500 ," 15,000 "," 1,000 ",1000,,No,Meghalaya,Northeast,Beauty,3
Lichumbeni,https://www.instagram.com/lichum_hmt/,lichum_hmt,"61,000",Micro,1.46%," 45,000 ",36000,Female,," 15,000 ",,,,No,Nagaland,Northeast,Fashion & Lifestyle,3
Vidhi,https://www.instagram.com/kiaras_diaries/,kiaras_diaries,"60,500",Micro,2.05%," 30,000 ",24000,Female, 500 ," 12,000 "," 5,000 ","2,000",,No,Mumbai,West,Beauty,3
Vishaka Nirmalkar,https://www.instagram.com/vishaka.nirmalkar?igsh=MWpkYTlxcTB3amx4Nw==,vishaka.nirmalkar,"60,400",Micro,0.33%," 21,300 ",17040,Female," 1,000 "," 25,000 "," 7,000 ",2000,,No,Bangalore,South,Beauty,3
Amy,https://instagram.com/amy_pal_6?utm_medium=copy_link,amy_pal_6,"60,300",Micro,6.58%," 40,000 ",24000,Female," 40,000 "," 8,50,000 "," 5,50,000 ",200000,1,No,Bangalore,South,Entertainment,3
Rishav,https://www.instagram.com/_official_rishu1016,_official_rishu1016,"60,210",Micro,2.56%," 1,08,020 ",86416,Male," 40,000 "," 8,50,000 "," 4,00,000 ",100000,0.370301796,No,J & K,North,Comedy,3
Riya Santosh,https://www.instagram.com/riya_santosh?igsh=N2pzcnl0bWM4amcz,riya_santosh,"60,000",Micro,45.4," 45,089 ",36071,Male," 2,000 "," 3,00,000 "," 1,80,000 ",120000,,No,Bangalore,South,Comedy,3
Ruppdaa,https://www.instagram.com/ruppdaa/,ruppdaa,"60,000",Micro,3.54%," 35,000 ",43000,Female," 35,000 "," 2,50,000 "," 1,50,000 ","1,00,000",1,No,Bangalore,South,Comedy,3
Rupali,https://www.instagram.com/rupalithestylecode?igsh=MTU3amFicDNsbWR1cA==,rupalithestylecode,"60,000",Micro,1.94%," 15,800 ",12640,Female,," 52,000 "," 8,000 ","7,000",,No,Delhi NCR,North,Beauty,3
Manisha sharma,https://www.instagram.com/fit.with.manni/,fit.with.manni,"59,700",Micro,3.69%," 8,65,013 ",692010,Female," 35,000 "," 4,00,000 "," 2,40,000 ","1,60,000",0.04046182,No,Delhi NCR,North,Comedy,3
Khushi,https://www.instagram.com/kushulifts/,kushulifts,"59,691",Micro,3.05%," 60,000 ",48000,Female," 35,000 "," 2,00,000 "," 80,000 ","1,20,000",0.583333333,No,Delhi NCR,North,Gaming,3
Suhani Sethi,https://www.instagram.com/suhanisethi_/,suhanisethi_,"59,600",Micro,4.98%," 71,604 ",57283,Male," 2,80,000 "," 2,00,000 "," 4,000 ","3,000",,No,Delhi NCR,North,Education,3
Dimpy Kaun,https://www.instagram.com/decor_by_dimpykaur?utm_source=ig_web_button_share_sheet&igsh=ZDNlZDc0MzIxNw==,decor_by_dimpykaur,"59,500",Micro,12.31%," 7,700 ",6160,Male, 200 ," 5,00,000 "," 2,00,000 ",300000,0.252495922,No,Delhi NCR,North,Fashion & Lifestyle,3
Prem Palhade,https://www.instagram.com/selfcarebyprem?igsh=MXN5emJkMDl3eHpnbA==,selfcarebyprem,"59,300",Micro,3.56," 45,000 ",36000,Male,," 45,000 ",,,,No,Pune,West,Beauty,3
Tanya Gupta,https://www.instagram.com/itanyagupta/,itanyagupta,"58,800",Micro,3.22%," 1,00,000 ",85000,Male,," 7,00,000 "," 4,20,000 ",280000,0.545454546,No,Delhi NCR,North,Comedy,3
Tarun Vidhani,https://instagram.com/fintalkswithtarun?igshid=MzRlODBiNWFlZA==,fintalkswithtarun,"58,800",Micro,2.35," 45,000 ",36000,Male," 10,000 "," 25,000 ", 300 ,7500,,No,Delhi NCR,North,Finance,3
Mohit Sharma,https://www.instagram.com/mohit_sharma_ind/,mohit_sharma_ind,"58,500",Micro,1.28," 45,000 ",36000,Male," 10,000 "," 25,000 ",,7500,,No,Mumbai,West,Finance,3
Himani Jangid,https://www.instagram.com/himanijangid20/,himanijangid20,"58,500",Micro,2.14%," 50,000 ",40000,Male,," 20,000 ",,,,No,Mumbai,West,Beauty,3
Bhavika Daswani,https://www.instagram.com/ibhavikadaswani/,ibhavikadaswani,"58,500",Micro,0.93," 12,700 ",10160,Female," 1,000 "," 15,000 "," 15,000 ",7000,0.727855011,No,Mumbai,West,Beauty,3
Tanvi Chawla,https://www.instagram.com/_._tanvi/,_._tanvi,"58,300",Micro,1.19," 1,03,920 ",83136,Female,," 2,00,000 "," 80,000 ",120000,,No,Delhi NCR,North,Entertainment,3
Manoj kasyap,https://www.instagram.com/vlt.sentinel/,vlt.sentinel,"58,300",Micro,5.97," 78,800 ",63040,Female,," 18,000 "," 5,000 ",3500,,No,Delhi NCR,North,Fashion & Lifestyle,3
Kartik modi,https://www.instagram.com/karrrtiiikkk/,karrrtiiikkk,"58,100",Micro,0.66," 64,780 ",51824,Female,," 28,000 "," 7,000 ",8000,,No,Mumbai,West,Fashion & Lifestyle,3
Gaurvishika Dhing,https://www.instagram.com/ga.ur.vi/,ga.ur.vi,"58,054",Micro,3.94%," 45,000 ",36000,Female," 2,00,000 "," 6,50,000 "," 5,00,000 ",100000,,No,Mumbai,West,Fashion & Lifestyle,3
Shilpa Arora,https://www.instagram.com/dr.shilpaarora,dr.shilpaarora,"58,000",Micro,2.51," 45,000 ",36000,Male,," 45,000 "," 30,000 ",10000,,No,Delhi NCR,North,Fashion & Lifestyle,3
Renuka,https://www.instagram.com/renyjanauti?igsh=aGY0MDdjMXA1NjQ5,renyjanauti,"57,700",Micro,32.33%," 10,90,000 ",872000,Female,," 40,000 "," 3,500 ",15000,,No,Mumbai,West,Beauty,3
Drishya Dinesh,https://www.instagram.com/dunduooo//,dunduooo,"57,300",Micro,4.41," 2,70,160 ",216128,Male," 1,000 "," 8,00,000 "," 4,00,000 ",80000,,No,Kerala,South,Comedy,3
Himanshi Udhwani,https://www.instagram.com/heyitshimanshiii/,heyitshimanshiii,"57,300",Micro,8.43%," 1,00,000 ",80000,Female," 1,50,000 "," 6,50,000 "," 4,00,000 ",150000,,No,Jaipur,West,Beauty,3
Neeraj Savant,https://www.instagram.com/yourmumbaikarfoodie?igsh=MTZzeDI3azFwcTZmZQ%3D%3D,yourmumbaikarfoodie,"57,300",Micro,0.42%," 56,200 ",44960,Female," 10,000 "," 35,000 "," 8,000 ",6000,0.277777778,No,Delhi NCR,North,Food,3
Lucky Jadeja,https://www.instagram.com/jadejaluck/,jadejaluck,"57,200",Micro,13," 15,000 ",12000,Female," 5,000 "," 1,50,000 "," 60,000 ",90000,,No,Delhi NCR,North,Beauty,3
Tridisha Pathak,https://www.instagram.com/drtridishapathak/,drtridishapathak,"57,200",Micro,1.92," 42,700 ",34160,Female," 1,000 "," 1,00,000 "," 40,000 ",60000,,No,Guwahati,Northeast,Beauty,3
Minkesh,https://www.instagram.com/hello.minkesh,hello.minkesh,"57,200",Micro,2.94," 42,700 ",34160,Male," 10,000 "," 25,000 ",,7500,,No,Chennai,South,Business & Marketing,3
Satyam singh,https://www.instagram.com/hot_blood_beast,hot_blood_beast,"57,052",Micro,3.94," 1,11,599 ",89279.2,Male," 35,000 "," 2,00,000 "," 80,000 ",120000,0.313622882,No,Delhi NCR,North,Beauty,3
Khushi,https://www.instagram.com/nutritionwith_khushi,nutritionwith_khushi,"57,000",Micro,7.25," 35,000 ",20000,Female," 35,000 "," 1,50,000 "," 60,000 ",90000,1,No,Delhi NCR,North,Fashion & Lifestyle,3
Naetal,https://www.instagram.com/naetalsinghhdutt/,naetalsinghhdutt,"57,000",Micro,4.63%," 55,282 ",44225,Male,," 1,00,000 "," 40,000 ",60000,,No,Delhi NCR,North,Fashion & Lifestyle,3
Lairen,https://www.instagram.com/_lairen/,_lairen,"57,000",Micro,6.04%," 95,000 ",80750,Female," 2,500 "," 20,000 "," 4,000 ",3000,0.210526316,No,Delhi NCR,North,Fashion & Lifestyle,3
naomiblix,https://www.instagram.com/naomiblix/reels/,naomiblix,"57,000",Micro,3.79%," 42,700 ",34160,Female,," 15,000 ",,,,No,Meghalaya,Northeast,Fashion & Lifestyle,3
Mudit Mehrotra,https://instagram.com/m.u.d.i.t.mehrotra,m.u.d.i.t.mehrotra,"56,700",Micro,4.74%," 90,000 ",72000,Male," 5,000 "," 15,000 "," 1,000 ",,0.044590105,No,Hyderabad,South,Fashion & Lifestyle,3
ishita kothari,https://www.instagram.com/ishita.kotharii/profilecard/?igsh=dzRheTVqcjNzeGo5,ishita.kotharii,"56,473",Micro,2.80%," 45,178 ","36,142",Male," 3,500 "," 5,000 "," 1,500 ",7000,,No,Mumbai,West,Fashion & Lifestyle,3
Naimat,https://www.instagram.com/naimatnagaria,naimatnagaria,"56,400",Micro,9.33," 3,50,000 ",280000,Female," 14,000 "," 35,000 ",,"10,500",,No,Bangalore,South,Finance,3
Saurabh & Pragati,https://www.instagram.com/knottedspirits?igsh=MW1iMGt4bmhxbDl4cw==,knottedspirits,"56,200",Micro,5.20%," 1,00,000 ",80000,Male,," 25,000 ",,,0.75,No,Mumbai,West,Fashion & Lifestyle,3
Rhythm,https://www.instagram.com/rhythm__bafna/,rhythm__bafna,"56,100",Micro,0.81%," 3,50,000 ",280000,Female," 2,500 "," 4,000 "," 3,000 ",,,No,Mumbai,West,Travel,3
Simrik Tamang,https://www.instagram.com/simmsarchives/,simmsarchives,"56,000",Micro,1.3," 41,600 ",33280,Female," 50,000 "," 20,000 "," 3,000 ",5000,0.961538462,No,West Bengal,East,Fashion & Lifestyle,3
Chahatt,https://www.instagram.com/chahattandon11/,chahattandon11,"55,900",Micro,3.26%," 80,000 ",68000,Female," 1,50,000 "," 6,50,000 "," 2,50,000 ","1,00,000",0.363636364,No,Mumbai,West,Fashion & Lifestyle,3
Vishakha Rajput,https://www.instagram.com/rj.vishakha/,rj.vishakha,"55,900",Micro,5.76%," 30,000 ",24000,Female," 1,50,000 "," 4,00,000 "," 3,50,000 ","1,00,000",,No,Chandigarh,North,Fashion & Lifestyle,3
thatvoguevibe,https://www.instagram.com/thatvoguevibe,thatvoguevibe,"55,800",Micro,3.2," 36,984 ",29587,Male," 2,000 "," 12,000 "," 3,000 ",5000,,No,Delhi NCR,North,Travel,3
CosyQuirk By Mohicka,https://www.instagram.com/CosyQuirk By Mohicka/,cosyquirk by mohicka,"55,600",Micro,2.63%," 20,900 ",16720,Female,," 80,000 "," 65,000 ",20000,,No,Pune,West,Fashion & Lifestyle,3
Mohicka Gupta Bose,https://www.instagram.com/cosyquirk?utm_source=ig_web_button_share_sheet&igsh=ZDNlZDc0MzIxNw==,cosyquirk,"55,500",Micro,26.30%," 20,900 ","16,720",Female," 1,500 "," 2,00,000 "," 80,000 ",120000,,No,Goa,West,Entertainment,3
Punit,https://instagram.com/1tinx?igshid=YmMyMTA2M2Y=,1tinx,"55,400",Micro,1.65%," 40,000 ",32000,Male," 1,000 "," 1,50,000 "," 60,000 ",90000,0.611067657,No,Mumbai,West,Fashion & Lifestyle,3
Aesha Desai,https://www.instagram.com/the_weeeekend,the_weeeekend,"55,209",Micro,8.14%," 44,167 ",35334,Male," 2,000 "," 8,000 ",,,,No,Chennai,South,Fashion & Lifestyle,3
Ishika,https://www.instagram.com/hungrymomoo,hungrymomoo,"55,100",Micro,6.32," 15,000 ",12000,Male, 600 ," 5,000 ",,,,No,West Bengal,East,Fashion & Lifestyle,3
Shruti,https://www.instagram.com/shrutitalekar?igsh=MWo2aTEycTdwa3gwbg==,shrutitalekar,"54,900",Micro,2.17," 40,000 ",32000,Female," 50,000 "," 1,50,000 "," 60,000 ",90000,1.151543068,No,Mumbai,West,Fashion & Lifestyle,3
Burner Biits,https://www.instagram.com/burner.biits/,burner.biits,"54,900",Micro,5.93%," 31,900 ","25,520",Male," 2,000 "," 4,000 "," 2,000 ",7000,0,No,Kanpur,North,Fashion & Lifestyle,3
Nigam Sarvaiya,https://instagram.com/cheesymumbaikar,cheesymumbaikar,"54,800",Micro,0.81%," 14,600 ","11,680",Female," 5,000 "," 18,000 "," 2,000 ",5000,,No,Chandigarh,North,Food,3
Kimaya Vartak,https://www.instagram.com/kimayavartak/?igshid=MzRlODBiNWFlZA%3D%3D,kimayavartak,"54,700",Micro,0.59," 56,300 ",45040,Female," 1,000 "," 19,000 "," 2,000 ",5000,,No,Mumbai,West,Beauty,3
Tanu,https://www.instagram.com/tanuc0re/,tanuc0re,"54,600",Micro,2.19%," 52,000 ",41600,Male,," 20,000 "," 10,000 ",10000,,No,Delhi NCR,North,Fashion & Lifestyle,3
Gayatri neog,https://www.instagram.com/__gayatri__neog__/,__gayatri__neog__,"54,400",Micro,2.50%," 40,000 ",32000,Female,," 15,000 "," 4,000 ",6000,,No,Delhi NCR,North,Fashion & Lifestyle,3
Chanchal Malhotra,https://instagram.com/lifewithoutborders90?utm_medium=copy_link,lifewithoutborders90,"54,300",Micro,0.44%," 8,600 ",6880,Female," 1,200 "," 21,000 "," 2,000 ",7000,,No,Delhi NCR,North,Fashion & Lifestyle,3
mercy_scorpio,https://www.instagram.com/mercy_scorpio,mercy_scorpio,"54,012",Micro,61.58%," 40,000 ",32000,Female,," 20,000 "," 12,000 ","20,000",,No,Chennai,South,Beauty,3
Bunty,https://www.instagram.com/buntyness?igsh=OGt3Z2lzbW9xYmU0,buntyness,"54,000",Micro,9.84%," 35,000 ",12000,Male," 35,000 "," 1,50,000 "," 90,000 ","60,000",1,No,Delhi NCR,North,Comedy,3
Angela Saha,https://www.instagram.com/engela.saha/,engela.saha,"54,000",Micro,12.49%," 40,000 ",32000,Female,," 20,000 "," 3,000 ",2500,,No,West Bengal,East,Beauty,3
Lovely Wankhar,https://www.instagram.com/lovely_wankhar_sohtun/,lovely_wankhar_sohtun,"54,000",Micro,1," 40,000 ",32000,Female," 2,500 "," 15,000 "," 3,000 ",1000,,No,Meghalaya,Northeast,Fashion & Lifestyle,3
Tanmay Sawant,https://www.instagram.com/just.tanmay/,just.tanmay,"53,919",Micro,9.12," 6,470 ",5176,Male, 700 ," 80,000 "," 48,000 ",32000,0.93906,No,Delhi NCR,North,Comedy,3
Jagriti Singh,https://www.instagram.com/jagritiisingh,jagritiisingh,"53,831",Micro,0.27," 40,000 ",32000,Female," 50,000 "," 8,000 "," 5,000 ",3000,1,No,Chandigarh,North,Beauty,3
Tushar Uppal,https://www.instagram.com/tusharuppal_/,tusharuppal_,"53,800",Micro,4.37%," 37,301 ",29841,Male," 35,000 "," 7,00,000 "," 3,00,000 ",100000,0.938312646,No,Delhi NCR,North,Comedy,3
Darshan Wairkar,https://www.instagram.com/darshanwairkar_/,darshanwairkar_,"53,600",Micro,1.60%," 4,00,000 ",320000,Male," 40,000 "," 70,000 "," 7,200 ","80,000",,No,Mumbai,West,Fashion & Lifestyle,3
dhanisha.motiramani,https://www.instagram.com/dhanisha.motiramani?igsh=amo2Y3g2MWdoNjdr,dhanisha.motiramani,"53,500",Micro,0.36%," 23,700 ",18960,Female," 50,000 "," 35,000 "," 12,000 ",5000,0.89926,No,Mumbai,West,Beauty,3
Hiya Vyas,https://www.instagram.com/hiyavyas/?igshid=MzRlODBiNWFlZA,hiyavyas,"53,500",Micro,2.29," 15,000 ",12000,Female," 4,000 "," 18,000 "," 3,500 ",3000,,No,Mumbai,West,Fashion & Lifestyle,3
Trivandrum Official,https://www.instagram.com/kl_01_trivandrum_official/,kl_01_trivandrum_official,"53,500",Micro,2.19," 40,205 ",32164,Female," 2,000 "," 5,000 "," 2,500 ","1,000",,No,Goa,West,Fashion & Lifestyle,3
Indian Plant,https://www.instagram.com/Indian Plant Paagals/,indian plant paagals,"53,200",Micro,2.66," 39,600 ",31680,Male," 1,000 "," 3,00,000 "," 1,20,000 ","1,80,000",,No,Bihar,East,Fashion & Lifestyle,3
Indian Plants Pagals,https://www.instagram.com/indianplantpagals?utm_source=ig_web_button_share_sheet&igsh=ZDNlZDc0MzIxNw==,indianplantpagals,"53,200",Micro,2.66," 39,600 ",31680,Female,," 1,20,000 "," 48,000 ",72000,,No,Jaipur,West,Beauty,3
Jalpa Trivedi Shah,https://www.instagram.com/thinklight_jalpa/,thinklight_jalpa,"53,100",Micro,2.00%," 14,000 ",11200,Male,," 1,50,000 "," 60,000 ",90000,,No,Mumbai,West,Fashion & Lifestyle,3
Mohd shaheen,https://www.instagram.com/eat_n_tvm?igsh=MWJsZzcycm45eDVuaw==,eat_n_tvm,"53,100",Micro,2.17%," 40,000 ",32000,Female," 5,000 "," 25,000 "," 18,000 ",1000,,No,Goa,West,Beauty,3
Sourindhri,https://www.instagram.com/sourindhriii/,sourindhriii,"53,000",Micro,18," 40,000 ",32000,Female,," 45,000 "," 10,000 ",10000,,No,West Bengal,East,Fashion & Lifestyle,3
Neitsou Losou,https://www.instagram.com/neitsou_/,neitsou_,"53,000",Micro,6.08%," 40,000 ",32000,Female, 500 ," 15,000 "," 1,000 ",500,,No,Nagaland,Northeast,Fashion & Lifestyle,3
Gurpreet,https://www.instagram.com/preet.glamcorner,preet.glamcorner,"52,920",Micro,4.73%," 31,556 ",25244.8,Female," 35,000 "," 21,000 "," 15,000 ",4200,0.9016,No,Pune,West,Fashion & Lifestyle,3
riya thomas,https://www.instagram.com/imriyathomas/,imriyathomas,"52,800",Micro,9.77," 16,575 ",13260,Female,," 29,900 "," 5,000 ",3500,,No,Pune,West,Beauty,3
Sravanthi SK,https://www.instagram.com/savvys_home?utm_source=ig_web_button_share_sheet&igsh=ZDNlZDc0MzIxNw==,savvys_home,"52,600",Micro,2.76%," 36,500 ",29200,Male," 5,000 "," 20,000 "," 7,000 ","5,000",,No,Bangalore,South,Food,3
Dia,https://www.instagram.com/_diiaa__/,_diiaa__,"52,449",Micro,6.67%," 58,000 ",49300,Male," 5,000 "," 20,000 ",,,0.344827586,No,Delhi NCR,North,Fashion & Lifestyle,3
Shreya Sharma,https://www.instagram.com/shreyasharma_official?igsh=MTlrNXkwNmFsdWMyZw%3D%3D,shreyasharma_official,"52,300",Micro,13," 8,300 ",6640,Female," 1,500 "," 20,000 "," 2,000 ",2000,,No,Jaipur,West,Fashion & Lifestyle,3
Shivika,https://www.instagram.com/shivikadaulani._,shivikadaulani._,"52,000",Micro,1.8," 37,301 ",29841,Male," 1,00,000 "," 2,50,000 ",,300000,0.4,No,Delhi NCR,North,Fitness,3
Devlina,https://www.instagram.com/__devlina__/,__devlina__,"52,000",Micro,40.20%," 37,301 ","29,841",Female,," 40,000 ",,,,No,Assam,Northeast,Beauty,3
Dhriti,https://www.instagram.com/dhri.t,dhri.t,"52,000",Micro,3.65," 40,000 ",32000,Female," 35,000 "," 20,000 "," 3,000 ",10000,0.875,No,Mumbai,West,Fashion & Lifestyle,3
Avani Dalal,https://www.instagram.com/avanidalal8181?igsh=OGQ5ZDc2ODk2ZA==,avanidalal8181,"52,000",Micro,0.13," 18,000 ",14400,Female,," 5,000 ",,,,No,Delhi NCR,North,Fashion & Lifestyle,3
Anurag Yadav,https://www.instagram.com/invest.with.anurag?igsh=ZDNlZDc0MzIxNw==,invest.with.anurag,"51,700",Micro,3.72," 37,143 ",29714,Male," 10,000 "," 25,000 "," 1,500 ",7500,,No,Delhi NCR,North,Finance,3
Vishakha Prakash,https://www.instagram.com/vishakhaaa.p/,vishakhaaa.p,"51,600",Micro,1.74%," 36,030 ",28824,Female," 50,000 "," 1,00,000 "," 40,000 ","60,000",0.091800895,No,Delhi NCR,North,Beauty,3
Rushikesh Wayal,https://www.instagram.com/rushikesh_wayal__,rushikesh_wayal__,"51,164",Micro,3.28%," 69,784 ",55827.2,Male," 35,000 "," 12,000 "," 8,000 ",16000,0.501547633,No,Odisha,East,Fashion & Lifestyle,3
Riju,https://www.instagram.com/riijuuu/,riijuuu,"51,100",Micro,2.14%," 89,870 ",71896,Female,," 30,000 "," 15,000 ",5000,,No,Kerala,South,Beauty,3
Sourabh Gandhi,https://www.instagram.com/sabbyysg/,sabbyysg,"51,000",Micro,1.03," 6,000 ",4800,Male," 3,000 "," 1,50,000 "," 60,000 ",90000,0.064631131,No,Delhi NCR,North,Gaming,3
Vaibhabi Borah,https://www.instagram.com/vaibhavi_bora/,vaibhavi_bora,"51,000",Micro,1.39%," 36,788 ","29,430",Female," 1,500 "," 20,000 "," 2,000 ",,,No,Assam,Northeast,Fashion & Lifestyle,3
Explore Thane,https://www.instagram.com/explorethane?igsh=ZWZvOTA4ZXd1aTky,explorethane,"50,900",Micro,1.43," 40,500 ",32400,Female, 500 ," 12,000 "," 8,000 ",5000,0.276134776,No,Indore,Central,Travel,3
Akash,https://www.instagram.com/akashdahiya9/,akashdahiya9,"50,800",Micro,2.74%," 31,700 ",25360,Male,," 55,000 "," 10,000 ",35000,,No,Himachal,North,Fashion & Lifestyle,3
Arjun Deswal,https://www.instagram.com/arjun_deswal/,arjun_deswal,"50,666",Micro,28.24%," 36,030 ",28824,Male,," 35,000 ",,,,No,Mumbai,West,Beauty,3
divya jain,https://www.instagram.com/divi_1928?igsh=eGl3Njhvd25pYmJt,divi_1928,"50,600",Micro,1.48," 25,400 ",20320,Female," 3,50,000 "," 4,000 ",,,,No,Mumbai,West,Fashion & Lifestyle,3
Rajkumar,https://www.instagram.com/therajkumarsant/,therajkumarsant,"50,241",Micro,4," 35,841 ",28673,Male,," 3,00,000 "," 1,20,000 ",180000,,No,West Bengal,East,Beauty,3
Akansha,https://www.instagram.com/ftbaddictions/,ftbaddictions,"50,200",Micro,1.04%," 10,000 ",8000,Female,," 45,000 "," 7,000 ",20000,,No,Punjab,North,Beauty,3
Manthan Pawar,https://www.instagram.com/maxwrist_manthan/,maxwrist_manthan,"50,200",Micro,4.88," 1,55,000 ",124000,Female,," 30,000 "," 7,000 ",10000,,No,Mumbai,West,Beauty,3
Krutika kataria,https://www.instagram.com/crazymom_krutika?,crazymom_krutika,"50,200",Micro,2.02%," 9,200 ",7360,Female,," 7,000 "," 5,000 ",1500,,No,Mumbai,West,Fashion & Lifestyle,3
Shivani,https://www.instagram.com/shivani_karnica?igsh=MWl2OGJncnkxd2RtdQ==,shivani_karnica,"50,100",Micro,5.71%," 35,920 ",28736,Female,," 2,00,000 "," 1,20,000 ",80000,,No,Chennai,South,Comedy,3
Sarveshaa Swar,https://www.instagram.com/sarveshaa.swar/,sarveshaa.swar,"50,000",Micro,4.02%," 1,00,000 ",85000,Female,," 25,000 ",,,0.2,No,Delhi NCR,North,Beauty,3
Urnisha,https://www.instagram.com/urnishaswargari/,urnishaswargari,"50,000",Micro,3.25%," 12,000 ","10,200",Female," 50,000 "," 20,000 ",,,2,No,Mumbai,West,Fashion & Lifestyle,3
Pooja Garg,https://www.instagram.com/Pooja Garg/,pooja garg,"49,900",Micro,1.48%," 18,140 ","14,512",Male,," 1,20,000 "," 48,000 ",72000,,No,Delhi NCR,North,Music,3
Raunak,https://www.instagram.com/raunaktales?igsh=YjI0NXU1NGRjZGIy,raunaktales,"49,900",Micro,0.82," 34,050 ",27240,Male,," 6,000 "," 3,000 ",3000,,No,Delhi NCR,North,Fashion & Lifestyle,3
Meet Tanna,https://instagram.com/meettnna,meettnna,"49,700",Micro,1.17%," 11,900 ",9520,Male,," 5,000 "," 2,500 ","3,000",,No,Mumbai,West,Fashion & Lifestyle,3
Ithanda madurai,https://www.instagram.com/ithanda_madurai/,ithanda_madurai,"49,600",Micro,2.46," 36,015 ",28812,Female,," 15,000 ",,,,No,Bangalore,South,Fashion & Lifestyle,3
Anushank Seth,https://www.instagram.com/anushank_seth/,anushank_seth,"49,500",Micro,2.79%," 30,000 ",25500,Male," 1,00,000 "," 6,00,000 "," 4,50,000 ","1,00,000",0.363636364,No,Delhi NCR,North,Comedy,3
dr.vibhutidhaundiyal,https://www.instagram.com/dr.vibhutidhaundiyal/,dr.vibhutidhaundiyal,"49,500",Micro,5.06%," 36,030 ",28824,Female,," 60,000 "," 35,000 ",15000,,No,Delhi NCR,North,Beauty,3
Vidhur Kapoor,https://www.instagram.com/godbingeon/,godbingeon,"49,500",Micro,2.41%," 5,000 ",4000,Male,," 25,500 "," 10,500 ",7500,0.303030303,No,Mumbai,West,Travel,3
Arjit Mathur,https://www.instagram.com/thearjitmathur,thearjitmathur,"49,265",Micro,4.10%," 39,412 ",31530,Male, 300 ," 2,500 ",,,,No,Delhi NCR,North,Fashion & Lifestyle,3
Vijayalakshmi Krishna,https://instagram.com/iqradoesfitnesss,iqradoesfitnesss,"49,263",Micro,5.16%," 32,990 ",26392,Female," 30,000 "," 5,00,000 "," 2,00,000 ",300000,0.909366475,No,Delhi NCR,North,Fashion & Lifestyle,3
Subham Chaudhuri,https://www.instagram.com/bong_short/,bong_short,"49,263",Micro,15.03%," 36,158 ",28926,Male,," 1,00,000 "," 40,000 ",60000,,No,West Bengal,East,Fashion & Lifestyle,3
Olivia Chetia,https://www.instagram.com/iamoliviachetia/,iamoliviachetia,"49,235",Micro,5.23," 45,000 ",38250,Female," 25,000 "," 25,000 "," 1,00,000 ",50000,0.444444444,No,Bangalore,South,Beauty,3
Ratnika,https://www.instagram.com/ratnikavyas/,ratnikavyas,"49,100",Micro,2.64%," 13,800 ","11,040",Female," 50,000 "," 55,000 "," 35,000 ",35000,,No,Delhi NCR,North,Fashion & Lifestyle,3
Julie Huidrom,https://www.instagram.com/julie_huidrom/,julie_huidrom,"48,913",Micro,2.11," 36,329 ",29063,Female," 60,000 "," 15,000 "," 75,000 ",10000,,No,Manipur,Northeast,Beauty,3
Ashi Singh,https://www.instagram.com/ashi.singh/,ashi.singh,"48,900",Micro,2.09%," 55,324 ",44259,Female," 40,000 "," 1,75,000 "," 70,000 ",105000,,No,Delhi NCR,North,Entertainment,3
Nitin,https://www.instagram.com/nitinsaww/,nitinsaww,"48,800",Micro,4.05%," 1,36,984 ",109587,Male," 30,000 "," 3,00,000 "," 1,20,000 ",180000,0.219003679,No,Delhi NCR,North,Entertainment,3
Arjun Ajay,https://www.instagram.com/arjunajay400?igsh=cWl6OGJzdncxOHc3,arjunajay400,"48,700",Micro,4.82%," 50,000 ","40,000",Male," 30,000 "," 4,00,000 "," 1,60,000 ",240000,1,No,Mumbai,West,Entertainment,3
Anjali Choudhary,https://www.instagram.com/anjalichoudharyblog?igsh=aHY4aTEzaWMybmJw,anjalichoudharyblog,"48,700",Micro,1.5," 15,000 ",12000,Male," 40,000 "," 2,00,000 "," 1,20,000 ",80000,,No,Delhi NCR,North,Comedy,3
Ameer Ami,https://www.instagram.com/ameer__ami_,ameer__ami_,"48,700",Micro,48.49%," 2,27,200 ",181760,Female," 5,000 "," 30,000 "," 10,000 ",20000,,No,Delhi NCR,North,Travel,3
Pema,https://www.instagram.com/ig_chen___/,ig_chen___,"48,698",Micro,8.69," 36,015 ",28812,Female," 50,000 "," 10,000 "," 1,00,000 ","25,000",,No,Mumbai,West,Comedy,3
Harshita Dave,https://www.instagram.com/harshita_dave?igsh=MzRlODBiNWFlZA==,harshita_dave,"48,300",Micro,1.79," 76,800 ",61440,Female," 50,000 "," 31,000 "," 7,000 ",10000,,No,Mumbai,West,Beauty,3
Charmi,https://www.instagram.com/charmijoshi_/,charmijoshi_,"48,100",Micro,2.15%," 35,000 ","29,750",Female," 50,000 "," 2,50,000 "," 2,00,000 ",200000,0,No,Mumbai,West,Entertainment,3
Pari,https://www.instagram.com/pariagraharii/,pariagraharii,"48,100",Micro,7.2," 80,000 ",64000,Male," 30,000 "," 75,000 ",,,,No,Delhi NCR,North,Comedy,3
Harshil Tanwar,https://www.instagram.com/harshiltanwar/,harshiltanwar,"48,100",Micro,0.88," 26,030 ",20824,Female," 40,000 "," 15,000 "," 3,500 ",2500,,No,Mumbai,West,Beauty,3
Tamanna,https://www.instagram.com/medicotamanna,medicotamanna,"48,000",Micro,2.92," 40,000 ",32000,Female," 15,000 "," 55,000 "," 1,20,000 ",10000,,No,Delhi NCR,North,Beauty,3
Shreya Valecha,https://www.instagram.com/shreyavalecha/,shreyavalecha,"47,800",Micro,1.54," 8,200 ",6560,Male," 50,000 "," 10,00,000 "," 6,00,000 ",400000,,No,Pune,West,Comedy,3
Zui thitme,https://www.instagram.com/zuithitme/,zuithitme,"47,700",Micro,2.86%," 35,641 ",28513,Male," 1,50,000 "," 2,00,000 "," 80,000 ",120000,,No,Mumbai,West,Entertainment,3
Rajkumar Karki,https://www.instagram.com/rajkumarkarki___,rajkumarkarki___,"47,632",Micro,4.63%," 31,009 ","24,807",Male," 30,000 "," 20,000 "," 1,50,000 ",75000,1,No,Delhi NCR,North,Fashion & Lifestyle,3
Swarnali,https://www.instagram.com/swarnaliiiiiiii/,swarnaliiiiiiii,"47,612",Micro,8.35," 35,100 ",28080,Female," 75,000 "," 5,00,000 "," 2,00,000 ","3,00,000",1.00506553,No,West Bengal,East,Entertainment,3
Tanya Malhotra,https://instagram.com/Fitculturebytanya,fitculturebytanya,"47,572",Micro,3.79," 35,841 ",28673,Female," 30,000 "," 1,80,000 "," 72,000 ",108000,0.837030217,No,Delhi NCR,North,Entertainment,3
Ekta Thakur,https://www.instagram.com/theknottythreads?utm_source=ig_web_button_share_sheet&igsh=ZDNlZDc0MzIxNw==,theknottythreads,"47,400",Micro,2.16," 12,100 ",9680,Female," 50,000 "," 1,25,000 "," 50,000 ",75000,,No,Bangalore,South,Entertainment,3
jodhpurfoodie,https://www.instagram.com/jodhpurfoodie,jodhpurfoodie,"47,400",Micro,2.33%," 44,000 ",35200,Female," 50,000 "," 7,000 "," 2,50,000 ",50000,,No,Mumbai,West,Food,3
Sayra,https://www.instagram.com/Sayra_Pixie/,sayra_pixie,"47,100",Micro,8.99," 55,000 ",44000,Female," 12,000 "," 28,000 "," 20,000 ",10000,,No,Delhi NCR,North,Travel,3
Essie,https://www.instagram.com/essie.ez/,essie.ez,"47,000",Micro,1.23," 35,300 ",28240,Female," 65,000 "," 25,000 "," 2,85,000 ",75000,,No,Delhi NCR,North,Beauty,3
Nikita Tyagi,https://www.instagram.com/realnikitatyagi,realnikitatyagi,"46,900",Micro,9.32%," 90,000 ",72000,Female," 12,000 "," 55,000 "," 2,00,000 ",200000,,No,Delhi NCR,North,Entertainment,3
Kunal Rajput,https://www.instagram.com/subtle.strength?igsh=YnU3NTN2N3Y5bjFs,subtle.strength,"46,900",Micro,8.36%," 30,000 ","12,000",Male," 30,000 "," 50,000 "," 20,000 ",22500,1,No,Bangalore,South,Fashion & Lifestyle,3
Ashu Sethi,https://www.instagram.com/indyshades?igsh=MTRtN3UzeXdkamFqMA%3D%3D,indyshades,"46,800",Micro,1.2," 3,100 ",2480,Female," 70,000 "," 10,000 "," 1,75,000 ",70000,,No,Delhi NCR,North,Fashion & Lifestyle,3
Salima Mahjan,https://www.instagram.com/sailimahajannn?igsh=MXU0NjVlZnlycGljMA==,sailimahajannn,"46,700",Micro,2.45," 1,26,000 ",100800,Female," 75,000 "," 20,000 "," 2,000 ",4000,,No,Delhi NCR,North,Fashion & Lifestyle,3
Anisha Murudkar,https://www.instagram.com/anisha_blogs_?igsh=NjFqbHU2MTQxZjc1,anisha_blogs_,"46,600",Micro,2.01%," 16,600 ",13280,Female," 50,000 "," 3,000 "," 1,000 ","1,00,000",0.98027683,No,Mumbai,West,Beauty,3
Agam Jindal,https://www.instagram.com/agamjindal_1/,agamjindal_1,"46,564",Micro,2.31%," 44,000 ","37,400",Male," 1,00,000 "," 2,00,000 "," 80,000 ",120000,0,No,Mumbai,West,Entertainment,3
Sourabh,www.instagram.com/imsourabharya,www.instagram.com,"46,200",Micro,5.18%," 46,990 ",37592,Male," 30,000 "," 30,000 "," 5,000 ",35000,0.638433709,No,Indore,Central,Fashion & Lifestyle,3
Upadhaya,https://instagram.com/shefali_upadhyaya,shefali_upadhyaya,"46,100",Micro,3.51%," 47,225 ",37780,Female," 30,000 "," 2,25,000 "," 90,000 ",135000,0.63525675,No,Bangalore,South,Entertainment,3
adv_sandra__balan,https://www.instagram.com/adv_sandra__balan/reels/,adv_sandra__balan,"46,100",Micro,2.73," 35,100 ",28080,Female," 75,000 "," 30,000 "," 2,75,000 ",75000,,No,Kerala,South,Beauty,3
Nishi Bhardwaj,https://www.instagram.com/nishibhardwaj09/,nishibhardwaj09,"46,000",Micro,12.10%," 26,270 ",21016,Female," 2,00,000 "," 2,00,000 "," 80,000 ",120000,0.230769231,No,Mumbai,West,Entertainment,3
aparna_uppal,https://www.instagram.com/aparna_uppal?igsh=MTlnOG91dWwzdmxnbw==,aparna_uppal,"46,000",Micro,0.87," 45,000 ",36000,Female," 8,000 "," 20,000 "," 5,000 ",3000,0.3125,No,Hyderabad,South,Travel,3
Shweta,https://www.instagram.com/the_style_mermaid,the_style_mermaid,"45,806",Micro,4.95," 24,578 ",19662.4,Female," 30,000 "," 3,00,000 "," 1,20,000 ",180000,0.819266667,No,Delhi NCR,North,Entertainment,3
Suhani Dhawan,https://www.instagram.com/howwyouudoinnnn?igsh=YjlrdGgzaThla3ky,howwyouudoinnnn,"45,669",Micro,3.02," 45,000 ",38250,Male," 1,80,000 "," 2,00,000 "," 80,000 ",120000,0.444444444,No,Delhi NCR,North,Fashion & Lifestyle,3
Kush,https://www.instagram.com/kussh_25/,kussh_25,"45,500",Micro,1.16%," 53,275 ",42620,Male," 6,000 "," 12,000 "," 5,000 ","4,000",,No,Delhi NCR,North,Food,3
Prashant,https://www.instagram.com/prashanthification?igsh=eDd2cm84OGpqa3Zo,prashanthification,"45,400",Micro,5.28%," 55,000 ",44000,Male," 30,000 "," 3,00,000 "," 1,20,000 ",180000,0.545454546,No,Delhi NCR,North,Entertainment,3
Simran Chawla,https://www.instagram.com/Simran/,simran,"45,200",Micro,4.62%," 21,090 ",16872,Female,," 65,000 ",,,,No,Delhi NCR,North,Comedy,3
Yash,https://www.instagram.com/theyashhegde/,theyashhegde,"45,000",Micro,2.7," 35,537 ",28430,Female," 1,50,000 "," 3,00,000 "," 1,20,000 ",180000,,No,Mumbai,West,Music,3
Pragya Sharma,https://www.instagram.com/pragyasharma12_/,pragyasharma12_,"45,000",Micro,4.29," 17,000 ",14450,Female," 2,00,000 "," 20,000 "," 4,00,000 ",200000,1.176470588,No,Delhi NCR,North,Beauty,3
Gogi Tech,https://www.instagram.com/gogitechreal/,gogitechreal,"44,700",Micro,2.00%," 35,708 ",28566,Male," 3,50,000 "," 15,000 "," 10,000 ","3,50,000",,Yes,Pune,West,Fashion & Lifestyle,3
Mansi Choudhary,https://www.instagram.com/_.mindbloom._/,_.mindbloom._,"44,500",Micro,0.16%," 65,000 ",52000,Male,," 8,000 "," 4,000 ",3000,,No,Delhi NCR,North,Fashion & Lifestyle,3
rishita_soni,https://www.instagram.com/rishita_soni/,rishita_soni,"44,400",Micro,2.03%," 43,400 ",34720,Female," 2,00,000 "," 60,000 "," 20,000 ",20000,,No,Delhi NCR,North,Beauty,3
Anmol Babbar,https://www.instagram.com/anmolbabbarr/,anmolbabbarr,"44,200",Micro,2.63%," 35,708 ",28566,Male,," 80,000 "," 40,000 ",15000,,No,Delhi NCR,North,Beauty,3
Aanchal Verma,https://www.instagram.com/theaanchalverma/,theaanchalverma,"44,000",Micro,3.09%," 35,708 ","28,566",Male," 5,00,000 "," 1,50,000 "," 60,000 ",90000,,No,Delhi NCR,North,Entertainment,3
Raja Yadav,https://www.instagram.com/rajayadavv07//,rajayadavv07,"44,000",Micro,5.36%," 4,93,231 ","16,000",Male," 30,000 "," 1,00,000 "," 40,000 ",45000,1,No,Delhi NCR,North,Gaming,3
Bhagyashree Sharma,https://www.instagram.com/bhagyabro2/,bhagyabro2,"44,000",Micro,1.74%," 35,708 ",28566,Female," 2,00,000 "," 65,000 "," 3,50,000 ","1,50,000",0.81338,No,Assam,Northeast,Beauty,3
khushikumpawatt,https://www.instagram.com/khushikumpawatt/,khushikumpawatt,"44,000",Micro,3.62%," 23,000 ","18,400",Female," 50,000 "," 30,000 "," 10,000 ",3000,0,No,Mumbai,West,Beauty,3
Riya garg,https://www.instagram.com/scoop_n_slice?igsh=MzRlODBiNWFlZA==,scoop_n_slice,"44,000",Micro,0.85%," 21,200 ","16,960",Female," 4,000 "," 20,000 "," 5,000 ",3000,,No,Chhattisgarh,Central,Food,3
Shristi Pradhan,https://www.instagram.com/shristi_pradhan03/,shristi_pradhan03,"44,000",Micro,0.66%," 35,708 ","28,566",Female," 2,00,000 "," 15,000 "," 7,00,000 ",200000,,No,Mumbai,West,Fashion & Lifestyle,3
Venkatesh,https://www.instagram.com/burner.bits/,burner.bits,"43,900",Micro,6.02," 35,537 ",28430,Male," 8,00,000 "," 3,00,000 "," 1,20,000 ",180000,,No,Delhi NCR,North,Entertainment,3
Ritik,https://www.instagram.com/ritik__tanwar,ritik__tanwar,"43,883",Micro,3.94%," 23,664 ",18931.2,Male," 30,000 "," 3,00,000 "," 1,20,000 ",180000,0.7888,No,Delhi NCR,North,Fashion & Lifestyle,3
Yukta,https://www.instagram.com/yukta.sood?igsh=M3J2dWo5djJ1NWhm&utm_source=qr,yukta.sood,"43,800",Micro,6.59%," 50,000 ",42500,Female," 75,000 "," 2,00,000 "," 80,000 ",120000,0.363636364,No,Mumbai,West,Fashion & Lifestyle,3
Tejas Soni,https://www.instagram.com/tejassoni72/,tejassoni72,"43,700",Micro,1," 1,000 ",800,Female," 7,500 "," 12,000 "," 5,000 ",4000,,No,Delhi NCR,North,Fashion & Lifestyle,3
Kritika Sharma,https://www.instagram.com/_kritikaasharma/,_kritikaasharma,"43,600",Micro,1.03%," 50,000 ",40000,Female,," 55,000 "," 25,000 ",10000,,No,Delhi NCR,North,Beauty,3
Jilmil,https://www.instagram.com/ahomeofhappiness?utm_source=ig_web_button_share_sheet&igsh=ZDNlZDc0MzIxNw==,ahomeofhappiness,"43,600",Micro,2.64%," 8,600 ",6880,Female,," 32,000 "," 15,000 ",5000,,No,Mumbai,West,Fitness,3
Manpreet Singh,https://www.instagram.com/styylewithsingh?igsh=ZHFpazI1dHJyNWlw,styylewithsingh,"43,600",Micro,1.94%," 35,500 ",28400,Female," 3,000 "," 10,000 "," 6,000 ",2000,,No,Delhi NCR,North,Fashion & Lifestyle,3
khusburawat_,https://www.instagram.com/khusburawat_,khusburawat_,"43,500",Micro,3.50%," 15,000 ",12000,Female,," 18,000 "," 15,000 ",20000,,No,Delhi NCR,North,Fashion & Lifestyle,3
Mishti Khatri,https://www.instagram.com/mishtikhatri,mishtikhatri,"43,114",Micro,3.86%," 31,893 ",25514,Female," 30,000 "," 3,00,000 "," 1,80,000 ",120000,0.940645283,No,Mumbai,West,Entertainment,3
Shubrato Mitra,https://www.instagram.com/shubrato_mitra_/,shubrato_mitra_,"43,100",Micro,3.53%," 50,000 ",40000,Female,," 10,000 ",,,,No,Mumbai,West,Fashion & Lifestyle,3
Sneha Das,https://www.instagram.com/snehaforyou._/,snehaforyou._,"43,088",Micro,16.42%," 36,000 ",28800,Female," 50,000 "," 1,75,000 "," 70,000 ",105000,0.87092,No,West Bengal,East,Entertainment,3
Divya Jain,https://www.instagram.com/fashionandfoodfiesta/,fashionandfoodfiesta,"43,000",Micro,0.60%," 38,700 ",30960,Female," 10,000 "," 30,000 "," 7,000 ",5000,,No,Bangalore,South,Food,3
Darshana Das,https://www.instagram.com/darshanaa.das_/,darshanaa.das_,"43,000",Micro,4.81%," 12,000 ",10200,Female,," 15,000 ",,,1.666666667,No,Delhi NCR,North,Fashion & Lifestyle,3
Kajal Ningthouja,https://www.instagram.com/kajalningthouja/,kajalningthouja,"43,000",Micro,2.34," 35,787 ",28630,Female,," 15,000 ",,,,No,Hyderabad,South,Beauty,3
Tanmay,https://www.instagram.com/tanmaymandhann,tanmaymandhann,"43,000",Micro,3.17," 35,787 ",28630,Female,," 4,000 ",,,,No,Mumbai,West,Beauty,3
Akash V,https://www.instagram.com/explorevlogsyt,explorevlogsyt,"42,900",Micro,2.13%," 36,000 ",28800,Male," 1,00,000 "," 2,50,000 "," 2,75,000 ","50,000",,No,Trivandrum,South,Beauty,3
Poorvi,https://www.instagram.com/through.my_eyes?igsh=MXViNmo5NmJkcGhieQ==,through.my_eyes,"42,900",Micro,2.55," 5,900 ",4720,Female,," 6,000 "," 4,500 ","2,000",,No,Delhi NCR,North,Beauty,3
Tushar,https://www.instagram.com/tushtushaar?igsh=YTBmNHZyMHJvcHY2,tushtushaar,"42,800",Micro,9.18%," 25,000 ",16800,Male," 30,000 "," 1,55,000 "," 62,000 ","93,000",1.2,No,Delhi NCR,North,Entertainment,3
Varun,https://www.instagram.com/varun_annadani/,varun_annadani,"42,700",Micro,1.95%," 35,325 ",28260,Male,," 2,00,000 "," 80,000 ",120000,,No,Bangalore,South,Entertainment,3
Abhishek,https://www.instagram.com/abhi.lifts9/,abhi.lifts9,"42,600",Micro,3.88," 97,220 ",77776,Male," 85,000 "," 4,75,000 "," 3,50,000 ",75000,,No,Delhi NCR,North,Fashion & Lifestyle,3
CA PARAM - KmPound,https://instagram.com/kmpound?igshid=MzRlODBiNWFlZA==,kmpound,"42,600",Micro,11.66%," 35,325 ",28260,Male," 4,800 "," 12,000 ",,3600,,No,Delhi NCR,North,Finance,3
Pratik,https://www.instagram.com/thepopcornuniverse.in/,thepopcornuniverse.in,"42,500",Micro,8.52," 5,100 ",4080,Male," 50,000 "," 75,000 "," 45,000 ","30,000",0.033285203,No,Bangalore,South,Comedy,3
Karthik R Moily,https://www.instagram.com/the.street.vogue?igsh=MzJjcHNxYmlhd3lk,the.street.vogue,"42,400",Micro,7.84%," 38,600 ",30880,Male,," 25,000 "," 7,000 ","5,000",,No,Pune,West,Fashion & Lifestyle,3
aestheticsbyshruti,https://www.instagram.com/aestheticsbyshruti,aestheticsbyshruti,"42,389",Micro,49.75%," 35,500 ",28400,Female,," 20,000 "," 10,000 ",6000,,No,Mumbai,West,Beauty,3
Tanisha,https://www.instagram.com/tanishitater/,tanishitater,"42,286",Micro,6.26%," 34,400 ",27520,Male," 2,500 "," 10,000 "," 5,000 ",4000,,No,Delhi NCR,North,Fashion & Lifestyle,3
Archy Gupta,https://www.instagram.com/archy.gupta/,archy.gupta,"42,200",Micro,3.95," 25,200 ",20160,Female," 2,000 "," 10,000 "," 4,000 ",3000,0.545454546,No,Delhi NCR,North,Travel,3
Abhi Rantna Singh,https://www.instagram.com/abhiratnasingh?igsh=N3EzcGg4am8xZWs5,abhiratnasingh,"42,100",Micro,3.41," 35,100 ",28080,Male,," 15,000 ",,,,No,Bihar,East,Fashion & Lifestyle,3
Amulya Khaneja,https://instagram.com/amulyakhaneja?igshid=OGQ5ZDc2ODk2ZA==,amulyakhaneja,"42,100",Micro,1.48%," 35,100 ","28,080",Female,," 12,000 "," 5,000 ",2000,,No,Delhi NCR,North,Beauty,3
Prathiksha Shetty,https://www.instagram.com/prathiksha_shetty/,prathiksha_shetty,"42,014",Micro,88," 35,050 ",28040,Female,," 2,00,000 "," 80,000 ",120000,,No,Mumbai,West,Beauty,3
Ayusang,https://www.instagram.com/ayusang_jamir/,ayusang_jamir,"42,000",Micro,2.34," 35,100 ",28080,Female,," 20,000 ",,,,No,Nagaland,Northeast,Comedy,3
Yal Jomoh,https://www.instagram.com/yaljomo/,yaljomo,"42,000",Micro,5.15%," 35,100 ",28080,Female,," 15,000 ",,,,No,Mumbai,West,Beauty,3
Nancy,https://www.instagram.com/nansensei_/,nansensei_,"41,971",Micro,9.93%," 97,000 ","82,450",Female,," 2,25,000 "," 90,000 ",135000,0,No,Delhi NCR,North,Entertainment,3
Sara,https://www.instagram.com/withlovesaraa_,withlovesaraa_,"41,002",Micro,3.26," 18,000 ",15300,Female,," 2,50,000 "," 1,00,000 ",150000,0.363636364,No,Pune,West,Entertainment,3
Rutvi,https://www.instagram.com/rutvishahaha?igsh=aW4zMnB0ajdyenk1,rutvishahaha,"41,000",Micro,4.17%," 35,000 ",28000,Female,," 2,00,000 "," 80,000 ",120000,,No,Mumbai,West,Entertainment,3
Priyanka Jena,https://www.instagram.com/priyankaa_jena/,priyankaa_jena,"41,000",Micro,22.00%," 35,000 ","28,000",Female,," 20,000 ",,,,No,Odisha,East,Fashion & Lifestyle,3
Sushmita Tiwari,https://www.instagram.com/mumbaichimuskan/?igsh=ZWQza2cybGJiOW4x#,mumbaichimuskan,"41,000",Micro,0.22%," 5,500 ","4,400",Female," 50,000 "," 15,000 "," 7,000 ",5000,0,No,Delhi NCR,North,Fashion & Lifestyle,3
Pawan,https://www.instagram.com/pawan.calisthenic?igsh=MWUwbDRjeWF3aTdieA==,pawan.calisthenic,"41,000",Micro,2.28," 15,100 ",12080,Female," 3,000 "," 10,000 "," 4,000 ",2000,,No,Mumbai,West,Fashion & Lifestyle,3
https://www.instagram.com/sonam_udon/,https://www.instagram.com/sonam_udon/,sonam_udon,"40,827",Micro,2.31," 30,000 ",25500,Female,," 10,000 ",,,0.666666667,No,Meghalaya,Northeast,Fashion & Lifestyle,3
Pratima Tomar,https://www.instagram.com/@pratimatomarr,pratimatomarr,"40,800",Micro,3.99," 22,000 ",18700,Male,," 1,50,000 "," 60,000 ",67500,0.909090909,No,Pune,West,Entertainment,3
Smrithi Srikanth,https://www.instagram.com/smrithisrikanth/,smrithisrikanth,"40,800",Micro,2.51%," 9,597 ",7678,Female,," 36,000 "," 8,000 ","10,000",,No,Bangalore,South,Fashion & Lifestyle,3
udaipurbhog,https://www.instagram.com/udaipurbhog,udaipurbhog,"40,800",Micro,2.54," 35,000 ",28000,Female," 3,000 "," 20,000 ",,,,No,Udaipur,West,Food,3
Kreesha Thakkar,https://www.instagram.com/kreesha05?utm_source=ig_web_button_share_sheet&igsh=ZDNlZDc0MzIxNw==,kreesha05,"40,800",Micro,1.47," 4,700 ",3760,Female, 500 ," 3,000 ", 500 ,500,,No,Mumbai,West,Beauty,3
Ryan Suri,https://www.instagram.com/ryansurii/,ryansurii,"40,700",Micro,7.66," 92,550 ",74040,Male,," 6,00,000 "," 2,40,000 ",360000,0.333333333,No,Delhi NCR,North,Entertainment,3
Muskan Khandelwal,https://www.instagram.com/stylewithmuskan_/,stylewithmuskan_,"40,500",Micro,4.43," 58,000 ",46400,Female,," 3,00,000 "," 1,20,000 ",180000,,No,Delhi NCR,North,Entertainment,3
Subojeet Maity,https://www.instagram.com/subojeetttt?igsh=MWc5Nms3NG5qbXVzZg%3D%3D,subojeetttt,"40,300",Micro,1.53," 22,675 ",18140,Male,," 40,000 "," 10,000 ",7000,,No,Delhi NCR,North,Fashion & Lifestyle,3
Nidhi,https://www.instagram.com/serenenidhi/,serenenidhi,"40,254",Micro,2.51," 1,08,000 ",91800,Female,," 85,000 "," 34,000 ",38250,0.185185185,No,Chennai,South,Entertainment,3
Daksh Verma,https://www.instagram.com/dakshhliftss/,dakshhliftss,"40,200",Micro,3.14%," 97,621 ",78097,Male,," 2,20,000 "," 88,000 ",132000,,No,Delhi NCR,North,Entertainment,3
Deepanshi Parvesh,https://www.instagram.com/deepanshi_parvesh//,deepanshi_parvesh,"40,100",Micro,4.55%," 1,56,660 ",125328,Male,," 25,000 "," 15,000 ",5000,,No,Delhi NCR,North,Fashion & Lifestyle,3
ankitta.a,https://www.instagram.com/ankitta.a/reels/,ankitta.a,"40,000",Micro,3.50%," 31,900 ",25520,Female,," 30,000 ",,,,No,Assam,Northeast,Fashion & Lifestyle,3
Tanvi,https://www.instagram.com/tanvinutrition,tanvinutrition,"39,991",Micro,4.29," 61,611 ",49288.8,Female," 20,000 "," 1,70,000 "," 68,000 ",102000,0.324617357,No,Punjab,North,Entertainment,3
Anmol Trehan,https://www.instagram.com/thetrendmaniac/,thetrendmaniac,"39,920",Micro,3.17," 32,000 ",25600,Male,," 30,000 "," 10,000 ",20000,,No,Delhi NCR,North,Beauty,3
Daniel,https://www.instagram.com/daniel.makwana/,daniel.makwana,"39,600",Micro,0.41," 31,893 ",25514,Male,," 1,25,000 "," 50,000 ",75000,,No,Mumbai,West,Entertainment,3
eshviv,https://www.instagram.com/eshviv?utm_source=ig_web_button_share_sheet&igsh=ZDNlZDc0MzIxNw==,eshviv,"39,500",Micro,1.35," 31,900 ",25520,Female,," 1,20,000 "," 48,000 ",72000,,No,Mumbai,West,Entertainment,3
Rajeev Rajguru,https://www.instagram.com/liveitupwithrajeev?igsh=MW92dmM4YWFmdDZnOA==,liveitupwithrajeev,"39,500",Micro,8.86%," 28,400 ",22720,Male,," 15,000 "," 10,000 ","5,000",,No,Mumbai,West,Fashion & Lifestyle,3
Tanumita Ghosh,https://www.instagram.com/thankgod_itsfashion/,thankgod_itsfashion,"39,467",Micro,2.17%," 31,900 ",25520,Female," 10,000 "," 25,000 ",,7500,,No,Delhi NCR,North,Finance,3
The trading scholar,https://www.instagram.com/thetradingscholarr/,thetradingscholarr,"39,200",Micro,4.47%," 31,670 ",25336,Male," 8,000 "," 20,000 ",,"6,000",,No,Delhi NCR,North,Finance,3
Rajnandini Singh,https://www.instagram.com/thesassynandini_?igsh=bnI5aGNzajdqa2Vn,thesassynandini_,"39,000",Micro,9.30%," 30,670 ",24536,Female,," 35,000 ",,,,No,Delhi NCR,North,Beauty,3
Khushi Tiwari,https://www.instagram.com/khushitiwari18/,khushitiwari18,"38,700",Micro,7.13%," 17,000 ",13600,Female," 1,80,000 "," 6,00,000 "," 4,00,000 ",250000,,No,Delhi NCR,North,Comedy,3
Purbhasha,https://www.instagram.com/purbee/,purbee,"38,700",Micro,0.44%," 4,36,310 ",349048,Male,," 3,50,000 "," 1,40,000 ",210000,,Yes,Delhi NCR,North,Entertainment,3
Vipani,https://www.instagram.com/tasteof.travels,tasteof.travels,"38,700",Micro,0.86%," 12,000 ","9,600",Male,," 3,500 ",,,,No,Delhi NCR,North,Fashion & Lifestyle,3
Jayesh Yadav,https://www.instagram.com/ig_mr.jay/,ig_mr.jay,"38,600",Micro,5.79," 21,300 ",17040,Male,," 85,000 "," 34,000 ",51000,,Yes,Mumbai,West,Entertainment,3
Harita,https://www.instagram.com/thats.how.we.eat?igsh=MXJjdmRkdm5nNW9ndw==,thats.how.we.eat,"38,300",Micro,1.75%," 8,200 ",6560,Female," 2,500 "," 10,000 "," 7,500 ","5,000",,No,Mumbai,West,Beauty,3
Shalini Jha,https://www.instagram.com/missjha_greedyguts?utm_source=ig_web_button_share_sheet&igsh=ZDNlZDc0MzIxNw==,missjha_greedyguts,"38,100",Micro,3.43%," 19,600 ",15680,Male,," 70,000 "," 28,000 ",42000,,No,Delhi NCR,North,Entertainment,3
Siliguri Sutra,https://instagram.com/siliguri_sutra,siliguri_sutra,"38,100",Micro,1.10%," 29,579 ",23663,Female," 1,500 "," 10,000 "," 8,000 ",10000,1.005752907,No,Delhi NCR,North,Beauty,3
Sha & Ri,https://www.instagram.com/selfcareshari?igsh=MXQ3Zm9nanJoNDU2eg%3D%3D,selfcareshari,"38,000",Micro,8.79," 30,000 ",24000,Male,," 25,000 ",,,,No,Mumbai,West,Beauty,3
Padmaja,https://www.instagram.com/padmaja_deka/,padmaja_deka,"38,000",Micro,1.72%," 30,000 ",24000,Female,," 15,000 ",,,,No,Assam,Northeast,Fashion & Lifestyle,3
VD,https://www.instagram.com/her_pictions?igsh=eWhoeGpweTk2b290,her_pictions,"37,700",Micro,3.51%," 13,800 ",11040,Female," 50,000 "," 15,000 "," 5,000 ",5000,0.053970269,No,Bangalore,South,Travel,3
Uday Sodhani,https://www.instagram.com/udaysodhani/&igsh=ZDNlZDc0MzIxNw==,udaysodhani,"37,400",Micro,6.7," 27,450 ",21960,Male," 10,000 "," 25,000 ",,7500,,No,Pune,West,Finance,3
yea.chandni,https://www.instagram.com/yea.chandni,yea.chandni,"37,399",Micro,2.11%," 15,69,425 ",1255540,Female,," 20,000 ",,,,No,Assam,Northeast,Fashion & Lifestyle,3
Sejal,https://www.instagram.com/countingpathways,countingpathways,"37,300",Micro,3.16%," 5,000 ",4250,Male," 2,00,000 "," 8,00,000 "," 5,50,000 ",250000,0.181818182,No,Bangalore,South,Entertainment,3
Rabin S,https://www.instagram.com/rabinsphotography/,rabinsphotography,"37,300",Micro,1.11," 4,000 ",3200,Female," 50,000 "," 8,00,000 "," 3,20,000 ",480000,0.909388527,No,West Bengal,East,Beauty,3
Prajakta,https://www.instagram.com/icasperrr?igsh=MWUyNHQwY2Ywd2x6dw%3D%3D,icasperrr,"37,300",Micro,4.11%," 13,800 ",11040,Female," 50,000 "," 20,000 "," 12,000 ","6,000",0.333333333,No,Mumbai,West,Fashion & Lifestyle,3
Soumya Bharadwaj,https://www.instagram.com/soumyaaabhardwaj/,soumyaaabhardwaj,"37,225",Micro,99.30%," 28,990 ",23192,Female," 50,000 "," 1,20,000 "," 48,000 ",72000,0.909090909,No,Chandigarh,North,Beauty,3
Mahima Mahajan,https://www.instagram.com/mahima9?igsh=cXphbGFjc2I1a2kz,mahima9,"37,200",Micro,1.41%," 5,98,218 ",478574,Male,," 50,000 "," 20,000 ",30000,,No,Delhi NCR,North,Beauty,3
Priyanka,https://www.instagram.com/pryanka_shaw/,pryanka_shaw,"37,000",Micro,2.38," 45,000 ",38250,Male,," 2,00,000 "," 80,000 ",120000,0.181818182,No,West Bengal,East,Entertainment,3
Drishti Golya,https://www.instagram.com/drxshtxx/,drxshtxx,"37,000",Micro,3.50%," 40,000 ",32000,Male,," 87,000 "," 34,800 ",52200,,No,Jaipur,West,Fashion & Lifestyle,3
preppy.bunnie,https://www.instagram.com/preppy.bunnie?igsh=czFuZXd6anJ3bGNz,preppy.bunnie,"37,000",Micro,5.00%," 27,000 ","21,600",Female,," 20,000 ",,,1,No,Delhi NCR,North,Fashion & Lifestyle,3
Reecha Wangsaham,https://www.instagram.com/reecha___/,reecha___,"37,000",Micro,2.57%," 27,000 ","21,600",Female," 50,000 "," 15,000 ",,,0,No,Delhi NCR,North,Fashion & Lifestyle,3
Inu,https://www.instagram.com/inu_ngomdir25/,inu_ngomdir25,"37,000",Micro,15," 27,000 ",21600,Female,," 15,000 ",,,,No,West Bengal,East,Fashion & Lifestyle,3
annusriya07,https://www.instagram.com/annusriya07?igsh=eHRuOWJhaGdjNHVl,annusriya07,"37,000",Micro,3.40%," 40,000 ",32000,Female,," 15,000 ",,,,No,Mumbai,West,Fashion & Lifestyle,3
metevinu_kintso,https://www.instagram.com/metevinu_kintso/reels/,metevinu_kintso,"37,000",Micro,2.22%," 27,000 ",21600,Female,," 10,000 ",,,,No,Nagaland,Northeast,Beauty,3
Siddhee Singh,https://instagram.com/siddhee_singh?igshid=YmMyMTA2M2Y=,siddhee_singh,"36,974",Micro,3.8," 29,579 ",23663,Female," 2,000 "," 5,000 "," 3,000 ",3000,0.545454546,No,Pune,West,Beauty,3
Aarja,https://instagram.com/fitwithaabi,fitwithaabi,"36,500",Micro,5.72," 20,900 ",16720,Female," 20,000 "," 55,000 "," 40,000 ",15000,0.956937799,No,Delhi NCR,North,Fashion & Lifestyle,3
Aishwarya,https://www.instagram.com/fitphysioaishwaryaa,fitphysioaishwaryaa,"36,400",Micro,8.06," 20,000 ",15800,Female," 20,000 "," 85,000 "," 34,000 ",51000,1,No,Mumbai,West,Entertainment,3
Bhumi,https://www.instagram.com/bhumi_chalak?igsh=YWNkejFha2Y4dzZs,bhumi_chalak,"36,300",Micro,10.1," 6,980 ",5584,Female," 3,000 "," 10,000 "," 7,000 ",7000,,No,Bihar,East,Fashion & Lifestyle,3
Aadarsh,https://www.instagram.com/aadrsh.d?igsh=MW81djAwc3V2ejh3YQ==,aadrsh.d,"36,200",Micro,3.99," 20,000 ",12000,Male," 20,000 "," 1,50,000 "," 60,000 ",90000,1,No,Delhi NCR,North,Entertainment,3
Chiinmay Sankhe,https://www.instagram.com/_miraclelens/,_miraclelens,"36,200",Micro,2.78%," 8,600 ",6880,Female," 2,500 "," 12,000 "," 5,000 ",4000,0.5,No,Pune,West,Travel,3
Gayatri Agrawal,https://www.instagram.com/gayatri.tech/,gayatri.tech,"36,100",Micro,1.59%," 1,57,800 ",126240,Female," 2,000 "," 2,000 "," 1,500 ",,0.833333333,No,Bangalore,South,Fashion & Lifestyle,3
Vaibhav Singh,https://www.instagram.com/vaibhavsinghofficial,vaibhavsinghofficial,"36,036",Micro,3.20%," 17,39,147 ",1391317.6,Male," 20,000 "," 1,25,000 "," 50,000 ","75,000",0.01149989,No,Delhi NCR,North,Entertainment,3
Ankita Borah,https://www.instagram.com/miss_ankitaborah/,miss_ankitaborah,"36,000",Micro,1.6," 25,000 ",20000,Female,," 15,000 ",,,,No,Assam,Northeast,Fashion & Lifestyle,3
roseeeeeyyyyy__,https://www.instagram.com/roseeeeeyyyyy__/reels/,roseeeeeyyyyy__,"36,000",Micro,11.25%," 25,000 ",20000,Female,," 15,000 ",,,,No,Delhi NCR,North,Fashion & Lifestyle,3
Tanishi Ravani,https://www.instagram.com/tanishiravani?igsh=MXJyYjBqeDFuOXdyaw%3D%3D,tanishiravani,"35,800",Micro,2.96%," 5,000 ",4250,Male,," 2,00,000 "," 80,000 ",120000,0.181818182,No,Mumbai,West,Fashion & Lifestyle,3
Fooddby Salem,https://www.instagram.com/fooddbysalem/,fooddbysalem,"35,800",Micro,7.9," 25,000 ",20000,Female," 3,000 "," 10,000 "," 6,000 ",3000,,No,Delhi NCR,North,Food,3
yourgurlsonaliii,https://www.instagram.com/yourgurlsonaliii/,yourgurlsonaliii,"35,700",Micro,4.11," 4,00,000 ",320000,Female," 20,000 "," 1,60,000 ",,,,No,Bangalore,South,Comedy,3
Sakshi,https://www.instagram.com/drsakshichoubey?igsh=MTQzNnp0YmQ1dnd6Nw%3D%3D,drsakshichoubey,"35,700",Micro,0.25%," 3,300 ",2640,Female,," 7,000 "," 5,000 ",,,No,Delhi NCR,North,Beauty,3
Sky,https://www.instagram.com/skylurr.in/,skylurr.in,"35,500",Micro,2.92%," 35,000 ",28000,Male,," 4,00,000 "," 2,40,000 ","1,60,000",,No,Bangalore,South,Comedy,3
Unnati Bagul,https://www.instagram.com/friesandvogue?igsh=cHI0dmRkandyaTIz,friesandvogue,"35,500",Micro,1.74%," 25,300 ",20240,Female,," 30,000 "," 4,000 ",6000,,No,Goa,West,Beauty,3
pr4njali.l,https://www.instagram.com/pr4njali.l,pr4njali.l,"35,500",Micro,3.2," 40,000 ",32000,Male,," 16,000 ",,,,No,Mumbai,West,Fashion & Lifestyle,3
Muskan Sharma,https://www.instagram.com/blendwithmuskan?utm_source=ig_web_button_share_sheet&igsh=ZDNlZDc0MzIxNw==,blendwithmuskan,"35,500",Micro,2.39," 6,000 ",4800,Female," 1,500 "," 8,000 "," 4,000 ",10000,,No,Lucknow,North,Beauty,3
Sushma Sangwan,https://www.instagram.com/easy.peasy_home.decor?utm_source=ig_web_button_share_sheet&igsh=ZDNlZDc0MzIxNw==,easy.peasy_home.decor,"35,400",Micro,2.81%," 21,000 ",16800,Male," 50,000 "," 2,20,000 ",,60000,0.545454546,No,Delhi NCR,North,Finance,3
Ushvaaya,https://www.instagram.com/ushvaaya.kunder?igsh=MTdteWQ3M25tMjNxbA==,ushvaaya.kunder,"35,036",Micro,2.43," 15,000 ",12750,Female,," 2,00,000 "," 75,000 ",50000,0.666666667,No,Mumbai,West,Beauty,3
Nikhita,https://www.instagram.com/nikhita_konwar/,nikhita_konwar,"35,000",Micro,1.00%," 23,945 ",19156,Female,," 20,000 ",,,,No,Assam,Northeast,Fashion & Lifestyle,3
Barsha Thapa,https://www.instagram.com/barsha_thapa1111/,barsha_thapa1111,"35,000",Micro,2.64%," 95,200 ",76160,Female,," 20,000 ",,,,No,Bangalore,South,Comedy,3
Sashi Subba,https://www.instagram.com/bby_sasi/,bby_sasi,"35,000",Micro,1.00%," 23,945 ",19156,Female,," 15,000 ",,,,No,West Bengal,East,Beauty,3
Gini Haobizam,https://www.instagram.com/jini_haobizam/,jini_haobizam,"35,000",Micro,0.44%," 23,945 ",19156,Female,," 15,000 ",,,,No,Delhi NCR,North,Fashion & Lifestyle,3
Kunal Vishvakarma,https://www.instagram.com/thekunalvishwakarma/following/,thekunalvishwakarma,"35,000",Micro,1.58%," 2,58,625 ",206900,Male," 2,500 "," 2,500 "," 1,500 ",,,No,Mumbai,West,Beauty,3
sanskrati_pathak,https://www.instagram.com/sanskrati_pathak?igsh=MXhuaDlkMHlkMmwzbQ==,sanskrati_pathak,"34,900",Micro,5.45," 71,400 ",57120,Female,," 9,000 "," 5,000 ",2000,,No,Bangalore,South,Beauty,3
Payal,https://www.instagram.com/payalagarwall_,payalagarwall_,"34,774",Micro,2.52%," 15,000 ",12750,Male," 60,000 "," 2,00,000 ",,"70,000",0.666666667,No,Hyderabad,South,Finance,3
Shivam Singh,https://www.instagram.com/foodo_therapy/,foodo_therapy,"34,700",Micro,2.56%," 15,000 ",12000,Male," 3,000 "," 12,000 ",,,0.363636364,Yes,Delhi NCR,North,Food,3
Aayush,https://www.instagram.com/odishafoodcrush,odishafoodcrush,"34,600",Micro,7.71%," 24,250 ",19400,Male," 50,000 "," 12,000 "," 6,000 ",8000,0.452783714,No,Mumbai,West,Beauty,3
Archi,https://www.instagram.com/archipratik?igsh=MXBtN25nMW0xcjljMA==,archipratik,"34,200",Micro,4.82%," 45,000 ",36000,Female," 20,000 "," 3,00,000 "," 1,80,000 ",120000,0.444444444,No,Mumbai,West,Comedy,3
Hritika,https://www.instagram.com/dekahritika_/,dekahritika_,"34,000",Micro,4.72%," 25,000 ",20000,Female," 50,000 "," 15,000 ",,,0.117132503,No,Assam,Northeast,Beauty,3
Kajal Goyal,https://www.instagram.com/kajal_goyal__/,kajal_goyal__,"33,800",Micro,2.35," 27,450 ",21960,Male,," 3,50,000 "," 2,10,000 ",140000,0.375,No,Delhi NCR,North,Comedy,3
Meera Bhojani,https://www.instagram.com/meera.bhojani?igsh=OGQ5ZDc2ODk2ZA==,meera.bhojani,"33,700",Micro,0.68," 3,800 ",3040,Female,," 18,000 "," 7,000 ",,,No,Bihar,East,Beauty,3
Shruthi,https://www.instagram.com/ishruthigrao_/,ishruthigrao_,"33,600",Micro,5.2," 35,000 ",29750,Female," 15,000 "," 70,000 "," 15,000 ","30,000",0.181818182,No,Mumbai,West,Food,3
Poorvi,https://www.instagram.com/poorvisachan/,poorvisachan,"33,600",Micro,9.75%," 28,000 ",22400,Male," 15,000 "," 40,000 ",,,,No,Mumbai,West,Travel,3
Hardik Bafna,https://www.instagram.com/filmyhardik/,filmyhardik,"33,500",Micro,1.61%," 10,810 ",8648,Female,," 1,50,000 "," 60,000 ","90,000",,No,Surat,West,Fashion & Lifestyle,3
Saba,https://www.instagram.com/shoyeba21?igsh=MWtjdXQ0bzVnMWF4OA%3D%3D&utm_source=qr,shoyeba21,"33,500",Micro,0.45," 2,900 ",2320,Female,," 10,000 ",,2000,,No,Hyderabad,South,Beauty,3
Sanskriti Dixit,https://www.instagram.com/sansritidixit05/,sansritidixit05,"33,407",Micro,2.70%," 25,000 ",16000,Female," 20,000 "," 18,000 ",,,0.8,No,Delhi NCR,North,Fashion & Lifestyle,3
Rifah,https://www.instagram.com/_reifff?igsh=N3FzNWd1OTRsdGgy&utm_source=qr,_reifff,"33,359",Micro,2.90%," 26,687 ","21,350",Female,," 3,000 ",,,,No,Mumbai,West,Fashion & Lifestyle,3
Palak arora,https://www.instagram.com/paalak.paneerr/,paalak.paneerr,"33,200",Micro,1.03%," 50,000 ","40,000",Female,," 50,000 "," 20,000 ",50000,,No,Delhi NCR,North,Beauty,3
Carolyn,https://www.instagram.com/yogacaro/,yogacaro,"33,100",Micro,8.63," 25,000 ",20000,Female," 20,000 "," 1,20,000 "," 48,000 ",72000,0.8,No,Bangalore,South,Fashion & Lifestyle,3
Aryaman,https://www.instagram.com/aryamanmadaan/,aryamanmadaan,"33,000",Micro,1.31," 23,890 ",19112,Female,," 1,00,000 "," 40,000 ",60000,,No,Mumbai,West,Beauty,3
Swati,https://www.instagram.com/fitandfabwithswati?igsh=MWk2cW4xam52dWRkYg==,fitandfabwithswati,"33,000",Micro,2.61%," 5,500 ",4400,Female,," 28,000 "," 5,000 ","10,000",,No,Delhi NCR,North,Fitness,3
Prityka,https://www.instagram.com/prityka_/,prityka_,"33,000",Micro,2.90%," 23,890 ",19112,Female,," 25,000 ",,,,No,Manipur,Northeast,Fashion & Lifestyle,3
Chiranjeevi Soni,https://www.instagram.com/o_shibu10/,o_shibu10,"33,000",Micro,1.14%," 23,890 ",19112,Female,," 20,000 ",,,,No,Punjab,North,Fashion & Lifestyle,3
Tarangini goel,https://www.instagram.com/taranginiii/,taranginiii,"33,000",Micro,0.23," 23,890 ",19112,Male," 5,000 "," 20,000 "," 14,000 ",4000,,No,Bangalore,South,Beauty,3
foring00,https://www.instagram.com/foring00,foring00,"32,913",Micro,37.59," 23,945 ",19156,Female," 50,000 "," 15,000 ",,,0.072045279,No,Chandigarh,North,Fashion & Lifestyle,3
Laiba,https://www.instagram.com/laiibaa9/,laiibaa9,"32,900",Micro,2.28," 24,250 ",19400,Female,," 5,000 "," 3,000 ",2000,,No,Pune,West,Fashion & Lifestyle,3
Sakshi,https://www.instagram.com/sakshipal7_/,sakshipal7_,"32,800",Micro,3.42," 20,000 ",16000,Female," 20,000 "," 1,00,000 "," 60,000 ",40000,1,No,Mumbai,West,Comedy,3
Zohair Ahmed,https://www.instagram.com/zoer6n/,zoer6n,"32,700",Micro,2.45%," 82,600 ",66080,Female,," 15,000 ",,,,No,Mumbai,West,Fashion & Lifestyle,3
Gahna Wadhwa,https://www.instagram.com/gahnawadhwa/,gahnawadhwa,"32,700",Micro,2.30%," 28,000 ",22400,Female,," 8,000 "," 5,000 ",,,No,Delhi NCR,North,Food,3
Chandra,https://www.instagram.com/sickochand/,sickochand,"32,700",Micro,1.75%," 1,50,000 ",120000,Female, 500 ," 4,000 ", 500 ,500,,No,Mumbai,West,Travel,3
Archana Gujar,https://instagram.com/shimmershine_fit,shimmershine_fit,"32,630",Micro,3.57," 21,989 ",17591,Female," 20,000 "," 2,00,000 "," 80,000 ",120000,0.909545682,No,Mumbai,West,Beauty,3
Valine Punamia,https://www.instagram.com/valine.punamia?igsh=cDh4OWlmeWRiOGI4,valine.punamia,"32,500",Micro,2," 23,945 ",19156,Female," 50,000 "," 40,000 ",,,1,No,Delhi NCR,North,Beauty,3
Sejal,https://instagram.com/sejalgaikwadofficial,sejalgaikwadofficial,"32,500",Micro,1.67," 10,600 ",8480,Female,," 21,000 "," 4,000 ",9000,,No,Delhi NCR,North,Beauty,3
Aerica,https://www.instagram.com/aerica_the_eten_rovers/,aerica_the_eten_rovers,"32,400",Micro,5.72," 23,890 ",19112,Female," 1,50,000 "," 5,50,000 "," 2,75,000 ","1,00,000",,No,West Bengal,East,Comedy,3
Hia,https://www.instagram.com/hiasjournal?igsh=dGhvb2k3YWR5ZTR5,hiasjournal,"32,400",Micro,1.34%," 23,890 ",19112,Female,," 30,000 ",,,,No,Mumbai,West,Beauty,3
Sneha Chatterjee,https://www.instagram.com/@snehaaachatterjee,snehaaachatterjee,"32,400",Micro,2.33%," 24,000 ",20400,Female,," 20,000 ",,,0.416666667,No,Jaipur,West,Fashion & Lifestyle,3
Nemy Kipgen,https://www.instagram.com/nemykipgenofficial/,nemykipgenofficial,"32,254",Micro,1.49%," 23,839 ",19071,Female,," 25,000 ",,,,No,Delhi NCR,North,Fashion & Lifestyle,3
Ankita Poddar,https://www.instagram.com/ankitapoddaar/,ankitapoddaar,"32,188",Micro,1.77%," 5,289 ",4231,Female," 3,000 "," 8,000 "," 8,000 ","2,000",,No,Mumbai,West,Fashion & Lifestyle,3
Chayani,https://www.instagram.com/chayanikakashyap_/,chayanikakashyap_,"32,100",Micro,4.28%," 22,000 ",18700,Female,," 7,00,000 "," 4,20,000 ",280000,0.454545455,No,Bangalore,South,Comedy,3
Vanshika,https://www.instagram.com/vanshikaforpresident,vanshikaforpresident,"32,100",Micro,6.19," 3,00,000 ",255000,Female,," 3,00,000 "," 1,80,000 ",120000,0.181818182,No,Delhi NCR,North,Comedy,3
Prativa Tamang,https://www.instagram.com/prativa___tamang/,prativa___tamang,"32,000",Micro,4.67%," 6,000 ","5,100",Female,," 15,000 ",,,2,No,Delhi NCR,North,Fashion & Lifestyle,3
Christina Debbarma,https://www.instagram.com/christina.jd/,christina.jd,"32,000",Micro,10.19," 23,100 ",18480,Female,," 15,000 ",,,0.6,No,Delhi NCR,North,Fashion & Lifestyle,3
Aanchal Sharma,https://www.instagram.com/aaanchalsharma_/,aaanchalsharma_,"31,900",Micro,2.05," 1,34,000 ",107200,Male,," 1,50,000 "," 90,000 ",60000,,No,Mumbai,West,Comedy,3
Karthiga,https://www.instagram.com/karthiga_balas/,karthiga_balas,"31,850",Micro,3.53%," 16,000 ",13600,Male," 1,000 "," 2,000 "," 1,000 ","1,000",0.625,No,Chandigarh,North,Food,3
Garv Malik,https://www.instagram.com/imgarvmalik/,imgarvmalik,"31,800",Micro,4.10%," 10,000 ",8000,Male," 50,000 "," 35,000 ",,,0.286799206,No,Delhi NCR,North,Comedy,3
Ritu Moni Roy,https://www.instagram.com/sitzi_v/,sitzi_v,"31,800",Micro,1.88%," 7,377 ",5902,Female," 50,000 "," 15,000 "," 10,000 ",5000,0.079475841,No,Bangalore,South,Fashion & Lifestyle,3
Deepak Kumar,https://www.instagram.com/epicdipic/,epicdipic,"31,700",Micro,9.25," 9,000 ",7200,Male," 35,000 "," 2,15,000 ",,,,Yes,Bangalore,South,Comedy,3
Nirvaan,https://www.instagram.com/nirvainnn/,nirvainnn,"31,300",Micro,3.39%," 22,731 ","18,185",Male," 20,000 "," 60,000 ",,,,No,Chandigarh,North,Fashion & Lifestyle,3
Bitan Biswas,https://www.instagram.com/bong_foodlover?igsh=MThqODZxMXNiczRldQ==,bong_foodlover,"31,300",Micro,2.76%," 22,731 ",18185,Female,," 3,000 ", 700 ,1500,,No,West Bengal,East,Fashion & Lifestyle,3
Rhea / Anusruti,https://www.instagram.com/journey_with_rhea/,journey_with_rhea,"31,200",Micro,1.62%," 23,346 ","18,677",Female," 50,000 "," 5,000 ",,,0,No,Mumbai,West,Fashion & Lifestyle,3
Bhaumik & Vishva,https://www.instagram.com/thatgujjucouple?igsh=bXNoNGlkMHB6NHE=,thatgujjucouple,"31,100",Micro,5.4," 1,00,000 ",80000,Female," 8,000 "," 35,000 ",,,0.991669972,No,Ahmedabad,West,Fashion & Lifestyle,3
Riya Singh,https://www.instagram.com/__riyasingh,__riyasingh,"31,000",Micro,6.17%," 23,223 ",18578,Male," 52,000 "," 1,30,000 ",,"39,000",0.678571429,No,Lucknow,North,Finance,3
Geetu,https://www.instagram.com/_gee__tu_/,_gee__tu_,"31,000",Micro,2.56," 65,000 ",55250,Female," 50,000 "," 20,000 ",,,0.153846154,No,Delhi NCR,North,Fashion & Lifestyle,3
Sejal Jain,https://www.instagram.com/myfoodssnaps?igsh=bjQxdm5iYjcwOHEz,myfoodssnaps,"31,000",Micro,0.68," 30,100 ",24080,Female," 47,500 "," 10,000 ",,,0.951903808,No,Mumbai,West,Fashion & Lifestyle,3
Archana Gowda,https://www.instagram.com/acchuvgowda?igsh=MWR1eW43MTJnMmloNQ==,acchuvgowda,"30,800",Micro,1.72%," 22,916 ",18333,Female," 47,500 "," 6,000 "," 2,000 ",1000,0.919171005,No,Mumbai,West,Beauty,3
Elizabeth,https://www.instagram.com/thmkelly_/,thmkelly_,"30,745",Micro,3.25%," 40,000 ",34000,Female,," 20,000 ",,,0.25,No,Delhi NCR,North,Beauty,3
Snigdha,https://www.instagram.com/tsnigdha18?utm_source=ig_web_button_share_sheet&igsh=ZDNlZDc0MzIxNw==,tsnigdha18,"30,700",Micro,2.02," 5,400 ",4320,Male," 56,000 "," 1,40,000 ",,42000,,No,Varanasi,North,Technology,3
Rakhi,https://www.instagram.com/rakhi/,rakhi,"30,600",Micro,1.86%," 1,71,120 ",136896,Female,," 15,000 ",,,,No,Chennai,South,Fashion & Lifestyle,3
Sudhanshu Banotiya,https://www.instagram.com/thegullygrapher/,thegullygrapher,"30,500",Micro,1.28%," 3,000 ","2,400",Female,," 70,000 "," 35,000 ",15000,,No,Mumbai,West,Beauty,3
Vibhor Varshney (SEBI registered),https://www.instagram.com/nakulvibhor?igsh=ZDNlZDc0MzIxNw==,nakulvibhor,"30,500",Micro,24.80%," 22,731 ","18,185",Male," 6,000 "," 15,000 ",,4500,1,No,Delhi NCR,North,Finance,3
Pari patil,https://www.instagram.com/pari_patil05/,pari_patil05,"30,500",Micro,1.63," 53,850 ",43080,Female," 3,000 "," 9,500 "," 5,000 ",3000,,No,Mumbai,West,Food,3
Amisha,https://www.instagram.com/amishakeswani1?igsh=YWV5Nm9ma3c3ODU4,amishakeswani1,"30,400",Micro,0.79," 8,800 ",7040,Female,," 13,000 "," 7,000 ",3000,0.644391408,No,Delhi NCR,North,Beauty,3
Jessica Thomas,https://www.instagram.com/jessicx.thomxs?igsh=dXF1Z2U5cmc3bHk0,jessicx.thomxs,"30,300",Micro,9.40%," 33,000 ","26,400",Female," 47,500 "," 5,00,000 "," 2,00,000 ",300000,0,No,Kochi,South,Beauty,3
Justin Nadar,https://www.instagram.com/gdr_justin09/,gdr_justin09,"30,300",Micro,46.25," 1,44,300 ",115440,Male,," 55,000 "," 50,000 ",7500,0.666666667,No,Delhi NCR,North,Beauty,3
Sirjan,https://www.instagram.com/sirjjaann/,sirjjaann,"30,012",Micro,5.2," 40,000 ",34000,Male,," 70,000 "," 30,000 ",10000,0.181818182,No,Bangalore,South,Entertainment,3
Mansi Kataria,https://www.instagram.com/mansikatariaa/,mansikatariaa,"30,000",Micro,5.64%," 40,000 ",32000,Female,," 2,50,000 "," 1,50,000 ",100000,,No,Mumbai,West,Comedy,3
hiyanainanii,https://www.instagram.com/hiyanainanii,hiyanainanii,"30,000",Micro,19.85," 22,000 ",17600,Female," 5,000 "," 30,000 ",,,,No,Ahmedabad,West,Beauty,3
Willina Rai,https://www.instagram.com/ft.wills_/,ft.wills_,"30,000",Micro,3.63," 50,000 ",42500,Female,," 20,000 ",,,0.2,No,Delhi NCR,North,Fashion & Lifestyle,3
ketakitanwar,https://www.instagram.com/ketakitanwar?igsh=MW80dzlmOXg4MHFldQ==,ketakitanwar,"30,000",Micro,14.57%," 22,000 ",17600,Female,," 13,000 ",,,,No,Mumbai,West,Beauty,3
Muskaan khan,https://www.instagram.com/Muskaan Khan (@muskaeyyy) ? Instagram photos and videos/,muskaan khan (@muskaeyyy) ? instagram photos and videos,"30,000",Micro,4.19%," 12,000 ","9,600",Female,," 5,000 "," 3,500 ",3500,0,No,Bangalore,South,Fashion & Lifestyle,3
Krish Dhawan,https://www.instagram.com/_krxshhh22/,_krxshhh22,"29,900",Micro,3.40%," 3,588 ","2,870",Male," 47,500 "," 50,000 "," 30,000 ",20000,1,No,Delhi NCR,North,Comedy,3
Bhavya,https://www.instagram.com/dietitianbhavya,dietitianbhavya,"29,735",Micro,2.11," 20,000 ",15800,Female," 15,000 "," 50,000 "," 25,000 ",45000,0.75,No,Punjab,North,Beauty,3
Sanjana,https://www.instagram.com/sanjanaa_patill?igsh=MTRmZ3dnOTZlYjJvdg==,sanjanaa_patill,"29,600",Micro,12," 20,000 ",16000,Male," 3,000 "," 12,000 ",,,,No,Mumbai,West,Fashion & Lifestyle,3
Shankar Bhalla,https://www.instagram.com/shankar_unravelled?igsh=MTdvZm5yZ2oyMjlueQ==,shankar_unravelled,"29,500",Micro,1.87%," 15,000 ",12000,Male," 15,000 "," 45,000 ",,"8,000",,Yes,Mumbai,West,Finance,3
Mahek & Ashish,https://www.instagram.com/foodieofmumbai7?igsh=MmUxdXJtcng3dW02,foodieofmumbai7,"29,300",Micro,1.77%," 55,600 ",44480,Male," 47,500 "," 6,000 ",,,0.13886818,No,Delhi NCR,North,Fashion & Lifestyle,3
ciya.oswin,https://www.instagram.com/ciya.oswin?igsh=bjl4aHQ1bjZqNWJj,ciya.oswin,"29,000",Micro,4.80%," 17,000 ",13600,Female," 50,000 "," 2,50,000 ",,,1.509086288,No,Kochi,South,Beauty,3
Shivam Thakur,https://www.instagram.com/shivmthakur_?igsh=MW1zMWtpd2Y4ZTZwaQ==,shivmthakur_,"29,000",Micro,7.31," 20,000 ",16000,Female,," 1,70,000 "," 1,02,000 ",68000,,No,Delhi NCR,North,Comedy,3
Divija,https://www.instagram.com/imbabeyo/,imbabeyo,"29,000",Micro,45.75," 20,000 ",16000,Female,," 45,000 ",,,,No,Delhi NCR,North,Beauty,3
Verity Hynniewta,https://www.instagram.com/verity_hynniewta_/,verity_hynniewta_,"29,000",Micro,3.26," 20,000 ",16000,Female,," 25,000 ",,,,No,Meghalaya,Northeast,Fashion & Lifestyle,3
stay.fitforever,https://instagram.com/stay.fitforever,stay.fitforever,"28,961",Micro,4.79%," 12,330 ",9864,Female," 15,000 "," 1,20,000 ",,36000,0.822,No,Bangalore,South,Finance,3
shivanijaiswal_,https://www.instagram.com/shivanijaiswal_/reels/,shivanijaiswal_,"28,800",Micro,6.21," 12,000 ",9600,Male," 5,000 "," 18,000 ",,,,No,West Bengal,East,Fashion & Lifestyle,3
Aiswarya,https://www.instagram.com/4ishuu._/,4ishuu._,"28,500",Micro,2.03," 8,651 ",6921,Female,," 6,000 "," 3,000 ","2,500",,No,Delhi NCR,North,Beauty,3
Kanishka vijay,https://www.instagram.com/kanishkavijay,kanishkavijay,"28,414",Micro,3," 22,731 ",18185,Female,," 5,000 ",,,,No,Delhi NCR,North,Fashion & Lifestyle,3
Upasana Talukdar,https://www.instagram.com/mylove_homedecor?utm_source=ig_web_button_share_sheet&igsh=ZDNlZDc0MzIxNw==,mylove_homedecor,"28,300",Micro,2.87%," 7,000 ",5600,Female," 20,000 "," 70,000 ",,,,No,Pune,West,Comedy,3
Shivam Dhingra,https://instagram.com/shivam_dhingra7?igshid=MzRlODBiNWFlZA==,shivam_dhingra7,"28,300",Micro,2.65%," 20,000 ",16000,Male," 6,000 "," 15,000 ",,4500,,No,Delhi NCR,North,Finance,3
Madurai,https://www.instagram.com/madurai_thozha?igsh=MTNkN3NtYWpnNGJoNQ==,madurai_thozha,"28,300",Micro,1.78%," 20,000 ",16000,Male, 500 ," 1,000 ", 400 ,2000,,No,Mumbai,West,Food,3
Harshit Nirwan,https://www.instagram.com/harshitnirwan,harshitnirwan,"28,241",Micro,4.02%," 1,07,073 ",85658.4,Male," 15,000 "," 60,000 "," 15,000 ",10000,0.14009134,No,Jaipur,West,Beauty,3
Deepa Subba,https://www.instagram.com/deepasubba00/,deepasubba00,"28,000",Micro,3.20%," 20,000 ",16000,Female," 50,000 "," 25,000 ",,,0.294117647,No,Delhi NCR,North,Fashion & Lifestyle,3
Arshdeep singh,https://www.instagram.com/a4_arssh/?hl=en,a4_arssh,"27,800",Micro,2.21," 10,500 ",8400,Female,," 2,500 ",,,0.652173913,No,Delhi NCR,North,Beauty,3
Anshika Tiwari,https://www.instagram.com/anshiloveskanye/,anshiloveskanye,"27,700",Micro,1.94%," 1,49,000 ",119200,Male," 47,500 "," 6,00,000 "," 3,60,000 ",240000,0.102341575,No,Mumbai,West,Comedy,3
Shamika,https://instagram.com/shamikasamant?igshid=MzRlODBiNWFlZA==,shamikasamant,"27,700",Micro,2.27," 20,000 ",16000,Female,," 70,000 "," 10,000 ",10000,,No,Chennai,South,Beauty,3
Pinkcess,https://www.instagram.com/pinkcessdb/,pinkcessdb,"27,400",Micro,7.54%," 80,800 ",64640,Female," 1,500 "," 6,000 "," 7,000 ",10000,,No,Delhi NCR,North,Beauty,3
Simarjeet Singh,https://www.instagram.com/iamsimarjeetsiingh?igsh=MWg5M3U1c25oNGdyaQ==,iamsimarjeetsiingh,"27,200",Micro,7.39%," 17,000 ",8000,Male," 15,000 "," 4,00,000 "," 2,40,000 ",160000,0.882352941,No,Delhi NCR,North,Comedy,3
Mohit Watwanii,https://www.instagram.com/mohit_watwanii?igsh=NGRyaTMzeDJ2Y3cz,mohit_watwanii,"27,200",Micro,1.58%," 13,800 ","11,040",Male,," 12,000 "," 8,000 ",5000,0,No,Delhi NCR,North,Fashion & Lifestyle,3
Bansari,https://www.instagram.com/bansu_2410/,bansu_2410,"27,186",Micro,7.87," 11,995 ",9596,Male," 3,50,000 "," 2,50,000 ",,,,No,Vadodara,West,Education,3
Geetu Moni,https://www.instagram.com/geetu_moni22/,geetu_moni22,"27,000",Micro,1.07%," 20,000 ",16000,Female," 47,500 "," 20,000 ",,,0.971370143,No,Assam,Northeast,Fashion & Lifestyle,3
Camelia,https://www.instagram.com/cami_langstang/,cami_langstang,"27,000",Micro,1.82," 20,000 ",16000,Female,," 15,000 ",,,,No,Meghalaya,Northeast,Fashion & Lifestyle,3
Caroline Rebello,https://www.instagram.com/caroline_powerlifts/?hl=en,caroline_powerlifts,"27,000",Micro,2.18," 15,700 ",12560,Male," 47,500 "," 1,000 ",,,0.863636364,No,Delhi NCR,North,Food,3
Vishwa,https://www.instagram.com/vishwajagtap?igsh=MWdtN2V0aWd5MGZr,vishwajagtap,"26,700",Micro,1.14%," 14,700 ",11760,Female,," 5,000 "," 2,000 ","2,000",,No,Mumbai,West,Fashion & Lifestyle,3
Komal Singh,https://www.instagram.com/komal.singh03,komal.singh03,"26,472",Micro,4.33%," 19,229 ",15383.2,Female," 15,000 "," 45,000 "," 35,000 ",25000,0.780071767,No,Delhi NCR,North,Fashion & Lifestyle,3
Riya Rathi,https://www.instagram.com/ivyri.va/,ivyri.va,"26,400",Micro,3.74%," 72,250 ",57800,Female," 50,000 "," 2,00,000 "," 1,80,000 ",50000,,No,Delhi NCR,North,Beauty,3
Haadiya,https://www.instagram.com/skincare.haadiya?igsh=MXF1MjFjZ2dlZjRkcg==,skincare.haadiya,"26,300",Micro,3.99%," 20,000 ",16000,Female," 50,000 "," 18,000 ",,,0.416562526,No,Delhi NCR,North,Beauty,3
Mohammad Anwarshah,https://instagram.com/xshah_.ash?igshid=YmMyMTA2M2Y=,xshah_.ash,"26,200",Micro,3.75%," 20,000 ","16,000",Male," 50,000 "," 4,00,000 ",,,,No,Kerala,South,Fashion & Lifestyle,3
Sejal Banodha,https://www.instagram.com/sejalbanodha?igsh=em5rd3QxMXQzemlq,sejalbanodha,"26,100",Micro,4.33%," 75,100 ",60080,Female," 47,500 "," 7,000 ",,,0.112001886,No,Delhi NCR,North,Food,3
Khusi,https://www.instagram.com/khusinewar_/,khusinewar_,"26,000",Micro,1.6," 20,000 ",16000,Female,," 20,000 ",,,,No,Assam,Northeast,Beauty,3
Radhya Bhati,https://www.instagram.com/radhya_bhati/profilecard/?igsh=NDhzeWs2Z20xcjJw,radhya_bhati,"26,000",Micro,2.95%," 11,100 ",8880,Female,," 18,000 "," 5,000 ","3,500",,No,Delhi NCR,North,Fashion & Lifestyle,3
Krishi Vadhani,https://www.instagram.com/krishiivadhani?igsh=cDRhM3F6dHZ1NHNk,krishiivadhani,"26,000",Micro,14.55%," 7,400 ",5920,Female,," 15,000 "," 15,000 ","7,000",,No,Delhi NCR,North,Beauty,3
Ankita,https://www.instagram.com/ankuhavocc/,ankuhavocc,"25,800",Micro,9.32%," 1,51,320 ","1,21,056",Female," 30,000 "," 1,50,000 ",,,,No,Punjab,North,Fashion & Lifestyle,3
Neshka Savera,https://www.instagram.com/neshkasavera/,neshkasavera,"25,800",Micro,7.35%," 15,279 ",12223,Female,," 85,000 "," 50,000 ",30000,,Yes,Mumbai,West,Beauty,3
Ishita Malviya,https://www.instagram.com/surfishita/,surfishita,"25,700",Micro,4.8," 16,600 ",13280,Female," 75,000 "," 4,00,000 "," 3,50,000 ",75000,,No,Kerala,South,Comedy,3
Ananya Bhonsle,https://www.instagram.com/ananya_bhonsle?igsh=MjJ0Zmc2Z2ViMG9i,ananya_bhonsle,"25,700",Micro,0.66," 7,600 ",6080,Female,," 28,000 "," 7,000 ",8000,0.37037037,No,Delhi NCR,North,Fashion & Lifestyle,3
harshit doshi,https://www.instagram.com/musafir_dil_harshi/,musafir_dil_harshi,"25,700",Micro,1.9," 4,800 ",3840,Female,," 28,000 "," 9,000 ",7000,,No,Delhi NCR,North,Beauty,3
Maq,https://www.instagram.com/maqrotech/,maqrotech,"25,600",Micro,2.16," 2,700 ",2160,Male," 6,000 "," 30,000 "," 18,000 ","8,000",,No,Delhi NCR,North,Fashion & Lifestyle,3
Riya,https://www.instagram.com/riyamota04/,riyamota04,"25,555",Micro,0.95%," 15,607 ",12486,Female,," 15,000 "," 8,000 ",5000,,No,Mumbai,West,Beauty,3
Pratibha,https://www.instagram.com/pratibharies/,pratibharies,"25,500",Micro,1.20%," 1,900 ",1520,Female," 2,00,000 "," 1,20,000 ",,,,No,Bangalore,South,Finance,3
Isha & Aashi,https://www.instagram.com/whatthetwinssate/,whatthetwinssate,"25,500",Micro,0.41%," 34,600 ",27680,Female,," 6,000 ",,,0.344827586,No,Mumbai,West,Beauty,3
Apoorva Bhatt,https://www.instagram.com/Homes of Inspiration/,homes of inspiration,"25,400",Micro,2.06," 18,000 ",14400,Male,," 1,00,000 "," 60,000 ",40000,,No,Bangalore,South,Fashion & Lifestyle,3
Riyaz Khan,https://www.instagram.com/mnameisriyaz?igsh=MXVxbHVlc3M4czNxOQ==,mnameisriyaz,"25,400",Micro,8.92%," 24,200 ","19,360",Male,," 5,000 "," 1,500 ",7000,,No,Hyderabad,South,Fashion & Lifestyle,3
Aneesh Prabhakar,https://www.instagram.com/aneesh.prabhakar_/,aneesh.prabhakar_,"25,200",Micro,12.95%," 1,25,000 ","1,00,000",Female,," 1,00,000 "," 45,000 ",15000,1,No,Bangalore,South,Beauty,3
Ankita,https://www.instagram.com/explorewith_ankita?igsh=aTJrMDJmemZtb2Vs,explorewith_ankita,"25,200",Micro,1.73%," 20,000 ","16,000",Male," 45,000 "," 8,000 "," 4,800 ",3200,1,No,Delhi NCR,North,Comedy,3
Prerna Gawade,https://www.instagram.com/living_with_perry?igsh=MTZ2M2Nza2Q2Z2dmZA==,living_with_perry,"25,100",Micro,0.81," 20,176 ",16141,Female,," 4,000 ",,,,No,Delhi NCR,North,Travel,3
Pemu ghising,https://instagram.com/pemughising_/,pemughising_,"25,000",Micro,14.93," 20,000 ",16000,Female,," 20,000 ",,,,No,West Bengal,East,Beauty,3
Yash,https://www.instagram.com/fooddieyash,fooddieyash,"25,000",Micro,7.63%," 35,000 ",28000,Male,," 4,000 ",,,,No,Delhi NCR,North,Fashion & Lifestyle,3
abhishreeakolkar,https://www.instagram.com/abhishreeakolkar/,abhishreeakolkar,"24,900",Micro,2.50%," 26,900 ",21520,Female,," 15,000 "," 4,000 ",6000,0.394736842,No,Delhi NCR,North,Fashion & Lifestyle,3
Pranit Jhadav,https://www.instagram.com/ft.pranit/,ft.pranit,"24,814",Micro,4.79%," 20,000 ","16,000",Male,," 3,00,000 "," 1,80,000 ",120000,,No,Mumbai,West,Comedy,3
Food hub Mysuru,https://www.instagram.com/foodhubmysuru/,foodhubmysuru,"24,700",Micro,5.4," 20,000 ",16000,Female," 1,500 "," 3,000 "," 2,000 ",,,No,Hyderabad,South,Fashion & Lifestyle,3
Reehal baig,https://www.instagram.com/reehalbaigofficial/,reehalbaigofficial,"24,688",Micro,4.01%," 10,036 ",8028.8,Male," 15,000 "," 75,000 "," 35,000 ","1,00,000",0.669066667,No,Bangalore,South,Fashion & Lifestyle,3
sanu.official_,https://www.instagram.com/sanu.official_,sanu.official_,"24,600",Micro,6.84," 42,000 ",33600,Male," 45,000 "," 5,50,000 "," 3,30,000 ",220000,1,No,Bangalore,South,Comedy,3
Preksha,https://www.instagram.com/_.prek.__//,_.prek.__,"24,600",Micro,3.14%," 1,28,440 ",102752,Male,," 50,000 "," 30,000 ","20,000",,No,Kerala,South,Comedy,3
Gursimar,https://www.instagram.com/_gursimarora_?igsh=cWozMGN3cm81MW1h,_gursimarora_,"24,600",Micro,2.21%," 24,100 ",19280,Female,," 20,000 "," 12,000 ",20000,,No,West Bengal,East,Beauty,3
Trishala Sharma,https://www.instagram.com/trishala.sharma?igsh=MXJoOXRrcWpsb3Npag==,trishala.sharma,"24,600",Micro,0.27%," 1,000 ",800,Female,," 8,000 "," 5,000 ",3000,,No,Mumbai,West,Beauty,3
Khushi Sanghvi,https://www.instagram.com/khushisanghavi_28/profilecard/?igsh=bGJzd3FvcXMxZzR4,khushisanghavi_28,"24,500",Micro,2.19%," 42,500 ",34000,Female,," 5,000 "," 2,500 ",1000,,No,Delhi NCR,North,Fashion & Lifestyle,3
Arvindh,https://www.instagram.com/arvindhhh_/,arvindhhh_,"24,100",Micro,5.2," 40,000 ",34000,Male," 24,000 "," 60,000 ",,18000,0.181818182,No,Delhi NCR,North,Business & Marketing,3
Jhilmil Vashistha,https://www.instagram.com/jhilmil_vashistha/,jhilmil_vashistha,"24,100",Micro,2.17%," 4,900 ",3920,Female,," 25,000 "," 18,000 ",1000,,No,Delhi NCR,North,Beauty,3
Shine Grover,https://www.instagram.com/shyyniee/,shyyniee,"24,100",Micro,8.75%," 48,000 ","38,400",Male," 4,000 "," 12,000 ",,,,No,Delhi NCR,North,Fashion & Lifestyle,3
Kumar Sangam,https://www.instagram.com/kumarsangam07/,kumarsangam07,"24,000",Micro,4.27%," 9,000 ",7200,Female,," 4,000 ",,,,No,Bangalore,South,Fashion & Lifestyle,3
The Glorious Gourmet,https://www.instagram.com/the_glourious_gourmet?igsh=eWVwbnc2bzZrYjRr,the_glourious_gourmet,"23,900",Micro,3.00%," 12,745 ",10196,Male," 5,000 "," 20,000 "," 7,000 ",5000,,No,Delhi NCR,North,Food,3
vedika,https://www.instagram.com/vedika_kaul_vyas/,vedika_kaul_vyas,"23,900",Micro,2.33," 23,300 ",18640,Female,," 3,000 ",,,,No,Mumbai,West,Fashion & Lifestyle,3
Puja Boro,https://www.instagram.com/puja_boro__1/,puja_boro__1,"23,700",Micro,3.90%," 20,000 ",16000,Female," 50,000 "," 13,000 ",,,0.89926,No,Delhi NCR,North,Fashion & Lifestyle,3
Shefali,https://www.instagram.com/itsshefalii/,itsshefalii,"23,700",Micro,2.00%," 7,052 ","5,642",Female," 1,500 "," 3,000 "," 2,500 ",2000,,No,Mumbai,West,Fashion & Lifestyle,3
Swetha and Devrath,https://www.instagram.com/sweatyninjas?igsh=amRtOWp6ZnhhOTFw,sweatyninjas,"23,500",Micro,8.63," 20,000 ",12000,Female," 15,000 "," 85,000 "," 22,000 ",10000,0.75,No,Delhi NCR,North,Beauty,3
Deepti Asthana,https://www.instagram.com/deeptiasthana/,deeptiasthana,"23,400",Micro,1.97," 3,300 ",2640,Male," 45,000 "," 2,75,000 ",,,0.133631083,No,Mumbai,West,Beauty,3
Revati,https://www.instagram.com/revatipalshetkar?igsh=b285andnbjc3aGl5,revatipalshetkar,"23,300",Micro,0.39," 2,500 ",2000,Female,," 12,000 "," 8,000 ","16,000",0.635294118,No,Delhi NCR,North,Fashion & Lifestyle,3
Chaitanya,https://www.instagram.com/cbskurnool/,cbskurnool,"23,300",Micro,2.55%," 20,176 ",16141,Female,," 3,000 ",,,,No,Delhi NCR,North,Fashion & Lifestyle,3
ruuhita,https://www.instagram.com/ruuhita,ruuhita,"23,240",Micro,1.19%," 26,000 ",20800,Female,," 25,000 "," 8,000 ","3,000",,No,Mumbai,West,Beauty,3
Alka,https://www.instagram.com/mycradleofdreams?utm_source=ig_web_button_share_sheet&igsh=ZDNlZDc0MzIxNw==,mycradleofdreams,"23,100",Micro,2.65," 12,200 ",9760,Female,," 40,000 "," 30,000 ",50000,,No,Mumbai,West,Fashion & Lifestyle,3
Ankita Chatterjee,https://www.instagram.com/ankitachatterjee._?igsh=MWJyMXRnNnNoYnFnag==,ankitachatterjee._,"23,100",Micro,2.63%," 8,000 ",6400,Female," 45,000 "," 30,000 "," 7,000 ",10000,0.580630177,No,Mumbai,West,Beauty,3
Taniya Biswas,https://www.instagram.com/taniyabis/?hl=en,taniyabis,"23,000",Micro,1.02%," 21,000 ",16800,Female,," 55,000 "," 2,000 ",40000,,No,Mumbai,West,Fashion & Lifestyle,3
Deepa Achom,https://www.instagram.com/deepa.achom/,deepa.achom,"23,000",Micro,3.72," 21,000 ",16800,Female,," 15,000 ",,,,No,Manipur,Northeast,Fashion & Lifestyle,3
Almas Siddique,https://www.instagram.com/_almassiddique_/,_almassiddique_,"22,800",Micro,1.02," 7,200 ",5760,Female,," 38,000 "," 18,000 ",15000,,No,Mumbai,West,Beauty,3
Pratik Pawar,https://www.instagram.com/pratikpawarr/,pratikpawarr,"22,700",Micro,6.16," 1,25,620 ",100496,Male,," 6,000 ",,,,No,Mumbai,West,Beauty,3
TheDevilMayCry,https://www.instagram.com/the_devil_may_cry46,the_devil_may_cry46,"22,600",Micro,1.51%," 23,000 ",18400,Female, 500 ," 2,000 "," 1,000 ",1000,,No,Punjab,North,Food,3
Krisha Jain,https://www.instagram.com/krisha_jain?igsh=MXBrNDJjazBxNDJsbw==,krisha_jain,"22,500",Micro,0.88%," 5,800 ",4640,Female," 50,000 "," 15,000 "," 3,500 ",2500,0.833333333,No,Delhi NCR,North,Beauty,3
Aaditya,https://www.instagram.com/thebufffguy/,thebufffguy,"22,500",Micro,1.46%," 83,630 ",66904,Male,," 15,000 ",,,,No,Mumbai,West,Travel,3
Akshit Tyagi,https://www.instagram.com/Akshit/,akshit,"22,300",Micro,2.27%," 22,300 ",17840,Female,," 5,00,000 "," 3,00,000 ",200000,,No,Delhi NCR,North,Comedy,3
bike wale baba,https://www.instagram.com/univarsal_bike_knowledge,univarsal_bike_knowledge,"22,300",Micro,2.26," 15,700 ",12560,Male," 45,000 "," 1,50,000 "," 90,000 ",60000,1,No,Delhi NCR,North,Comedy,3
Vishakha Biswas,https://www.instagram.com/bisuonthego/,bisuonthego,"22,000",Micro,14.05," 15,000 ",12000,Female,," 2,00,000 "," 80,000 ",50000,,No,Mumbai,West,Gaming,3
Mimy Liansangpuii,https://www.instagram.com/stylewithmimy/,stylewithmimy,"22,000",Micro,40.95%," 15,000 ","12,000",Female,," 20,000 ",,,,No,Mumbai,West,Fashion & Lifestyle,3
Tanya Pandey,https://www.instagram.com/tanyyaa.a/,tanyyaa.a,"22,000",Micro,2.3," 15,000 ",12000,Female,," 15,000 ",,,,No,Chandigarh,North,Beauty,3
Bhavika,https://www.instagram.com/absolutelyanugget/,absolutelyanugget,"22,000",Micro,0.12%," 50,000 ",40000,Female," 45,000 "," 15,000 "," 10,000 ",0,1,No,Mumbai,West,Beauty,3
Abhinav,https://instagram.com/denimen_?igshid=YmMyMTA2M2Y=,denimen_,"21,800",Micro,0.84%," 12,722 ",10178,Male,," 1,00,000 "," 70,000 ",25000,,No,Kerala,South,Beauty,3
Pratima srivas,https://www.instagram.com/pratima_srivas97,pratima_srivas97,"21,711",Micro,4.38%," 49,629 ",39703,Female," 15,000 "," 1,00,000 "," 1,00,000 ",40000,0.30224264,No,Delhi NCR,North,Beauty,3
Hiteshi Dodiya,https://www.instagram.com/_hiteshi_/,_hiteshi_,"21,600",Micro,4.37," 12,700 ",10160,Female," 50,000 "," 25,000 ",,,0.087173166,No,Mumbai,West,Beauty,3
Vaishnavi,https://www.instagram.com/_vaishnaavi/,_vaishnaavi,"21,500",Micro,2.24," 10,300 ",8240,Female,," 45,000 "," 10,000 ",5000,,No,Mumbai,West,Beauty,3
Alay Shah,https://www.instagram.com/alayshahvlogs/,alayshahvlogs,"21,500",Micro,0.25," 9,112 ",7290,Male,," 20,000 "," 2,000 ",4000,,No,Mumbai,West,Fashion & Lifestyle,3
Sakshi Jhunjhunwala,https://www.instagram.com/jhunjhunwalasakshi/,jhunjhunwalasakshi,"21,300",Micro,0.89%," 10,700 ",8560,Female,," 18,000 "," 3,500 ","3,000",0.545454546,No,Mumbai,West,Fashion & Lifestyle,3
Siddhi Chettri,https://www.instagram.com/siddhichettrii/,siddhichettrii,"21,000",Micro,34.39%," 12,473 ",9978,Female," 40,000 "," 15,000 ",,,1,No,West Bengal,East,Fashion & Lifestyle,3
Yate Nabam,https://www.instagram.com/yate.nabam/,yate.nabam,"21,000",Micro,2.56%," 12,473 ","9,978",Female," 40,000 "," 15,000 ",,,0,No,Mumbai,West,Fashion & Lifestyle,3
Mayank Sachdeva,https://www.instagram.com/shoe_chhey/,shoe_chhey,"20,700",Micro,1.22," 92,010 ",73608,Female,," 35,000 "," 30,000 ",15000,,Yes,Delhi NCR,North,Beauty,3
Simran bakhtiyar,https://instagram.com/ca_simranbakhtiyar?igshid=MzRlODBiNWFlZA==,ca_simranbakhtiyar,"20,700",Micro,5.2," 12,700 ",10160,Female," 7,200 "," 18,000 ",,5400,,No,Chhattisgarh,Central,Finance,3
Aditi Patil,https://www.instagram.com/aditipatill02?igsh=MTE0bzVnNzU2dTF4bA==,aditipatill02,"20,700",Micro,3.12%," 8,200 ",6560,Female," 4,000 "," 8,000 "," 10,000 ",8000,0.98027683,No,Mumbai,West,Fashion & Lifestyle,3
Bindu Garg,https://www.instagram.com/un_leashed_spirit,un_leashed_spirit,"20,677",Micro,2.57," 74,559 ",59647.2,Female," 15,000 "," 3,000 "," 3,000 ",3000,0.201182956,No,Mumbai,West,Fashion & Lifestyle,3
John Dominic Rai,https://www.instagram.com/thewhitehairedguy/,thewhitehairedguy,"20,618",Micro,28.02," 13,022 ",10418,Male," 2,50,000 "," 2,00,000 ",,,,No,West Bengal,East,Education,3
fitnfab_by_dr.reema,https://instagram.com/fitnfab_by_dr.reema,fitnfab_by_dr.reema,"20,614",Micro,4.31%," 10,874 ",8699.2,Female," 15,000 "," 2,00,000 "," 1,20,000 ","80,000",0.724933333,No,Bangalore,South,Comedy,3
Ishika Jaiwani,https://www.instagram.com/ishikajaiwani/,ishikajaiwani,"20,600",Micro,4.98%," 15,700 ",12560,Female," 40,000 "," 15,000 "," 2,000 ","4,000",0.235961751,No,Mumbai,West,Beauty,3
Food Canvas,https://www.instagram.com/foodcanvas97,foodcanvas97,"20,600",Micro,2.27%," 8,700 ",6960,Male," 6,000 "," 12,000 "," 5,000 ",4000,,No,West Bengal,East,Food,3
Saloni Arora,https://www.instagram.com/saloniarora18,saloniarora18,"20,439",Micro,3.05%," 22,997 ",18397.6,Female," 15,000 "," 90,000 "," 30,000 ",35000,0.65225899,No,Bangalore,South,Beauty,3
Nancy Bafna,https://www.instagram.com/nanceeee.__/,nanceeee.__,"20,422",Micro,3.75," 7,000 ",5600,Female," 50,000 "," 12,000 "," 5,000 ",5000,0.165808882,No,Mumbai,West,Fashion & Lifestyle,3
Sameer,https://www.instagram.com/sameerr.dxb/,sameerr.dxb,"20,400",Micro,0.49%," 60,000 ",48000,Male,," 65,000 "," 45,000 ",60000,,No,Delhi NCR,North,Fashion & Lifestyle,3
Nakul Thakur,https://www.instagram.com/nakulthakurrrr,nakulthakurrrr,"20,200",Micro,2.00%," 3,870 ",3096,Male," 40,000 "," 15,000 "," 10,000 ",,0.954653938,No,Hyderabad,South,Fashion & Lifestyle,3
Torali Kakati,https://www.instagram.com/tora3._/,tora3._,"20,000",Micro,0.66%," 14,011 ",11209,Female,," 15,000 ",,,,No,Assam,Northeast,Beauty,3
Deepanjali Rana,https://www.instagram.com/deepanjaliiieee?igsh=MXU5dWp2bW9laGI5MA%3D%3D,deepanjaliiieee,"20,000",Micro,2.78," 15,000 ",12000,Female,," 15,000 ",,,,No,Delhi NCR,North,Comedy,3
Urvashi,https://www.instagram.com/yogagirl_urvashi,yogagirl_urvashi,"20,000",Micro,0.6," 2,500 ",2000,Female," 3,000 "," 7,000 "," 3,000 ",2500,0.576923077,No,Chhattisgarh,Central,Fashion & Lifestyle,3
Nandani,https://www.instagram.com/fit_nandini_/,fit_nandini_,"20,000",Micro,2.9," 12,000 ",9600,Female,," 7,000 "," 3,000 ","4,000",3.75,No,Chandigarh,North,Fashion & Lifestyle,3
Chitranjan,https://www.instagram.com/__chitranjan__/,__chitranjan__,"19,900",Micro,1.46%," 75,340 ",60272,Male,," 2,00,000 "," 1,20,000 ",80000,,No,Mumbai,West,Comedy,3
Arunima,https://www.instagram.com/ft.chippy?igsh=MW9kOGZ5aTlidTN0eg==,ft.chippy,"19,900",Micro,2.14," 13,022 ",10418,Male,," 18,000 "," 10,800 ",7200,,No,Delhi NCR,North,Comedy,3
Priyanka Nazareth,https://www.instagram.com/priyanka_nazareth/,priyanka_nazareth,"19,900",Micro,1.02%," 3,500 ",2800,Female," 7,500 "," 12,000 "," 5,000 ","4,000",,No,Mumbai,West,Fashion & Lifestyle,3
Faraz Khan,https://www.instagram.com/ig_wizzgod/,ig_wizzgod,"19,800",Micro,29.50%," 77,200 ",61760,Male,," 16,000 "," 15,000 ",,,No,Mumbai,West,Travel,3
Prabhav Sharma,https://www.instagram.com/justshoot_it_/,justshoot_it_,"19,800",Micro,2.40%," 4,800 ",3840,Female," 2,000 "," 7,000 "," 3,000 ",2000,,No,Bangalore,South,Beauty,3
Techi Yala,https://www.instagram.com/techi.yala/,techi.yala,"19,796",Micro,5.96%," 14,011 ","11,209",Female,," 25,000 ",,,,No,Ahmedabad,West,Beauty,3
Ruhi,https://www.instagram.com/ruhhee?igsh=dWdyNGt6dzA4OHkx,ruhhee,"19,700",Micro,3.17," 4,700 ",3760,Female," 40,000 "," 4,000 ",,,0.859291085,No,Ahmedabad,West,Beauty,3
Sabyasachi Bose,https://www.instagram.com/officialantidotecs/,officialantidotecs,"19,500",Micro,0.03," 17,200 ",13760,Male,," 65,000 "," 22,000 ",15000,,Yes,Mumbai,West,Fashion & Lifestyle,3
Sayena,https://instagram.com/scrumptious.siliguri,scrumptious.siliguri,"19,500",Micro,1.1," 15,000 ",12000,Female," 1,000 "," 5,000 "," 3,000 ","2,000",,No,Mumbai,West,Beauty,3
Akash Gurav,https://www.instagram.com/akash.feat?igsh=MTk4MWl4MHlkcDJtZA==,akash.feat,"19,200",Micro,6.26%," 17,900 ",14320,Male," 2,500 "," 10,000 "," 5,000 ","4,000",,No,Mumbai,West,Fashion & Lifestyle,3
The Travelling Tummy,https://www.instagram.com/thetravellingtummyy?igsh=bWE1bmZhMGNrNTNw,thetravellingtummyy,"19,200",Micro,1.27%," 3,100 ",2480,Female," 2,000 "," 10,000 "," 4,000 ",3000,0.841375,No,Bhopal,Central,Travel,3
Tech On Wheels,https://www.instagram.com/techon.wheels/,techon.wheels,"19,200",Micro,3.64%," 15,000 ",12000,Female,," 6,000 ",,,,No,Delhi NCR,North,Beauty,3
TeamAutoTrend,https://www.instagram.com/teamautotrend,teamautotrend,"19,200",Micro,2.05%," 12,300 ",9840,Female," 1,000 "," 3,000 ",,3000,,No,Assam,Northeast,Beauty,3
Bhavna Bhatnagar,https://www.instagram.com/anindiansummer?igsh=MWQ3eWc1YWdxYnE4bA==,anindiansummer,"19,100",Micro,2.43," 2,900 ",2320,Male,," 1,00,000 "," 25,000 ",10000,0.545454546,No,Pune,West,Fashion & Lifestyle,3
Devyaanshi,https://www.instagram.com/devyaanshi.bajaj?igsh=MWk3N2V6OHlkbDJoYw==,devyaanshi.bajaj,"19,000",Micro,2.05%," 15,250 ","12,200",Female," 40,000 "," 1,50,000 ",,,1,No,Delhi NCR,North,Beauty,3
ashishhkhatrii,https://www.instagram.com/ashishhkhatrii/,ashishhkhatrii,"19,000",Micro,9.03," 15,250 ",12200,Female," 40,000 "," 1,00,000 "," 60,000 ",40000,0.8,No,Mumbai,West,Comedy,3
Shrestha,https://www.instagram.com/shresthabora/,shresthabora,"19,000",Micro,1.55%," 15,250 ",12200,Female,," 25,000 ",,,,No,Assam,Northeast,Comedy,3
Carollyne Jane Lyngkhoi,https://www.instagram.com/carollynelyngkhoi/,carollynelyngkhoi,"19,000",Micro,2.64%," 15,250 ",12200,Female," 40,000 "," 20,000 ",,,0.952380952,No,Meghalaya,Northeast,Beauty,3
Sonia,https://www.instagram.com/anna_soyu/,anna_soyu,"19,000",Micro,3.50%," 15,250 ",12200,Female,," 20,000 ",,,,No,Manipur,Northeast,Fashion & Lifestyle,3
Neha,https://www.instagram.com/nehatea_?igsh=MWk0ZGxtNXlnNjNibQ==,nehatea_,"19,000",Micro,1.74," 15,250 ",12200,Female,," 20,000 ",,,,Yes,Delhi NCR,North,Beauty,3
Subani Jelly,https://www.instagram.com/mian._.mian/,mian._.mian,"19,000",Micro,0.86%," 15,250 ",12200,Female,," 20,000 ",,,,No,Mumbai,West,Beauty,3
Nijira Narzary,https://www.instagram.com/nijiratv/,nijiratv,"19,000",Micro,4.66%," 15,250 ","12,200",Female," 50,000 "," 15,000 ",,,0,No,Assam,Northeast,Comedy,3
Udenla,https://www.instagram.com/udenla_bhutia/,udenla_bhutia,"19,000",Micro,2.07%," 15,250 ",12200,Female,," 15,000 ",,,,No,Bangalore,South,Fashion & Lifestyle,3
Umang Panchal,https://www.instagram.com/tedhi_unglii/,tedhi_unglii,"18,900",Micro,4," 15,800 ",12640,Female,," 35,000 "," 25,000 ",15000,,No,Pune,West,Beauty,3
Ankita Jain,https://www.instagram.com/decorhaulstories?igsh=bTByZHlqYTJta2Nj,decorhaulstories,"18,800",Micro,2.3," 1,300 ",1040,Male," 50,000 "," 30,000 "," 25,000 ",10000,0.053970269,No,Delhi NCR,North,Fashion & Lifestyle,3
Manyak & Shubham,https://www.instagram.com/thandi_aag/,thandi_aag,"18,719",Micro,6.7," 15,250 ",12200,Female,," 25,000 ",,,,No,Mumbai,West,Comedy,3
Pari Mukherjee,https://www.instagram.com/pari_travel_and_decor?igsh=MWwzdzByMHQyaWh3dQ==,pari_travel_and_decor,"18,700",Micro,2.8," 2,400 ",1920,Male,," 1,20,000 "," 72,000 ",48000,,No,Pune,West,Comedy,3
Khushii,https://www.instagram.com/khusshii09?igsh=MWxqdDFwZGZ6OWEzbw%3D%3D,khusshii09,"18,700",Micro,1.76," 25,500 ",20400,Female," 3,000 "," 10,000 "," 4,000 ","2,000",1,No,Delhi NCR,North,Fashion & Lifestyle,3
KMK,https://www.instagram.com/theinmegirl/,theinmegirl,"18,604",Micro,5.2," 18,000 ",15000,Male," 15,000 "," 15,000 "," 10,000 ","5,000",0.833333333,No,Hyderabad,South,Fashion & Lifestyle,3
suhail,https://www.instagram.com/vlogswithsuhail?igsh=MXJ4NzU1MWtnaW0xdQ==,vlogswithsuhail,"18,500",Micro,1.73%," 10,900 ",8720,Male," 1,000 "," 3,000 "," 2,000 ","1,000",0.112359551,No,Mumbai,West,Travel,3
Nitish Bassi,https://www.instagram.com/electricalunboxing/,electricalunboxing,"18,400",Micro,0.94%," 13,000 ",10400,Female,," 50,000 "," 10,000 ",25000,,No,Punjab,North,Fashion & Lifestyle,3
Adithya,https://www.instagram.com/adithy4a_/,adithy4a_,"18,400",Micro,2.34%," 13,000 ",10400,Female,," 5,000 ",,,,No,Bangalore,South,Fashion & Lifestyle,3
Vivek raj,https://www.instagram.com/techfella_/,techfella_,"18,200",Micro,26.57," 4,800 ",3840,Female,," 5,000 "," 3,000 ",2000,0.545454546,No,Goa,West,Fashion & Lifestyle,3
Kunal Gupta,https://www.instagram.com/guptakunal26/,guptakunal26,"18,100",Micro,12.08," 1,15,510 ",92408,Female,," 1,05,000 ",,,,No,Mumbai,West,Comedy,3
Sonal,https://www.instagram.com/iamsonalbhardwaj?/,iamsonalbhardwaj,"18,100",Micro,2.77," 28,000 ",22400,Female,," 1,00,000 "," 60,000 ",30000,,No,Delhi NCR,North,Beauty,3
Akashdeep Arora,https://www.instagram.com/aakashdeeparora/,aakashdeeparora,"18,046",Micro,1.70%," 12,673 ",10138,Male," 24,000 "," 60,000 ",,18000,,No,Mumbai,West,Finance,3
Lentina,https://instagram.com/lentinaa__/,lentinaa__,"18,000",Micro,0.44," 12,850 ",10280,Female,," 15,000 ",,,,No,Nagaland,Northeast,Beauty,3
Akash,https://www.instagram.com/aee.ge/,aee.ge,"18,000",Micro,5.33%," 12,850 ",10280,Male," 40,000 "," 15,000 ",,,0.839930286,No,Assam,Northeast,Fashion & Lifestyle,3
Yogesh Chhabra,https://www.instagram.com/_yuvvvvvvvi____/,_yuvvvvvvvi____,"18,000",Micro,1.54%," 42,000 ",33600,Male,," 5,000 "," 2,000 ",,,No,Bangalore,South,Food,3
Yash,https://www.instagram.com/aboutyashhh?igsh=NWo4OXMxc3ZuYXY2,aboutyashhh,"17,800",Micro,4.34," 13,000 ",10400,Female," 1,000 "," 4,000 "," 1,000 ",,,No,Mumbai,West,Fashion & Lifestyle,3
Jaydeep,https://www.instagram.com/Jaydeep/,jaydeep,"17,700",Micro,6.58%," 1,76,550 ",141240,Female," 40,000 "," 35,000 ",,,1,No,Delhi NCR,North,Fashion & Lifestyle,3
Gaurav Chaudhary,https://www.instagram.com/gauravachaudhary?igsh=OWtyZWZrMjl3b3p6,gauravachaudhary,"17,600",Micro,4.67%," 15,500 ",5600,Male," 15,000 "," 11,000 "," 5,000 ",2000,0.967741936,No,Bihar,East,Beauty,3
Aruna Babulal Purve,https://www.instagram.com/arunapurve_official/,arunapurve_official,"17,500",Micro,1.10%," 2,700 ",2160,Female," 1,500 "," 10,000 "," 8,000 ",10000,1,No,Delhi NCR,North,Beauty,3
Aryan sheoran,https://www.instagram.com/aryansheoran.x/,aryansheoran.x,"17,400",Micro,1.4," 1,50,000 ",120000,Male,," 40,000 "," 15,000 ",5000,,No,Delhi NCR,North,Fashion & Lifestyle,3
Karan Arora,https://www.instagram.com/kararararan_/,kararararan_,"17,400",Micro,9.38," 42,000 ",33600,Male,," 4,200 ",,,,No,Delhi NCR,North,Fashion & Lifestyle,3
Kapil Yadav,https://www.instagram.com/thekapilyadav,thekapilyadav,"17,200",Micro,4.48," 22,000 ",17600,Female," 1,000 "," 3,000 "," 1,500 ",,0.04046182,No,Mumbai,West,Beauty,3
Ankit kukreti,https://www.instagram.com/ankitkukretii,ankitkukretii,"17,180",Micro,3.05%," 25,000 ","20,000",Male," 15,000 "," 48,500 "," 25,000 ",10500,1,No,Delhi NCR,North,Fashion & Lifestyle,3
Ashish Mahar,https://www.instagram.com/travelbug_ashish/,travelbug_ashish,"17,100",Micro,3," 10,500 ",8400,Female,," 25,000 ",,,,No,Delhi NCR,North,Fashion & Lifestyle,3
Chavi Bhutoria,https://www.instagram.com/chavibhutoria/,chavibhutoria,"17,000",Micro,7.45," 18,000 ",14400,Female," 35,000 "," 20,000 ",,,0.233333333,No,Delhi NCR,North,Fashion & Lifestyle,3
Mharoni Khuvung,https://www.instagram.com/arhonikhuvung/,arhonikhuvung,"17,000",Micro,58.99," 18,000 ",14400,Female,," 15,000 ",,,,No,Nagaland,Northeast,Beauty,3
Imlisen Pongen,https://www.instagram.com/imleeeseen/,imleeeseen,"17,000",Micro,12.31," 18,000 ",14400,Female,," 15,000 ",,,,No,Nagaland,Northeast,Beauty,3
Trishala,https://www.instagram.com/m3owisgod/,m3owisgod,"17,000",Micro,1.49," 18,000 ",14400,Female," 35,000 "," 15,000 ",,,0.875,No,Lucknow,North,Fashion & Lifestyle,3
Vishwa Bhosale,https://www.instagram.com/suv_obsession,suv_obsession,"17,000",Micro,2.85%," 12,700 ",10160,Female," 1,000 "," 6,000 "," 4,000 ",8000,,No,Bangalore,South,Beauty,3
Aishwarya,https://www.instagram.com/aish_oishe?igsh=OGQ5ZDc2ODk2ZA%3D%3D&utm_source=qr,aish_oishe,"17,000",Micro,0.69%," 2,830 ",2264,Female," 2,000 "," 5,000 "," 3,000 ","3,000",,No,Bangalore,South,Beauty,3
Isha and Bhavya,https://www.instagram.com/isha.bhavya/,isha.bhavya,"17,000",Micro,1.15%," 61,620 ",49296,Female, 500 ," 3,000 "," 1,000 ","2,000",,No,Bangalore,South,Beauty,3
Deeptanshu Saini,https://www.instagram.com/deeptanshusainii/,deeptanshusainii,"17,000",Micro,4.55," 23,000 ",18400,Male,," 3,000 ",,,,No,Mumbai,West,Fashion & Lifestyle,3
Pooja Masand,https://www.instagram.com/masand.pooja?igsh=MXd4b2RlcGM0andocA==,masand.pooja,"16,806",Micro,1.02%," 2,600 ",2080,Female," 3,000 "," 10,000 "," 7,000 ",7000,,No,Delhi NCR,North,Fashion & Lifestyle,3
bhoomi and kavya,https://www.instagram.com/tablefortwo_._?igsh=ODV5YnYyOGMzNHJ3,tablefortwo_._,"16,800",Micro,8.52," 12,200 ",9760,Female," 2,500 "," 12,000 "," 5,000 ",4000,,No,Delhi NCR,North,Travel,3
Apeksha Jain,https://www.instagram.com/food_mood_2000?igsh=MWNweXJiNmlsZDB1NQ==,food_mood_2000,"16,700",Micro,1.51," 9,100 ",7280,Female," 2,000 "," 2,000 "," 1,500 ",,,No,Jaipur,West,Fashion & Lifestyle,3
Kajal,https://instagram.com/fooodieschoice,fooodieschoice,"16,643",Micro,7.90%," 5,996 ",4797,Female," 3,000 "," 10,000 "," 6,000 ",3000,,No,Bihar,East,Food,3
Tanu,https://www.instagram.com/tanirika._.agarwal?igsh=MThrZTUwNWxtOWFzaA==,tanirika._.agarwal,"16,600",Micro,1.19," 4,600 ",3680,Female," 1,500 "," 8,000 "," 4,000 ",10000,,No,Delhi NCR,North,Beauty,3
Shivani Boruah,https://www.instagram.com/shivani.boruah/,shivani.boruah,"16,500",Micro,2.82%," 4,96,000 ",396800,Male,," 1,50,000 "," 90,000 ",60000,,No,Mumbai,West,Comedy,3
Riya Bajaj,https://www.instagram.com/riyabajaj_photography/,riyabajaj_photography,"16,500",Micro,1.00%," 6,000 ",4800,Male,," 1,50,000 "," 45,000 ",10000,,No,Mumbai,West,Entertainment,3
Vicky Choudhary,https://www.instagram.com/vickychoudhary_2?igsh=MWc1b3lkOTl0MDl4cA%3D%3D,vickychoudhary_2,"16,400",Micro,7.71%," 10,600 ",8480,Male,," 12,000 "," 6,000 ",8000,,No,Hyderabad,South,Beauty,3
Stephan,https://instagram.com/streets_of_madurai_,streets_of_madurai_,"16,400",Micro,3.94," 12,200 ",9760,Female," 35,000 "," 10,000 ",,,0.313622882,No,Delhi NCR,North,Fashion & Lifestyle,3
Vaidehi,https://www.instagram.com/vaidehipakhale?igsh=MW9ndjQ1cHc0aGE0bQ==,vaidehipakhale,"16,400",Micro,2.60%," 9,800 ","7,840",Female," 2,500 "," 2,500 "," 1,500 ",,,No,Delhi NCR,North,Beauty,3
Kellis Teotia,https://www.instagram.com/kellisvlogs,kellisvlogs,"16,400",Micro,1.82%," 8,600 ",6880,Female, 500 ," 2,000 "," 1,000 ",,1,No,Delhi NCR,North,Beauty,3
Rohit Varghese,https://www.instagram.com/rohit.varghese/,rohit.varghese,"16,304",Micro,0.18%," 12,200 ",9760,Male,," 60,000 "," 55,000 ",25000,,No,Mumbai,West,Beauty,3
Ruplin Kaur,https://www.instagram.com/ruplinkaur/,ruplinkaur,"16,300",Micro,29.00%," 31,300 ","25,040",Female,," 40,000 "," 30,000 ",35000,,No,Punjab,North,Fashion & Lifestyle,3
4daacore,https://www.instagram.com/4daacore,4daacore,"16,261",Micro,3.45%," 12,200 ","9,760",Female," 2,500 "," 6,500 "," 3,000 ",,0,No,Delhi NCR,North,Beauty,3
Shrijal,https://www.instagram.com/shrijal_jadhav?igsh=cTk3bXFsNWV1eWRr,shrijal_jadhav,"16,200",Micro,8.32," 20,000 ",16000,Female,," 3,000 ",,,,No,Delhi NCR,North,Fashion & Lifestyle,3
Akshay,https://www.instagram.com/tastyhealthyyummy,tastyhealthyyummy,"16,100",Micro,0.23," 3,550 ",2840,Male," 5,000 "," 20,000 "," 14,000 ",4000,0.494090676,No,Pune,West,Beauty,3
Ajmal,https://www.instagram.com/ajmalajuz_,ajmalajuz_,"16,100",Micro,21.30%," 8,900 ",7120,Female,," 5,000 "," 3,000 ",5000,,No,Delhi NCR,North,Beauty,3
Chumit,https://www.instagram.com/taurus___09/,taurus___09,"16,000",Micro,0.24," 12,450 ",9960,Female,," 15,000 ",,,,No,Delhi NCR,North,Fashion & Lifestyle,3
Priya Thapa,https://www.instagram.com/pikaa1998/,pikaa1998,"16,000",Micro,1.07%," 12,450 ",9960,Female," 35,000 "," 15,000 ",,,0.951397195,No,Pune,West,Fashion & Lifestyle,3
Shomi,https://www.instagram.com/foodieshumael?igsh=MW14cmx2d2Q5a2ZzNg==,foodieshumael,"16,000",Micro,4.07%," 37,000 ",29600,Male,," 8,000 "," 5,000 ",,0.363636364,No,Mumbai,West,Food,3
Sonal Rasam,https://www.instagram.com/make.eat.explore_?igsh=MXRjNTBkMDRhcHF4OA==,make.eat.explore_,"16,000",Micro,1.75%," 6,900 ",5520,Female, 500 ," 4,000 ", 500 ,500,,No,Delhi NCR,North,Travel,3
Sanskar,https://www.instagram.com/sanskar baja/,sanskar baja,"15,900",Micro,2.35%," 50,362 ",40290,Female,," 30,000 "," 15,000 ",7500,,No,Mumbai,West,Beauty,3
Anchal Mutneja,https://www.instagram.com/style_harborr?igsh=eXgweXB2YzEweDEx,style_harborr,"15,900",Micro,1.60%," 12,200 ",9760,Female,," 15,000 ",,,,No,Chandigarh,North,Beauty,3
Ruby Thakur,https://www.instagram.com/yogawithruby,yogawithruby,"15,805",Micro,3.62%," 22,981 ",18384.8,Female," 15,000 "," 2,75,000 "," 1,90,000 ",100000,0.652713111,No,Delhi NCR,North,Beauty,3
Ayush,https://www.instagram.com/ayushh_h?igsh=bHF5ZXBhZmR2bDdn,ayushh_h,"15,800",Micro,8.26," 18,000 ",14400,Male," 15,000 "," 69,000 "," 27,000 ",9000,0.833333333,No,Pune,West,Fashion & Lifestyle,3
Arpit Sharma,https://www.instagram.com/theboywiththevrs/,theboywiththevrs,"15,700",Micro,9.01%," 98,600 ",78880,Male,," 7,000 "," 4,200 ","2,800",,No,Pune,West,Comedy,3
Rudra,https://www.instagram.com/rudra/,rudra,"15,700",Micro,1.06%," 20,670 ",16536,Female,," 2,000 ",,,,No,Dehradun,North,Beauty,3
Karman Singh,https://www.instagram.com/karr.man/,karr.man,"15,600",Micro,4.07%," 1,85,940 ",148752,Female,," 40,000 "," 5,000 ",,,No,Delhi NCR,North,Fashion & Lifestyle,3
Vartika,https://www.instagram.com/vratika_solanki?igsh=YTJmMHVmNnBydGx4,vratika_solanki,"15,600",Micro,1.77%," 8,200 ",6560,Female," 3,000 "," 8,000 "," 8,000 ",2000,,No,Mumbai,West,Fashion & Lifestyle,3
Abhishek Sharma,https://www.instagram.com/mackletv/,mackletv,"15,500",Micro,6.49%," 20,000 ",16000,Female," 20,000 "," 50,000 ",,15000,0.923775338,Yes,Delhi NCR,North,Business & Marketing,3
Suhana,https://www.instagram.com/suha_hana88/,suha_hana88,"15,440",Micro,7.15%," 11,500 ",9200,Female,," 15,000 ",,,,No,Guwahati,Northeast,Fashion & Lifestyle,3
Faris,https://www.instagram.com/farixsalmaan/,farixsalmaan,"15,400",Micro,3.99%," 11,500 ",9200,Male,," 64,000 "," 30,000 ",10000,,No,Bangalore,South,Fashion & Lifestyle,3
Teddy the Foodie,https://www.instagram.com/teddy_the_foodiee?igsh=Zm9kZTkwdnR4NHQ2,teddy_the_foodiee,"15,400",Micro,1.46%," 7,900 ",6320,Male," 1,000 "," 2,000 "," 1,000 ","1,000",0.065440144,No,Surat,West,Food,3
Jinisha,http://instagram.com/food_paradise__,food_paradise__,"15,300",Micro,1.44%," 1,790 ",1432,Female,," 7,500 "," 3,000 ",2000,,No,West Bengal,East,Fashion & Lifestyle,3
Mohhammed,https://www.instagram.com/realnawabkhan?igsh=MTZuN2d6YjVlN3Rydg%3D%3D&utm_source=qr,realnawabkhan,"15,298",Micro,6.26," 3,100 ",2480,Female," 2,000 "," 5,000 "," 2,000 ",7000,1,No,Mumbai,West,Fashion & Lifestyle,3
Ankit Sinha,https://www.instagram.com/cinesinhaji/,cinesinhaji,"15,200",Micro,5.37%," 10,000 ","8,000",Male," 35,000 "," 1,50,000 "," 90,000 ",60000,0,No,Bihar,East,Comedy,3
Fizza Ratlamwala,https://www.instagram.com/_mumbai_meri_jaan/,_mumbai_meri_jaan,"15,100",Micro,1.62%," 18,300 ","14,640",Female," 35,000 "," 5,000 ",,,1,No,Delhi NCR,North,Fashion & Lifestyle,3
priyanka_fit,https://instagram.com/priyanka_fit,priyanka_fit,"15,086",Micro,4.67%," 14,189 ",11351.2,Female," 15,000 "," 45,000 "," 9,500 ",0,0.945933333,No,Jaipur,West,Fashion & Lifestyle,3
Somya Jaiswal,https://www.instagram.com/its_jaizz?igsh=MW5kMWp3bmhtYmlyeA%3D%3D&utm_source=qr,its_jaizz,"15,085",Micro,1.72%," 2,500 ",2000,Female,," 6,000 "," 2,000 ","1,000",,No,Mumbai,West,Beauty,3
Reena,https://instagram.com/reenatotlani?utm_medium=copy_link,reenatotlani,"15,000",Micro,2.78%," 77,000 ",61600,Female," 35,000 "," 20,000 "," 5,000 ",10000,0.087513783,No,Mumbai,West,Beauty,3
Ojentila Lemtur,https://www.instagram.com/ojjjjen/,ojjjjen,"15,000",Micro,2.42," 12,000 ",9600,Female,," 15,000 ",,,,No,Delhi NCR,North,Fashion & Lifestyle,3
Harshita Chetry,https://www.instagram.com/khushi.chhetri_/,khushi.chhetri_,"15,000",Micro,4.73," 12,000 ",9600,Female," 35,000 "," 15,000 ",,,0.9016,No,Himachal,North,Fashion & Lifestyle,3
Aditi Borkar,https://www.instagram.com/aditi_forever_/,aditi_forever_,"15,000",Micro,2.38%," 2,630 ",2104,Female," 35,000 "," 15,000 ",,,0.875,No,Chandigarh,North,Beauty,3
Sakshi,https://www.instagram.com/love_foodie_life?igsh=NG02NWxrM280c3Q=,love_foodie_life,"15,000",Micro,1.16%," 21,300 ","17,040",Female, 500 ," 5,000 "," 1,000 ",1000,0,No,Mumbai,West,Food,3
Ryan,https://instagram.com/ryanrajkumar.y?igshid=MzRlODBiNWFlZA==,ryanrajkumar.y,"14,900",Micro,2.86," 12,496 ",9997,Male,," 25,000 ",,,,No,Mumbai,West,Beauty,3
Neha,https://www.instagram.com/nusta_foody/,nusta_foody,"14,860",Micro,1.01," 2,500 ",2000,Female," 1,200 "," 6,000 "," 3,500 ",2000,0.087173166,Yes,Delhi NCR,North,Food,3
Ayaan Lal,https://www.instagram.com/ayaanlall/,ayaanlall,"14,800",Micro,4.45, 32 ,26,Male," 50,000 "," 55,000 "," 50,000 ",7500,0.909090909,No,Mumbai,West,Beauty,3
Chaitali,https://www.instagram.com/the_food_table__?igsh=MWhhMzZxcmQ1ODFidA==,the_food_table__,"14,800",Micro,1.53%," 7,700 ","6,160",Female," 1,500 "," 6,000 "," 4,000 ",4000,,No,Mumbai,West,Fashion & Lifestyle,3
Namira,https://www.instagram.com/namirazeeshan/,namirazeeshan,"14,800",Micro,4.24," 98,000 ",78400,Female,," 6,000 "," 2,500 ",1000,,No,Odisha,East,Fashion & Lifestyle,3
Priya Deshmukh,https://www.instagram.com/priya.deshmukhh/,priya.deshmukhh,"14,700",Micro,4.17%," 14,000 ",11200,Female,," 5,000 "," 3,000 ",2500,,No,Mumbai,West,Food,3
Gadha Rajagopal,https://www.instagram.com/gaadha._/,gaadha._,"14,600",Micro,0.24," 40,350 ",32280,Male,," 5,000 "," 3,000 ","2,000",,No,Kerala,South,Beauty,3
Burdwan town,https://www.instagram.com/burdwantown/,burdwantown,"14,500",Micro,1.24%," 12,500 ",10000,Female," 2,500 "," 4,000 "," 3,000 ","1,000",,No,Kanpur,North,Beauty,3
Purvi Bhushan,https://www.instagram.com/purvibhushan/,purvibhushan,"14,469",Micro,1.20%," 4,589 ",3671,Female, 500 ," 2,000 "," 1,500 ",,,No,Bangalore,South,Beauty,3
Tarun Khandagare,https://www.instagram.com/me_tarun.khandagare/,me_tarun.khandagare,"14,400",Micro,1.72%," 4,000 ",3200,Female, 700 ," 3,000 "," 1,800 ","1,000",,No,Mumbai,West,Fashion & Lifestyle,3
Aditya Pandey,https://www.instagram.com/aditya.2611/,aditya.2611,"14,357",Micro,2.17," 11,250 ",9000,Male,," 15,000 ",,,,No,Mumbai,West,Fashion & Lifestyle,3
Radhika,https://www.instagram.com/explorewith_radhika?igsh=cm8ya21jMHQ1bGFp,explorewith_radhika,"14,300",Micro,2.03%," 7,800 ",6240,Female, 500 ," 12,000 "," 7,200 ","4,000",0.363636364,No,Bihar,East,Comedy,3
Parul,https://www.instagram.com/_the_fit_mum_/?igshid=YmMyMTA2M2Y%3D,_the_fit_mum_,"14,300",Micro,0.87%," 8,000 ",6400,Male,," 12,000 "," 7,200 ","4,800",,No,Lucknow,North,Comedy,3
Reda Shaikh,https://www.instagram.com/redaashaikh/,redaashaikh,"14,300",Micro,7.36%," 20,300 ",16240,Female," 35,000 "," 4,000 ",,,0.982015095,No,West Bengal,East,Beauty,3
Uzma,https://www.instagram.com/uzmaanayani,uzmaanayani,"14,300",Micro,1.50%," 11,200 ",8960,Female,," 2,000 "," 1,000 ",1000,,No,Kochi,South,Travel,3
Nikita,https://www.instagram.com/_nikitaborse_/,_nikitaborse_,"14,200",Micro,3.85%," 7,800 ",6240,Female,," 5,000 ",,,,No,Mumbai,West,Fashion & Lifestyle,3
Aniket Bangar,https://instagram.com/fooditude31417,fooditude31417,"14,200",Micro,1.78%," 9,700 ",7760,Male, 500 ," 1,000 ", 400 ,2000,,No,Delhi NCR,North,Food,3
Priya,https://www.instagram.com/priyaab__?igsh=cnVzbXV0MTF2ZnNt,priyaab__,"14,100",Micro,4.94%," 11,200 ",8960,Male,," 75,000 "," 30,000 ",10000,,No,Mumbai,West,Fashion & Lifestyle,3
subin m maji,https://www.instagram.com/foxy_clorax,foxy_clorax,"14,100",Micro,2.36," 13,000 ",10400,Female," 2,000 "," 3,500 "," 3,000 ",,,No,Ahmedabad,West,Fashion & Lifestyle,3
Ashmit,https://www.instagram.com/ashmit_gogoi/,ashmit_gogoi,"14,000",Micro,2.79%," 1,73,921 ",139137,Male," 16,000 "," 40,000 ",,12000,0.363636364,No,Mumbai,West,Finance,3
Cherry,https://www.instagram.com/_cherry29,_cherry29,"14,000",Micro,5.50%," 5,800 ",4640,Female," 5,000 "," 10,000 "," 6,000 ",3000,,No,Mumbai,West,Beauty,3
Dhara,https://instagram.com/mauji_dhara,mauji_dhara,"14,000",Micro,74.00%," 1,860 ",1488,Female," 30,000 "," 2,500 ",,,0.857142857,No,Mumbai,West,Beauty,3
Ritesh Jeph,https://www.instagram.com/riteshjeph_/,riteshjeph_,"13,900",Micro,2.35," 10,600 ",8480,Female," 30,000 "," 15,000 ",,,0.909366475,No,Jaipur,West,Beauty,3
Shilpi Jhingran,https://www.instagram.com/shilpijhingran/?igshid=YmMyMTA2M2Y%3D,shilpijhingran,"13,700",Micro,1.01%," 4,500 ",3600,Male," 5,000 "," 20,000 "," 15,000 ",15000,0.396394397,No,Delhi NCR,North,Fashion & Lifestyle,3
Gazal Kalakaar,https://www.instagram.com/gazal.kalakar/,gazal.kalakar,"13,700",Micro,1.21%," 4,120 ",3296,Female," 1,500 "," 6,000 "," 7,000 ","10,000",,No,Mumbai,West,Beauty,3
Saketh Varma,https://www.instagram.com/saketh_unseen/,saketh_unseen,"13,700",Micro,8.95," 11,300 ",9040,Male," 1,000 "," 6,000 "," 2,000 ",1500,,No,Punjab,North,Fashion & Lifestyle,3
Lookachan,https://www.instagram.com/_lookachan,_lookachan,"13,635",Micro,2.63%," 11,100 ",8880,Female,," 48,000 "," 8,000 ",15000,,No,Trivandrum,South,Beauty,3
Pooja/Neha,https://www.instagram.com/magnificent.moments_?igsh=MTM3amxwMnFwcDE1eg==,magnificent.moments_,"13,600",Micro,3.13%," 11,200 ",8960,Female," 30,000 "," 5,000 ",,,0.219003679,No,Mumbai,West,Beauty,3
Sahal Mansuri,https://www.instagram.com/sahalways/,sahalways,"13,600",Micro,1.83%," 30,000 ",24000,Female, 500 ," 1,500 "," 1,000 ",500,,No,Bangalore,South,Food,3
MumbaiFoodKarma,https://www.instagram.com/mumbaifoodkarma,mumbaifoodkarma,"13,600",Micro,1," 7,600 ",6080,Male,," 1,000 ",,,,No,Delhi NCR,North,Food,3
Monica Bang,https://www.instagram.com/monica.bang/?igshid=YmMyMTA2M2Y%3D,monica.bang,"13,500",Micro,0.54%," 12,000 ",9600,Female," 1,500 "," 7,000 "," 5,000 ",10000,0.6,No,Mumbai,West,Beauty,3
Sravani SInha,https://www.instagram.com/sravanisinha/?igshid=YmMyMTA2M2Y%3D,sravanisinha,"13,400",Micro,0.75%," 6,500 ",5200,Female," 1,500 "," 3,000 "," 2,000 ",1000,,No,Delhi NCR,North,Beauty,3
Sagar Shah,https://www.instagram.com/sachadiaries?igsh=M2ljZ2RpYXRucHFj,sachadiaries,"13,300",Micro,2.21%," 11,300 ","9,040",Male," 1,800 "," 9,000 "," 4,000 ",3000,,No,Mumbai,West,Travel,3
Isha,https://www.instagram.com/ishaa_chavann/,ishaa_chavann,"13,300",Micro,1.03," 11,000 ",8800,Female," 1,000 "," 7,000 "," 3,000 ","3,000",,No,Mumbai,West,Beauty,3
abhisikta,https://www.instagram.com/__.abhisikta.__/,__.abhisikta.__,"13,222",Micro,1.89," 10,000 ",8000,Male,," 55,000 "," 35,000 ",12000,0.363636364,No,Surat,West,Fashion & Lifestyle,3
Mani Sharma,https://www.instagram.com/inam18.home?utm_source=ig_web_button_share_sheet&igsh=ZDNlZDc0MzIxNw==,inam18.home,"13,200",Micro,2.26%," 7,000 ",5600,Female,," 85,000 "," 55,000 ",20000,,No,Mumbai,West,Entertainment,3
Purav,https://www.instagram.com/nagipurav?igsh=MW5lMmc2cDAxMDh1Zw==,nagipurav,"13,100",Micro,7.80%," 12,900 ",10320,Male," 6,000 "," 30,000 "," 18,000 ",8000,,No,Delhi NCR,North,Fashion & Lifestyle,3
Manasvi,https://www.instagram.com/manasviiisinghh/,manasviiisinghh,"13,100",Micro,1.23%," 7,000 ",5600,Female,," 2,000 ",,,,No,Mumbai,West,Beauty,3
Shruti Ghosh,https://www.instagram.com/__.shrutighosh/,__.shrutighosh,"13,000",Micro,58.99%," 10,600 ",8480,Female,," 20,000 ",,,,No,Odisha,East,Beauty,3
Akash Selvan,https://www.instagram.com/thoduvanam/,thoduvanam,"13,000",Micro,4.00%," 11,000 ",8800,Female,," 3,000 ",,,,No,Delhi NCR,North,Beauty,3
???????? ??????,https://www.instagram.com/_pxthxn_?igsh=cTBwN3IyMmE1YWxo,_pxthxn_,"13,000",Micro,1.83%," 3,400 ",2720,Male," 1,000 "," 2,500 "," 2,000 ",1500,,No,Mumbai,West,Fashion & Lifestyle,3
Rayed,https://www.instagram.com/ig.rayed/,ig.rayed,"13,000",Micro,1.24%," 18,000 ",14400,Female," 30,000 "," 2,000 ",,,0.837030217,No,Bangalore,South,Beauty,3
Muskaan Madan,https://www.instagram.com/styledbymusk?igsh=aTdpNXNndTZheXNp,styledbymusk,"12,900",Micro,1.7," 2,000 ",1600,Female," 3,000 "," 9,000 "," 4,000 ","3,000",,No,Mumbai,West,Fashion & Lifestyle,3
Tanishka,https://www.instagram.com/foodissloveee_?igsh=MWRoMG4wM3FiMWExNA==,foodissloveee_,"12,900",Micro,0.76," 12,500 ",10000,Female, 500 ," 1,500 "," 1,500 ",,,No,Delhi NCR,North,Fashion & Lifestyle,3
Phila,https://www.instagram.com/philinfine/,philinfine,"12,885",Micro,5.38," 10,548 ",8438,Female,," 15,000 ",,,0.434782609,No,Meghalaya,Northeast,Beauty,3
Shreya,https://instagram.com/way.to.home?utm_medium=copy_link,way.to.home,"12,800",Micro,2.44," 23,400 ",18720,Male,," 50,000 "," 40,000 ",15000,,No,Bihar,East,Beauty,3
Trashaaru,https://www.instagram.com/trashaaru?igsh=MTlqbW5jOGN4eXMzcA==,trashaaru,"12,800",Micro,5.40%," 87,000 ",69600,Female," 1,500 "," 3,000 "," 2,000 ",,1,No,Mumbai,West,Fashion & Lifestyle,3
Shreya Puri,https://www.instagram.com/shreyaapurii/,shreyaapurii,"12,700",Micro,2.71," 50,500 ",40400,Male," 30,000 "," 1,70,000 "," 1,02,000 ",68000,0.63525675,No,Delhi NCR,North,Comedy,3
Ria Jain,https://www.instagram.com/thegelasintales?igsh=MW4zenp0Ymw0Zmd3cA==,thegelasintales,"12,700",Micro,1.43," 3,100 ",2480,Female, 500 ," 2,000 "," 1,000 ",500,0.454545455,No,Mumbai,West,Fashion & Lifestyle,3
desi.girl.pinterest_,https://www.instagram.com/desi.girl.pinterest_,desi.girl.pinterest_,"12,658",Micro,76.91%," 10,323 ",8258,Female,," 5,000 "," 2,500 ",2000,,No,Hyderabad,South,Beauty,3
Pravin Malik,https://www.instagram.com/solotravelerpravin/,solotravelerpravin,"12,600",Micro,2.10%," 25,000 ",20000,Female," 30,000 "," 35,000 ",,,0.857142857,No,Goa,West,Beauty,3
Akansha Maker,https://www.instagram.com/akanksha_maker/,akanksha_maker,"12,600",Micro,1.70%," 7,700 ","6,160",Female,," 15,000 "," 15,000 ",15000,0,No,Mumbai,West,Beauty,3
utkarsh,https://www.instagram.com/thesoultrails/,thesoultrails,"12,600",Micro,1.30%," 2,300 ",1840,Female," 30,000 "," 12,000 "," 8,000 ",15000,0.819266667,No,Mumbai,West,Beauty,3
Nayataa,https://www.instagram.com/navyataa.a?igsh=MXBtaGk0dzExZ25tdA==,navyataa.a,"12,600",Micro,9.73%," 12,000 ","9,600",Female,," 4,000 ",,,,No,Delhi NCR,North,Fashion & Lifestyle,3
Muskan,https://www.instagram.com/wtf.muskan_/,wtf.muskan_,"12,600",Micro,2.02%," 6,550 ","5,240",Female," 50,000 "," 3,000 ",,,0,No,Mumbai,West,Fashion & Lifestyle,3
Ujjaini Iyer,https://www.instagram.com/miles_to_explore100/,miles_to_explore100,"12,500",Micro,1.3," 4,800 ",3840,Female," 30,000 "," 2,20,000 "," 1,32,000 ",88000,0.545454546,No,Mumbai,West,Comedy,3
viyati kothari,https://www.instagram.com/viyati_kothari/,viyati_kothari,"12,500",Micro,9.10%," 15,600 ",12480,Female," 1,500 "," 3,000 "," 2,500 ",2000,,No,Pune,West,Fashion & Lifestyle,3
Amrutha,https://www.instagram.com/atthearrival/,atthearrival,"12,400",Micro,2.80%," 23,000 ","18,400",Female," 30,000 "," 35,000 "," 10,000 ",7000,1,No,Bangalore,South,Fashion & Lifestyle,3
Rutuja Kamblee,https://www.instagram.com/rutujakamblee_1?igsh=dWdtZmxjeWlzZHEz,rutujakamblee_1,"12,400",Micro,3.03%," 1,08,600 ","86,880",Female," 50,000 "," 30,000 "," 25,000 ",12000,0,No,Mumbai,West,Fashion & Lifestyle,3
khushisoni.16,https://www.instagram.com/khushisoni.16,khushisoni.16,"12,305",Micro,22.63," 9,200 ",7360,Female," 50,000 "," 7,000 "," 5,000 ",7000,0.065440144,No,Surat,West,Fashion & Lifestyle,3
Shreya Pandey,https://www.instagram.com/shreyapandey.24?igsh=amM2YnNkemVnODh5&utm_source=qr,shreyapandey.24,"12,200",Micro,2.55," 3,300 ",2640,Female,," 3,000 ",,,0.465116279,No,Delhi NCR,North,Fashion & Lifestyle,3
Hardik Khurana,https://www.instagram.com/Hardikkhurana9,hardikkhurana9,"12,181",Micro,4.18," 10,323 ",8258.4,Male," 15,000 "," 10,00,000 "," 4,00,000 ",600000,0.6882,No,Delhi NCR,North,Beauty,3
Tech Swami,https://www.instagram.com/techswami_,techswami_,"12,100",Micro,1.38," 9,200 ",7360,Female,," 7,00,000 "," 2,80,000 ",420000,,No,Delhi NCR,North,Beauty,3
Reuben Misquitta,https://www.instagram.com/reubenmisquitta/,reubenmisquitta,"12,100",Micro,3.7," 35,400 ",28320,Female," 1,500 "," 1,500 "," 2,000 ",,,No,West Bengal,East,Beauty,3
Shahil,https://www.instagram.com/Beingshahil/,beingshahil,"12,000",Micro,5.15," 43,640 ",34912,Male,," 2,00,000 "," 75,000 ",50000,,No,Delhi NCR,North,Fashion & Lifestyle,3
Jayant,https://www.instagram.com/the_jayant_shelar/,the_jayant_shelar,"12,000",Micro,5.65%," 1,440 ",1152,Male,," 1,50,000 "," 90,000 ",60000,0.566037736,No,Delhi NCR,North,Comedy,3
Simran,https://www.instagram.com/that_foodiebong/,that_foodiebong,"12,000",Micro,31.14%," 7,850 ",6280,Male,," 1,00,000 "," 60,000 ",40000,,No,West Bengal,East,Comedy,3
Ayushi Garg,https://www.instagram.com/ayushiiigarg_?igsh=MXVkZ3pla2E3cTBwbA==,ayushiiigarg_,"12,000",Micro,3.53," 7,850 ",6280,Female,," 20,000 "," 10,000 ",25000,,No,Delhi NCR,North,Beauty,3
Kunal,https://www.instagram.com/the_hungrytravellers?igsh=MWFtNjZiMHp3OWg1dw==,the_hungrytravellers,"12,000",Micro,1.46," 3,600 ",2880,Male,," 15,000 ",,,0.363636364,No,Delhi NCR,North,Travel,3
Sarvadnya Kotian,https://www.instagram.com/kotiansaru?igsh=MWJhYW04eWluN2NqeA%3D%3D,kotiansaru,"12,000",Micro,6.16," 47,400 ",37920,Male,," 6,000 ",,,,No,Mumbai,West,Beauty,3
Sam on demand,https://www.instagram.com/sam_on_demand?igsh=cHJiZjRhcXRkbHYw,sam_on_demand,"12,000",Micro,1.68%," 11,100 ",8880,Male," 50,000 "," 5,000 ", 300 ,,0.909090909,No,Delhi NCR,North,Fashion & Lifestyle,3
Moksha,https://www.instagram.com/the_pamvaishnav11?igsh=YmVqaHltYzB5NGI3,the_pamvaishnav11,"12,000",Micro,1.37%," 6,800 ",5440,Female, 500 ," 2,000 "," 3,000 ",1000,1,No,Mumbai,West,Beauty,3
Divya aggarwal,https://www.instagram.com/divya_aggarwal_1/,divya_aggarwal_1,"11,800",Micro,4.64," 18,500 ",14800,Female," 1,000 "," 4,000 "," 3,000 ",1000,0.030105393,No,Mumbai,West,Fashion & Lifestyle,3
Saloni,https://www.instagram.com/khan_saloni,khan_saloni,"11,700",Micro,4.24%," 18,000 ",14400,Male,," 2,50,000 "," 1,50,000 ",100000,,Yes,Mumbai,West,Comedy,3
Injoy Boiz,https://www.instagram.com/injoy_boiz/,injoy_boiz,"11,684",Micro,35.51%," 7,700 ",6160,Male,," 15,000 ",,,,No,Delhi NCR,North,Comedy,3
Ujval,https://www.instagram.com/road_tripper_traveler/,road_tripper_traveler,"11,600",Micro,1.7," 1,900 ",1520,Female," 30,000 "," 2,00,000 "," 80,000 ",120000,0.147882325,No,Surat,West,Fashion & Lifestyle,3
Aakriti Anand,https://www.instagram.com/aakritii.anand/,aakritii.anand,"11,500",Micro,2.00%," 6,000 ",4800,Male,," 1,50,000 "," 60,000 ",90000,,No,Delhi NCR,North,Entertainment,3
ankita,https://www.instagram.com/ankitaasharma003/,ankitaasharma003,"11,200",Micro,1.94%," 3,400 ","2,720",Female," 1,000 "," 3,000 "," 3,000 ",3000,0,No,Hyderabad,South,Fashion & Lifestyle,3
Deepak nadh,https://www.instagram.com/thevivido.co/,thevivido.co,"11,100",Micro,2.68%," 35,000 ",28000,Male, 800 ," 4,500 ",,,,No,Hyderabad,South,Fashion & Lifestyle,3
Mali,https://www.instagram.com/healthwithmali/,healthwithmali,"11,000",Micro,3.12," 16,500 ",5000,Female," 15,000 "," 1,70,000 ",,,0.909090909,No,Mumbai,West,Entertainment,3
Param,https://www.instagram.com/param_chauhan_fitness/,param_chauhan_fitness,"11,000",Micro,6.88%," 15,000 ",12000,Male," 15,000 "," 45,000 "," 30,000 ",20000,1,No,Delhi NCR,North,Fashion & Lifestyle,3
Ajitanshu,https://www.instagram.com/ajitanshu/,ajitanshu,"11,000",Micro,2.14," 1,320 ",1056,Male,," 18,000 "," 10,800 ",7200,,No,West Bengal,East,Comedy,3
Radhika B,https://www.instagram.com/radhikabade_/,radhikabade_,"11,000",Micro,1.69%," 4,500 ",3600,Female," 3,000 "," 7,000 "," 3,000 ",2500,0.940645283,No,Punjab,North,Fashion & Lifestyle,3
Sheetal Jain,https://www.instagram.com/thescrumptious_delight?igsh=MWtsc2I3NWU2dDIwMw==,thescrumptious_delight,"11,000",Micro,1.80%," 2,000 ",1600,Female,," 7,000 "," 3,000 ",4000,,No,Mumbai,West,Fashion & Lifestyle,3
Sharvari,https://www.instagram.com/_sharvaripatil_/,_sharvaripatil_,"10,900",Micro,2.82%," 5,000 ",4000,Female," 1,500 "," 8,000 "," 5,000 ",1000,,No,Mumbai,West,Beauty,3
Nikita,https://www.instagram.com/nostalgia_nikki?igshid=OGQ5ZDc2ODk2ZA%3D%3D&utm_source=qr,nostalgia_nikki,"10,900",Micro,1.89%," 11,500 ",9200,Female," 2,000 "," 7,000 "," 3,000 ",2000,,No,Chandigarh,North,Beauty,3
Divesh Khatri,https://www.instagram.com/deekay_boss/,deekay_boss,"10,900",Micro,1.81," 7,500 ",6000,Male,," 7,000 ",,,,No,Mumbai,West,Fashion & Lifestyle,3
Vishvaja,https://www.instagram.com/vishvaja__,vishvaja__,"10,800",Micro,1.50%," 13,000 ","10,400",Male," 50,000 "," 1,20,000 "," 72,000 ",48000,0,No,Mumbai,West,Comedy,3
Reshma Behera,https://www.instagram.com/reshmaabehera?igsh=MWpyOWUwZHEwNng1Nw==,reshmaabehera,"10,800",Micro,1.10%," 3,400 ",2720,Female," 1,000 "," 5,000 "," 3,000 ",2000,,No,Mumbai,West,Beauty,3
Shilpi Kukreti,https://www.instagram.com/shil_pea,shil_pea,"10,707",Micro,5.39%," 22,797 ",18237.6,Female," 15,000 "," 1,50,000 "," 90,000 ","60,000",0.657981313,No,Dehradun,North,Comedy,3
Yihana,https://www.instagram.com/yihana12?igsh=cmduZnVhdTJuNnpz,yihana12,"10,700",Micro,4.98%," 12,300 ",9840,Female," 1,500 "," 5,000 "," 4,000 ",3000,0.206185567,No,Mumbai,West,Beauty,3
Diya,https://www.instagram.com/diyaagarwal13?igsh=MWppMjl4Z2NoanR2NQ==,diyaagarwal13,"10,700",Micro,5.69," 9,880 ",7904,Female," 1,500 "," 4,000 "," 2,500 ",1000,,No,Mumbai,West,Beauty,3
Pratham Paste,https://www.instagram.com/hungry_for__food?igsh=MTVkYW80MXl4YjBmeA==,hungry_for__food,"10,700",Micro,9.12," 56,000 ",44800,Male, 200 ," 3,000 ", 800 ,1000,0.252495922,No,Mumbai,West,Fashion & Lifestyle,3
Shivani Pandey,https://www.instagram.com/_shivaanipandey_?igsh=MXhza2NpOGhoNG1ucQ==,_shivaanipandey_,"10,600",Micro,3.64%," 4,900 ",3920,Female,," 6,000 ",,,0.363636364,No,Mumbai,West,Beauty,3
Bhumika Shanbhag,https://www.instagram.com/bhumika.shanbhag?igsh=dXBvYzVyNWV2eHNw,bhumika.shanbhag,"10,600",Micro,1.28," 9,080 ",7264,Female," 1,000 "," 3,000 ",,3000,0.566037736,No,Delhi NCR,North,Beauty,3
Sumaila Chauhan,https://www.instagram.com/muddychoux/,muddychoux,"10,500",Micro,1.00%," 2,500 ",2000,Male,," 85,000 ",,,0.363636364,No,Chandigarh,North,Entertainment,3
Soumya Nayyar,https://www.instagram.com/soumya_nayyar_?igsh=MWtwMHppbTc3cjZnaw==,soumya_nayyar_,"10,500",Micro,1.15," 10,500 ",8400,Female," 1,000 "," 3,500 "," 2,500 ",1000,0.727855011,No,Mumbai,West,Fashion & Lifestyle,3
rakhi singh,https://www.instagram.com/officialrakhisingh1/,officialrakhisingh1,"10,200",Micro,2.04," 2,140 ",1712,Female,," 5,000 "," 3,000 ",2000,,No,Delhi NCR,North,Fashion & Lifestyle,3
Hrithik Phondke,https://www.instagram.com/foodiefood07/,foodiefood07,"10,200",Micro,1.54%," 17,800 ","14,240",Male,," 5,000 "," 2,000 ",,,No,Mumbai,West,Food,3
Nachiket Save,https://www.instagram.com/nachiketsave/,nachiketsave,"10,100",Micro,6.00%," 6,100 ",4880,Male,," 50,000 "," 40,000 ","30,000",1.25,No,Mumbai,West,Fashion & Lifestyle,3
Aditya Chauhan,https://www.instagram.com/mr.aditya.chauhan/,mr.aditya.chauhan,"10,100",Micro,1.00%," 2,500 ",2000,Female," 12,000 "," 30,000 ",,9000,,No,Delhi NCR,North,Finance,3
Abhishek Sharma,https://www.instagram.com/depictions.photography/,depictions.photography,"10,100",Micro,1.00%," 2,000 ",1600,Male,," 25,000 "," 7,000 ",2000,,Yes,Delhi NCR,North,Beauty,3
Danny Mehta,https://www.instagram.com/danny_mehta_/,danny_mehta_,"10,100",Micro,1.75," 4,500 ",3600,Male,," 11,000 "," 5,000 ",2000,,No,Chandigarh,North,Beauty,3
asmita,https://www.instagram.com/asmita932/,asmita932,"10,100",Micro,2.07%," 9,800 ",7840,Female," 1,000 "," 4,000 "," 1,000 ",,0.909090909,No,Jaipur,West,Fashion & Lifestyle,3
Danish,https://www.instagram.com/danzzz.7/,danzzz.7,"10,000",Micro,15.88," 29,548 ",23638,Female,," 52,000 "," 8,000 ",7000,,No,Indore,Central,Beauty,3
Sammy,https://www.instagram.com/sammy_hamar/,sammy_hamar,"10,000",Micro,5.39%," 6,660 ",5328,Male," 50,000 "," 20,000 ",,,0.200489194,No,Assam,Northeast,Fashion & Lifestyle,3
Payal,https://www.instagram.com/payal__023/,payal__023,"10,000",Micro,2.85%," 4,400 ","3,520",Female," 1,000 "," 6,000 "," 4,000 ",8000,,No,Mumbai,West,Beauty,3
Jash Notaria,https://www.instagram.com/food_and_brands,food_and_brands,"10,000",Micro,2.71," 4,600 ",3680,Male, 500 ," 3,000 "," 2,000 ",2000,0.277777778,No,Mumbai,West,Food,3
Dakshata,https://www.instagram.com/dakshu_kilaje?igsh=OTc4MzE1NnhhYXpk,dakshu_kilaje,"10,000",Micro,1.15%," 7,800 ",6240,Female, 500 ," 3,000 "," 1,000 ",2000,0.185185185,No,West Bengal,East,Beauty,3
Nidhi,https://www.instagram.com/vini.27/profilecard/?igsh=bzQ2dDhodzh5N3U5,vini.27,"10,000",Micro,7.72%," 13,500 ",10800,Female," 50,000 "," 3,000 ",,,0.252495922,No,Mumbai,West,Fashion & Lifestyle,3
Priyanshee,https://www.instagram.com/prriiyyyyaannnshee//,prriiyyyyaannnshee,"9,916",Nano,1.52%," 29,120 ","23,296",Female,," 35,000 "," 15,000 ",7000,0,Yes,Delhi NCR,North,Fashion & Lifestyle,2
yash,https://www.instagram.com/shutter_illusion_films/,shutter_illusion_films,"9,890",Nano,1.60%," 1,500 ","1,200",Male," 10,000 "," 25,000 ",,7500,,No,Delhi NCR,North,Finance,2
Siddhi,https://www.instagram.com/siddhidhanawadee?igsh=MWYwcGxsa2NkeHJ6ZQ==,siddhidhanawadee,"9,787",Nano,9.44%," 15,800 ","12,640",Female," 5,000 "," 25,000 "," 7,000 ",5000,0,No,Mumbai,West,Beauty,2
Kamma Aneesha,https://www.instagram.com/kamma_aneesha/,kamma_aneesha,"9,700",Nano,3.17%," 7,600 ","6,080",Female,," 10,000 ",,,,No,Delhi NCR,North,Fashion & Lifestyle,2
sasha,https://www.instagram.com/sashamenezes5/,sashamenezes5,"9,650",Nano,3.78%," 20,800 ","16,640",Female," 2,500 "," 7,000 "," 4,000 ",3000,1,No,Mumbai,West,Fashion & Lifestyle,2
Rodali Deka,https://www.instagram.com/roodalii_/,roodalii_,"9,552",Nano,3.79%," 7,600 ","6,080",Female,," 15,000 ",,,,No,Assam,Northeast,Beauty,2
Indrani Sen,https://www.instagram.com/indraniwillteach/,indraniwillteach,"9,464",Nano,1.82%," 3,500 ","2,800",Female, 500 ," 2,000 "," 1,000 ",,0,No,Delhi NCR,North,Beauty,2
Manav,https://www.instagram.com/knowmanav?igsh=MW4xeXh2cWVvdm13aQ==,knowmanav,"9,400",Nano,1.47," 34,100 ",27280,Male," 3,500 "," 4,000 "," 2,500 ",2500,,No,Mumbai,West,Beauty,2
Nidhi,https://www.instagram.com/nidhi__23?igsh=MXc0dDJqYmFuaW5lbw==,nidhi__23,"9,280",Nano,1.10%," 8,300 ",6640,Female," 2,500 "," 6,500 "," 3,000 ",,,No,Mumbai,West,Beauty,2
Surbhi Chandwani,https://www.instagram.com/surbhichandwaniii/,surbhichandwaniii,"9,159",Nano,7.73%," 7,700 ","6,160",Female," 50,000 "," 5,000 "," 3,000 ",5000,1,No,Delhi NCR,North,Beauty,2
Janak Vegad,https://www.instagram.com/janak_vegad/,janak_vegad,"9,108",Nano,1.06," 4,800 ",3840,Female," 50,000 "," 2,000 ",,,0.200489194,No,Delhi NCR,North,Beauty,2
Ashitosh Talreja,https://www.instagram.com/ashitoshtalreja/,ashitoshtalreja,"9,101",Nano,1.22," 5,652 ",4522,Male," 50,000 "," 7,000 "," 4,200 ",2800,0.277777778,No,Mumbai,West,Comedy,2
Pranjal Ahire,https://www.instagram.com/yourtravellingeyes_?igsh=MTJpdDUweGsyYzdmZA==,yourtravellingeyes_,"8,900",Nano,1.46," 18,900 ",15120,Female," 1,500 "," 5,000 "," 3,000 ",2500,,No,Mumbai,West,Travel,2
A hungry Tour,https://www.instagram.com/a_hungry_tour?igsh=MTBlZzltc3gxZmJzcg==,a_hungry_tour,"8,800",Nano,3.4," 13,000 ",10400,Male," 1,000 "," 5,000 "," 2,000 ",2500,0.611067657,No,Mumbai,West,Travel,2
Tafeem Shaikh,https://www.instagram.com/tafeem.__.shaikh/,tafeem.__.shaikh,"8,585",Nano,3.39%," 7,026 ",5621,Female,," 15,000 ",,,,No,Bangalore,South,Beauty,2
Renuka Tyagi,https://www.instagram.com/skincarey.ing?igsh=OXlvZDA0bjZzamN5,skincarey.ing,"8,500",Nano,6.36%," 6,211 ",4969,Female,," 18,000 ",,,0.666666667,No,Delhi NCR,North,Beauty,2
Sakshi,https://www.instagram.com/kamblesaakshii?igsh=MTd1NTA0NjA4czZ5cw==,kamblesaakshii,"8,500",Nano,9.82%," 19,800 ","15,840",Female," 50,000 "," 7,500 "," 3,000 ",2000,1,No,J & K,North,Fashion & Lifestyle,2
Dhwani Solanki,https://www.instagram.com/dhwani.solanki?igsh=MWV0MTIxa2ZocHM0MQ%3D%3D,dhwani.solanki,"8,495",Nano,7.60%," 4,800 ",3840,Female," 2,000 "," 5,000 "," 2,000 ",7000,0.14170247,No,Kanpur,North,Fashion & Lifestyle,2
Harssh Bhagtaani,https://www.instagram.com/harsshbhagtaani?igsh=MXI2OWc1c2M5MXEzbQ==,harsshbhagtaani,"8,415",Nano,2.26%," 6,770 ","5,416",Male," 5,000 "," 15,000 "," 10,000 ",10000,,No,Mumbai,West,Fashion & Lifestyle,2
roshni,https://www.instagram.com/_roshaniiii._?igsh=MWtrN25jajhiNjQycA==,_roshaniiii._,"8,316",Nano,1.47," 3,900 ",3120,Female," 1,000 "," 5,000 "," 2,000 ",2000,0.044590105,No,Bangalore,South,Beauty,2
Ressica Tamai,https://www.instagram.com/ressica___/,ressica___,"8,184",Nano,13.50%," 6,300 ","5,040",Female,," 15,000 ",,,,No,Delhi NCR,North,Beauty,2
Mahek K,https://www.instagram.com/aroundtheworldinaplate?igsh=MWo2YjFzejRsNXF2Nw%3D%3D,aroundtheworldinaplate,"8,147",Nano,1.22," 2,200 ",1760,Female," 1,200 "," 6,000 "," 3,500 ",2000,,No,Bangalore,South,Food,2
Foodie Mulga,https://www.instagram.com/foodieemulga19?igsh=cjlhZjZ1dXF1bmlr,foodieemulga19,"8,000",Nano,2.14%," 11,200 ",8960,Male,," 5,000 "," 3,000 ",2500,0.181818182,No,Mumbai,West,Food,2
Aditi Sihag,https://www.instagram.com/aditixsihag/,aditixsihag,"7,830",Nano,32.33," 7,282 ",5826,Male,," 40,000 "," 3,500 ",15000,,No,Delhi NCR,North,Beauty,2
Shubra Mishra,https://www.instagram.com/a.nomad.trail/,a.nomad.trail,"7,680",Nano,2.20%," 2,800 ",2240,Male," 10,000 "," 35,000 "," 8,000 ",6000,,No,Lucknow,North,Food,2
Riddhi,https://www.instagram.com/ridhiimakkar/,ridhiimakkar,"7,632",Nano,86.56," 6,891 ",5513,Female," 10,000 "," 25,000 ",,7500,,No,Mumbai,West,Business & Marketing,2
Parina gada,https://www.instagram.com/parinnaaa?igsh=MXQydHhnOW50eXBsdQ==,parinnaaa,"7,620",Nano,1.24%," 9,000 ",7200,Female," 2,500 "," 4,000 "," 3,000 ",1000,,No,Mumbai,West,Beauty,2
Aarushi,https://www.instagram.com/aarushi_nagar?igsh=aXB1dGU4cnRyejky,aarushi_nagar,"7,601",Nano,1.2," 6,500 ",5200,Female, 500 ," 2,000 "," 1,500 ",,0.126582279,No,Delhi NCR,North,Beauty,2
Gagan,https://www.instagram.com/gagan_kaurr__?utm_source=ig_web_button_share_sheet&igsh=ZDNlZDc0MzIxNw==,gagan_kaurr__,"7,500",Nano,3.06%," 9,900 ","7,920",Female, 700 ," 3,000 "," 1,800 ",1000,1,No,Delhi NCR,North,Fashion & Lifestyle,2
Aastha Goswami,https://www.instagram.com/aasthagoswamiiii?igsh=MWgwZzFoczA4ZmZnZw==,aasthagoswamiiii,"7,500",Nano,1.50%," 2,300 ",1840,Female," 50,000 "," 2,000 "," 1,000 ",1000,1,No,Chandigarh,North,Travel,2
Jessica,https://www.instagram.com/__jqueen__?igsh=MXkwdGh3b2VzMmMyaw==,__jqueen__,"7,464",Nano,1.55," 6,300 ",5040,Female," 50,000 "," 4,000 ",,,0.518338828,No,Delhi NCR,North,Beauty,2
Datta,https://www.instagram.com/dchavanfilms/,dchavanfilms,"7,457",Nano,1.66, 895 ,716,Male," 50,000 "," 12,000 "," 7,200 ",4800,1.151543068,No,Delhi NCR,North,Comedy,2
Brijesh,https://www.instagram.com/brijj__/,brijj__,"7,442",Nano,1.88%, 893 ,714,Male," 50,000 "," 12,000 "," 7,200 ",4800,0,No,Mumbai,West,Comedy,2
Dinky Malhotra,https://www.instagram.com/_lifewithdinky_?igsh=MTd3bWhodWhpczVyMg%3D%3D&utm_source=qr,_lifewithdinky_,"7,233",Nano,1.78%," 10,200 ",8160,Female," 4,000 "," 7,000 "," 3,500 ",3000,0.01149989,No,Mumbai,West,Beauty,2
Saumya,https://www.instagram.com/saumyya14?igsh=MXA1eGJidXJnMGp2aQ==,saumyya14,"7,171",Nano,9.03%," 20,800 ","16,640",Female," 2,000 "," 3,500 "," 3,000 ",,,No,Goa,West,Fashion & Lifestyle,2
Asen,https://www.instagram.com/sennlaaaa/,sennlaaaa,"7,159",Nano,4.96," 8,141 ",6513,Female,," 15,000 ",,,0.181818182,No,Mumbai,West,Beauty,2
Nirja,https://instagram.com/nirja_kamat?igshid=MzRlODBiNWFlZA==,nirja_kamat,"7,048",Nano,1.54%," 9,900 ",7920,Female,," 35,000 "," 25,000 ",30000,,No,Mumbai,West,Beauty,2
Jitesh,https://www.instagram.com/jituacts?igsh=MXN0eTRibzY3aTY3dw==,jituacts,"6,917",Nano,8.95," 11,200 ",8960,Male," 1,000 "," 6,000 "," 2,000 ",1500,,No,Delhi NCR,North,Fashion & Lifestyle,2
Senam tondrang,https://www.instagram.com/osingkim/,osingkim,"6,702",Nano,9.33%," 10,700 ",8560,Female,," 15,000 ",,,,No,Delhi NCR,North,Fashion & Lifestyle,2
Tript,https://www.instagram.com/triptgirdhar?igsh=N2tzOTJxMzcwOWFv,triptgirdhar,"6,610",Nano,10.3," 34,400 ",27520,Male," 5,000 "," 20,000 "," 15,000 ",15000,,No,Goa,West,Fashion & Lifestyle,2
Vanisha,https://www.instagram.com/vanishagupta_?igsh=YzdsbWx5bjR1bWp0,vanishagupta_,"6,532",Nano,6.46%," 12,500 ",10000,Female,," 15,000 "," 10,000 ",10000,0.126582279,No,Mumbai,West,Beauty,2
Shiza,https://www.instagram.com/sheezaaakay?igsh=MTdncTVoYmd6aHV2bw==,sheezaaakay,"6,394",Nano,3.78," 34,800 ",27840,Female," 50,000 "," 5,000 ",,,1,No,Delhi NCR,North,Beauty,2
Renuka Babbar,https://www.instagram.com/renuka_babbar/,renuka_babbar,"6,260",Nano,1.70%," 1,600 ",1280,Female," 50,000 "," 35,000 "," 20,000 ",0,0.518338828,No,Delhi NCR,North,Beauty,2
Aayushee,https://www.instagram.com/aayusheec1604?igsh=bzhycmsybzAxOHB5,aayusheec1604,"6,216",Nano,1.34%," 4,500 ",3600,Female," 1,500 "," 7,000 "," 5,000 ",10000,0.8,No,Mumbai,West,Beauty,2
Jai Lala,https://www.instagram.com/jaixstyle/,jaixstyle,"6,210",Nano,1.50%," 5,700 ","4,560",Male," 2,000 "," 5,000 ",,,1,No,Mumbai,West,Beauty,2
Pranusha,https://www.instagram.com/yourweebestie/,yourweebestie,"6,195",Nano,2.31," 5,800 ",4640,Female,," 15,000 ",,,,No,Bangalore,South,Fashion & Lifestyle,2
Shweta,https://www.instagram.com/shwetaa__raut08/,shwetaa__raut08,"6,076",Nano,1.21%," 5,800 ",4640,Female," 1,500 "," 3,000 "," 2,000 ",1000,,No,Bangalore,South,Beauty,2
Shirin,https://www.instagram.com/shirinkerkarr?igsh=bmd0dmg4endzZzBj,shirinkerkarr,"5,975",Nano,1.23," 5,600 ",4480,Female,," 2,000 ",,,0.181818182,No,Mumbai,West,Beauty,2
Divya,https://www.instagram.com/divyamyana?igsh=ZHRyZzE5djJiMmZi,divyamyana,"5,743",Nano,2.2," 1,800 ",1440,Female," 30,000 "," 90,000 "," 45,000 ",30000,,No,Bangalore,South,Fashion & Lifestyle,2
Kriya,https://www.instagram.com/kriyaparekh_03?igsh=Y2c4bnh1NTF4aWdj,kriyaparekh_03,"5,700",Nano,4.41," 5,300 ",4240,Female," 20,000 "," 3,000 ",,,0.444444444,No,Mumbai,West,Beauty,2
Vaishnavi,https://www.instagram.com/_vaish_navi_20_?igsh=MTdjZmo3cmtldGF4eA==,_vaish_navi_20_,"5,700",Nano,1.8," 4,400 ",3520,Female,," 2,000 ",,,0.4,No,Mumbai,West,Beauty,2
Softredkisses,https://www.instagram.com/softredkisses?igsh=MTgzcTVieG1xcDdiaA==,softredkisses,"5,500",Nano,7.31," 31,200 ",24960,Female, 500 ," 1,500 "," 1,500 ",,,No,Delhi NCR,North,Fashion & Lifestyle,2
Kashish Hinduja,https://www.instagram.com/the.funtastic.life/,the.funtastic.life,"5,430",Nano,2.00%," 1,300 ",1040,Male," 15,000 "," 40,000 ",,"35,000",0.181818182,No,Mumbai,West,Technology,2
Sneha Sakya,https://www.instagram.com/snehasakya?igsh=MW10OW9pbHc2d2xzaQ==,snehasakya,"5,223",Nano,2.57%," 2,000 ",1600,Female," 50,000 "," 5,000 "," 2,500 ",2000,0.091800895,No,Bangalore,South,Beauty,2
Sakshi,https://www.instagram.com/sakshi.shindee?igsh=YW83ZTA3dzBka3hx,sakshi.shindee,"5,085",Nano,4.07," 5,600 ",4480,Female,," 7,000 "," 5,000 ",7000,,No,Odisha,East,Fashion & Lifestyle,2
Dhruv Raj Chauhan,https://www.instagram.com/idhruvrahchauhan/,idhruvrahchauhan,"4,763",Nano,2," 12,243 ",9794,Male," 2,000 "," 8,000 ",,,,No,Delhi NCR,North,Fashion & Lifestyle,2
Prathamesh,https://www.instagram.com/prathamaze_?igsh=MWZxbHAwaHZseWRtZg==,prathamaze_,"4,453",Nano,1.55," 6,400 ",5120,Female," 1,500 "," 1,500 "," 2,000 ",,0.840760047,Yes,Delhi NCR,North,Beauty,2
Harshita Dhongdi,https://www.instagram.com/harshitadhongdi_official?igsh=NzhkMTF0NWQ1ZDNt,harshitadhongdi_official,"4,400",Nano,1.21," 3,700 ",2960,Female," 3,000 "," 8,000 "," 4,500 ",10000,0.064631131,No,Mumbai,West,Beauty,2
Ishan,https://www.instagram.com/ishan/,ishan,"4,345",Nano,4.47%," 4,35,700 ",348560,Male, 600 ," 5,000 ",,,,No,Delhi NCR,North,Fashion & Lifestyle,2
Nishtha,https://instagram.com/nxshthaa_?igshid=MzRlODBiNWFlZA==,nxshthaa_,"4,340",Nano,0.81%," 6,400 ",5120,Female," 5,000 "," 18,000 "," 2,000 ",5000,,No,Mumbai,West,Food,2
Yuthika,https://www.instagram.com/yuthiccaa?igsh=MXBlYjY2aHExbHFhZg==,yuthiccaa,"4,279",Nano,1.12%," 6,700 ",5360,Female, 500 ," 2,000 "," 2,000 ",,0.276134776,No,Delhi NCR,North,Beauty,2
Jhanvi,https://instagram.com/jhanvimehtaaa?utm_source=qr&igshid=NGExMmI2YTkyZg%3D%3D,jhanvimehtaaa,"4,062",Nano,18.87%," 6,400 ",5120,Female,," 1,80,000 "," 60,000 ",50000,,Yes,Mumbai,West,Music,2
Raemaraan,https://www.instagram.com/rae_jaffer/,rae_jaffer,"3,991",Nano,2.17," 7,280 ",5824,Female," 20,000 "," 60,000 "," 40,000 ",8000,0.4,No,Goa,West,Beauty,2
Vedang Chavan,https://www.instagram.com/coach_vedzz/,coach_vedzz,"3,782",Nano,12.92%," 41,240 ",32992,Female,," 21,000 "," 2,000 ",7000,,Yes,Mumbai,West,Fashion & Lifestyle,2
Akram Virani,https://www.instagram.com/officialrawfiul/,officialrawfiul,"2,239",Nano,1.33%," 7,200 ",5760,Female,," 50,000 "," 10,000 ",5000,,Yes,Mumbai,West,Fashion & Lifestyle,2
Ayushmann Rawat,https://www.instagram.com/shawtt_gaming/,shawtt_gaming,"1,635",Nano,9.12%," 1,620 ","1,296",Male,," 80,000 "," 48,000 ",32000,,Yes,Delhi NCR,North,Comedy,2
Ryan Suri (Couple),https://www.instagram.com/suripurified/,suripurified,"1,518",Nano,8.53%," 87,350 ","69,880",Male," 50,000 "," 35,000 "," 5,000 ",5000,0,No,Delhi NCR,North,Entertainment,2
Thahira,https://www.instagram.com/thahiraafraah,thahiraafraah,"1,305",Nano,1.01," 10,233 ",8186,Female," 7,000 "," 20,000 "," 12,000 ",5000,0.841538332,No,Chennai,South,Fashion & Lifestyle,2
Skye,https://www.instagram.com/_skyesg/,_skyesg,880,Sub-Nano (<1K),0.36, 664 ,531,Female,," 35,000 "," 12,000 ","5,000",,No,Mumbai,West,Beauty,1
Akosi,https://www.instagram.com/akosijepay/,akosijepay,762,Sub-Nano (<1K),1.56%, 582 ,466,Female,," 18,000 ",,,,No,Mumbai,West,Fashion & Lifestyle,1
Twirly,https://www.instagram.com/an.cajanding/,an.cajanding,625,Sub-Nano (<1K),1.87," 2,300 ",1840,Male," 50,000 "," 20,000 "," 5,000 ",5000,0.064631131,No,Mumbai,West,Fashion & Lifestyle,1
Azis Nandang,https://www.instagram.com/azyshaha/,azyshaha,418,Sub-Nano (<1K),1.75," 2,600 ",2080,Female," 50,000 "," 12,000 "," 6,000 ",3000,0.276134776,Yes,Mumbai,West,Beauty,1
vastraa_vibe_,https://www.instagram.com/vastraa_vibe_,vastraa_vibe_,0,Sub-Nano (<1K),0.00%," 13,550 ",10840,Female," 65,000 "," 3,00,000 "," 2,85,000 ",75000,0.822,No,Punjab,North,Fitness,1
edgyetika,https://www.instagram.com/edgyetika,edgyetika,0,Sub-Nano (<1K),0.00%," 13,550 ",10840,Female," 75,000 "," 3,00,000 "," 2,50,000 ",50000,0.833333333,No,Bangalore,South,Finance,1
ellie_kt,https://www.instagram.com/ellie_kt,ellie_kt,0,Sub-Nano (<1K),0," 13,550 ",10840,Male," 75,000 "," 3,00,000 "," 3,00,000 ","75,000",0.99262,No,Delhi NCR,North,Business & Marketing,1
ethnichaul_,https://www.instagram.com/ethnichaul_,ethnichaul_,0,Sub-Nano (<1K),0," 13,550 ",10840,Male," 1,00,000 "," 2,50,000 "," 2,25,000 ",50000,,No,Mumbai,West,Comedy,1
yourbaecaramel,https://www.instagram.com/yourbaecaramel,yourbaecaramel,0,Sub-Nano (<1K),0.00%," 13,550 ",10840,Male," 50,000 "," 2,50,000 "," 2,50,000 ",50000,,No,Jaipur,West,Entertainment,1
thedaily_wanderlust_,https://www.instagram.com/thedaily_wanderlust_,thedaily_wanderlust_,0,Sub-Nano (<1K),0.00%," 13,550 ",10840,Female," 75,000 "," 2,00,000 "," 1,00,000 ","50,000",0.181818182,No,Delhi NCR,North,Music,1
fashionhub_of_priya,https://www.instagram.com/fashionhub_of_priya,fashionhub_of_priya,0,Sub-Nano (<1K),0," 13,550 ",10840,Female," 75,000 "," 1,00,000 "," 1,25,000 ",50000,0.181818182,No,Dehradun,North,Comedy,1
picksbysonia,https://www.instagram.com/picksbysonia,picksbysonia,0,Sub-Nano (<1K),0.00%," 13,550 ",10840,Female," 40,000 "," 1,00,000 "," 85,000 ","45,000",,No,Bangalore,South,Entertainment,1
rafnas_own,https://www.instagram.com/rafnas_own,rafnas_own,0,Sub-Nano (<1K),0.00%," 13,550 ",10840,Female," 50,000 "," 1,00,000 "," 1,25,000 ",50000,,No,Mumbai,West,Entertainment,1
unfoldself_,https://www.instagram.com/unfoldself_,unfoldself_,0,Sub-Nano (<1K),0.00%," 13,550 ","10,840",Female," 50,000 "," 1,00,000 "," 1,20,000 ",20000,,No,Mumbai,West,Entertainment,1
oriana.adarkar,https://www.instagram.com/oriana.adarkar?igsh=enc1a3hiOGx1d3Zk,oriana.adarkar,0,Sub-Nano (<1K),0.00%," 52,000 ","41,600",Female,," 20,000 ",,,0,No,Delhi NCR,North,Beauty,1
Palak Tiwari,https://www.instagram.com/palaktiwarii/,palaktiwarii,"40,80,000",Mega/Celebrity,," 17,00,000 ",1360000,Female," 1,00,000 "," 8,00,000 "," 3,20,000 ",480000,,No,Lucknow,North,Fashion & Lifestyle,5
Bhoomika Dash,https://www.instagram.com/officialbhoomikadash/,officialbhoomikadash,"8,68,000",Macro,," 1,51,850 ","1,21,480",Female," 16,000 "," 55,000 ",,12000,,No,Odisha,East,Fashion & Lifestyle,4
CA Vibhash Khatri,https://instagram.com/vibhashkhattri?igshid=MzRlODBiNWFlZA==,vibhashkhattri,"8,45,000",Macro,," 1,91,500 ",153200,Male," 36,000 "," 1,20,000 ",,36000,,No,Varanasi,North,Finance,4
SMC Kapil,https://www.instagram.com/55000/,55000,"8,28,117",Macro,," 2,00,950 ",160760,Female," 38,000 "," 18,000 ",,28500,,No,Indore,Central,Fashion & Lifestyle,4
Sudeshna,https://www.instagram.com/sudeshnasworld/,sudeshnasworld,"7,24,000",Macro,," 2,14,500 ",171600,Female," 28,000 "," 3,50,000 "," 85,000 ",21000,,No,West Bengal,East,Beauty,4
shubhamgaur09,https://www.instagram.com/shubhamgaur09/,shubhamgaur09,"6,47,000",Macro,," 2,30,000 ",184000,Male,," 4,00,000 "," 2,50,000 ",50000,,Yes,Mumbai,West,Comedy,4
Tech Feroz,https://www.instagram.com/_techferoz/,_techferoz,"6,15,000",Macro,," 2,60,500 ",208400,Male," 10,000 "," 25,000 ",,7500,,No,Mumbai,West,Finance,4
Satyajit Banerjee,https://www.instagram.com/grownuptales/,grownuptales,"5,80,000",Macro,," 1,80,000 ",144000,Male," 60,000 "," 2,00,000 ",,50000,,No,West Bengal,East,Finance,4
thatcutestthing,https://www.instagram.com/thatcutestthing/,thatcutestthing,"5,12,000",Macro,," 2,26,208 ",180966,Female,," 3,50,000 "," 2,00,000 ",70000,,No,Chandigarh,North,Fashion & Lifestyle,4
Ankit,https://www.instagram.com/ankit_sr,ankit_sr,"5,12,000",Macro,," 1,70,000 ",136000,Male," 50,000 "," 1,80,000 "," 70,000 ","35,000",,No,Delhi NCR,North,Business & Marketing,4
Lakshya Narula,https://www.instagram.com/learningwithlakshya,learningwithlakshya,"5,01,000",Macro,," 3,76,000 ","3,00,800",Male," 60,000 "," 1,50,000 "," 1,20,000 ",50000,,No,Delhi NCR,North,Finance,4
Arsh Goyal,https://www.instagram.com/arshgoyalyt/,arshgoyalyt,"4,56,000",Macro,," 2,00,000 ",160000,Male," 50,000 "," 2,00,000 "," 85,000 ",60000,,Yes,Bangalore,South,Finance,4
salonidaini_,https://www.instagram.com/salonidaini_/,salonidaini_,"4,28,000",Macro,," 2,00,600 ",160480,Male," 20,000 "," 2,50,000 "," 1,50,000 ",50000,,No,Mumbai,West,Entertainment,4
Rohit,https://www.instagram.com/rupeeswith_rohit?&igsh=ZDNlZDc0MzIxNw==,rupeeswith_rohit,"3,99,000",Macro,," 1,51,950 ","1,21,560",Male," 24,000 "," 60,000 ",,18000,,Yes,Odisha,East,Business & Marketing,4
mai_mohini,https://www.instagram.com/mai_mohini/,mai_mohini,"3,44,000",Macro,," 1,23,000 ",98400,Female,," 1,20,000 "," 70,000 ",30000,,Yes,Delhi NCR,North,Fashion & Lifestyle,4
Ishani,https://www.instagram.com/ishanibhattacharya/,ishanibhattacharya,"3,41,000",Macro,," 1,20,679 ",96543,Female," 2,80,000 "," 60,000 ",,,,No,West Bengal,East,Beauty,4
Salini Agarwal,https://www.instagram.com/financewithsalini/,financewithsalini,"3,04,000",Macro,," 40,000 ",32000,Female," 20,000 "," 50,000 "," 85,000 ",20000,,No,West Bengal,East,Finance,4
Skincare by Tanisha,https://www.instagram.com/skincarebytanisha?igsh=N2JvZzZxdTVpcGFo,skincarebytanisha,"2,98,000",Macro,," 1,10,000 ",88000,Male,," 1,00,000 "," 80,000 ",40000,,No,Mumbai,West,Beauty,4
shreya.priyam,https://www.instagram.com/shreya.priyam/,shreya.priyam,"2,42,000",Macro,," 1,54,000 ",123200,Female,," 1,50,000 "," 80,000 ",30000,,Yes,Delhi NCR,North,Entertainment,4
Gloria V Simon,https://www.instagram.com/Gloria (@grolia_.__)/,gloria (@grolia_.__),"2,26,000",Macro,," 17,83,400 ",1426720,Female," 1,00,000 "," 4,50,000 ",,100000,,No,Kochi,South,Business & Marketing,4
Hardik Bhatia,https://instagram.com/hardikbhatia.in?igshid=MzRlODBiNWFlZA==,hardikbhatia.in,"2,12,000",Macro,," 1,01,198 ",80958,Male," 28,000 "," 70,000 ",,21000,,No,Delhi NCR,North,Finance,4
Tanu,https://www.instagram.com/tanu_konjengbam_/,tanu_konjengbam_,"1,56,000",Macro,," 83,062 ","66,450",Female,," 15,000 ",,,,No,Manipur,Northeast,Fashion & Lifestyle,4
Simra,https://www.instagram.com/simra.khan__?igsh=aThoYTM2bGdibGd5,simra.khan__,"1,46,000",Macro,," 72,814 ",58251,Female,," 40,000 ",,,,No,Lucknow,North,Beauty,4
RK,https://www.instagram.com/72000/,72000,"1,45,000",Macro,," 52,000 ",41600,Male,," 1,00,000 ",,,,No,Indore,Central,Beauty,4
Siddharth Dudeja,https://www.instagram.com/siddharthdudeja,siddharthdudeja,"1,42,000",Macro,," 52,000 ","41,600",Male," 25,000 "," 60,000 "," 1,00,000 ",50000,,No,Mumbai,West,Finance,4
Monmayuri,https://www.instagram.com/monmayuriiiiii/,monmayuriiiiii,"1,37,000",Macro,," 66,860 ",53488,Female," 10,000 "," 45,000 ",,7500,,No,Assam,Northeast,Fashion & Lifestyle,4
Mehak Oberoi,https://www.instagram.com/mehakoberoi,mehakoberoi,"1,33,000",Macro,," 52,000 ",41600,Female," 1,50,000 "," 2,00,000 "," 2,00,000 ",100000,,No,Delhi NCR,North,Travel,4
Borsha Gogoi,https://www.instagram.com/dikxa_gogoi/,dikxa_gogoi,"1,31,000",Macro,," 70,500 ","56,400",Female,," 15,000 ",,,,No,Assam,Northeast,Fashion & Lifestyle,4
Aarya,https://www.instagram.com/aarya_dongre,aarya_dongre,"1,30,000",Macro,," 52,000 ","41,600",Male," 16,000 "," 40,000 ",,12000,,No,Mumbai,West,Business & Marketing,4
Kunal Rawal,https://www.instagram.com/kunalrawalofficial,kunalrawalofficial,"1,27,000",Macro,," 52,000 ",41600,Male," 1,50,000 "," 3,50,000 "," 3,00,000 ",150000,,No,Mumbai,West,Finance,4
Sharmili Chakraborty,https://www.instagram.com/_sharmili_/,_sharmili_,"1,26,000",Macro,," 68,720 ",54976,Female,," 70,000 ",,,,No,West Bengal,East,Beauty,4
Shubhankar Mishra,https://www.instagram.com/theshubhankarmishra/,theshubhankarmishra,"1,21,302",Macro,," 52,000 ",41600,Male," 2,00,000 "," 8,00,000 "," 6,00,000 ",250000,,No,Assam,Northeast,Beauty,4
Jagdish Chaturvedi,https://www.instagram.com/drjagdishchatur,drjagdishchatur,"1,19,000",Macro,," 52,000 ",41600,Female," 75,000 "," 1,00,000 ",,"30,000",,No,Bangalore,South,Beauty,4
Vikas Naagru,https://www.instagram.com/naagruvikaas?utm_source=ig_web_button_share_sheet&igsh=ZDNlZDc0MzIxNw==,naagruvikaas,"1,03,000",Macro,," 59,562 ",47650,Male," 10,000 "," 25,000 ",,"7,500",,Yes,Delhi NCR,North,Business & Marketing,4
Chanchilee,https://www.instagram.com/chanchilee_nongthombam/,chanchilee_nongthombam,"1,02,000",Macro,," 55,000 ",44000,Female,," 20,000 ",,,,No,Manipur,Northeast,Fashion & Lifestyle,4
Midhu,https://www.instagram.com/food___stories_____,food___stories_____,"99,000",Micro,," 54,641 ",43713,Female,," 35,000 ",,,,No,Trivandrum,South,Fashion & Lifestyle,3
Layba Ahmad,https://www.instagram.com/layba_ahmad?igsh=eDB3bzYxYXB6YXR2,layba_ahmad,"84,500",Micro,," 54,000 ",43200,Female,," 70,000 ",,,,No,Delhi NCR,North,Beauty,3
Meher Kaur,https://www.instagram.com/meheronmmoney?utm_source=ig_web_button_share_sheet&igsh=ZDNlZDc0MzIxNw==,meheronmmoney,"82,400",Micro,," 20,000 ","16,000",Female," 12,000 "," 50,000 ",,10000,,No,Surat,West,Finance,3
Apoorva,https://www.instagram.com/apoorva.mehandiratta?igsh=MWZxbzB3aDIxd2E1Yw==,apoorva.mehandiratta,"75,900",Micro,," 52,000 ",41600,Female,," 35,000 ",,,,No,Mumbai,West,Travel,3
simrananand21,https://www.instagram.com/simrananand21/,simrananand21,"71,000",Micro,," 45,000 ",36000,Female,," 50,000 "," 35,000 ",10000,,No,Delhi NCR,North,Fashion & Lifestyle,3
Food of Kolkata,https://www.instagram.com/food_of_kolkata?igsh=YWZibjdpZXdmaWY=,food_of_kolkata,"68,000",Micro,," 42,700 ","34,160",Male," 16,000 "," 40,000 ",,12000,,No,West Bengal,East,Business & Marketing,3
Simpli stocks Hindi,https://www.instagram.com/simplistocks.hindi/,simplistocks.hindi,"60,300",Micro,," 45,000 ",36000,Male," 12,000 "," 30,000 ",,"9,000",,No,Delhi NCR,North,Finance,3
Rahul Singh,https://www.instagram.com/vermarahulofficial?,vermarahulofficial,"52,300",Micro,," 37,888 ",30310,Male,," 35,000 ",,,,No,Delhi NCR,North,Fashion & Lifestyle,3
Pratham,https://www.instagram.com/prathamgurung_/,prathamgurung_,"50,500",Micro,," 35,741 ",28593,Male," 1,00,000 "," 4,50,000 ",,100000,,No,Delhi NCR,North,Business & Marketing,3
Raisha Sultana,https://www.instagram.com/im_raiiiiii/,im_raiiiiii,"50,000",Micro,," 36,000 ","28,800",Female,," 30,000 ",,,,No,Mumbai,West,Beauty,3
Madhusmita,https://www.instagram.com/_madhusmita_das__/,_madhusmita_das__,"47,000",Micro,," 35,300 ",28240,Female," 65,000 "," 15,000 "," 1,00,000 ",65000,,No,Assam,Northeast,Fashion & Lifestyle,3
Namma Pondy,https://www.instagram.com/namma_pondy/,namma_pondy,"46,113",Micro,," 35,100 ",28080,Female," 1,00,000 "," 25,000 "," 2,50,000 ","1,00,000",,No,Delhi NCR,North,Beauty,3
ivrizzz12,https://www.instagram.com/ivrizzz12?igsh=anYzNHBrdmpodHNh,ivrizzz12,"46,000",Micro,," 1,14,000 ",91200,Female," 1,50,000 "," 15,000 "," 3,75,000 ",100000,,No,Meghalaya,Northeast,Fashion & Lifestyle,3
Ritika Rawat,https://www.instagram.com/ritikarawat_0020/,ritikarawat_0020,"45,600",Micro,," 1,00,000 ","80,000",Female," 1,00,000 "," 15,000 "," 1,80,000 ",100000,,No,Delhi NCR,North,Beauty,3
Imnasenla Rachel,https://www.instagram.com/imnasenlarachel/,imnasenlarachel,"44,000",Micro,," 35,708 ",28566,Female," 2,00,000 "," 45,000 "," 6,00,000 ",250000,,No,Nagaland,Northeast,Fashion & Lifestyle,3
Mondal Raja,https://www.instagram.com/mondalraja_/,mondalraja_,"42,000",Micro,," 65,490 ",52392,Female,," 20,000 ",,,,No,Delhi NCR,North,Beauty,3
ambikaaroraaaaa,https://www.instagram.com/ambikaaroraaaaa?igsh=MXc2YXo3dnp5Yjdlcg==,ambikaaroraaaaa,"41,000",Micro,," 48,000 ",38400,Female,," 25,000 ",,,,No,Dehradun,North,Comedy,3
Reena Kausar,https://www.instagram.com/kausarreena?igsh=MXFkN3I0MWk4emszbQ==,kausarreena,"35,300",Micro,," 23,839 ",19071,Female,," 40,000 ",,,,No,Delhi NCR,North,Beauty,3
Gitanjali Pradhan,https://www.instagram.com/_gitanjali__20/,_gitanjali__20,"21,000",Micro,," 12,473 ",9978,Female,," 25,000 ",,,,No,Delhi NCR,North,Beauty,3
Khyati,https://www.instagram.com/khyyyatii/,khyyyatii,"21,000",Micro,," 12,473 ",9978,Female,," 15,000 ",,,,Yes,Assam,Northeast,Beauty,3
matti.tariang_,https://www.instagram.com/matti.tariang_,matti.tariang_,"19,400",Micro,," 9,000 ",7200,Male,," 1,00,000 ",,,,No,Mumbai,West,Beauty,3
Siamte,https://www.instagram.com/siamte9_/,siamte9_,"17,344",Micro,," 18,000 ",14400,Female,," 10,000 ",,,,No,Meghalaya,Northeast,Fashion & Lifestyle,3
Simran,https://www.instagram.com/vxnloviee/,vxnloviee,"14,793",Micro,," 12,500 ",10000,Female,," 13,000 ",,,,No,Bhopal,Central,Beauty,3
Bhavika Jain,https://instagram.com/getthaatbread?igshid=YmMyMTA2M2Y=,getthaatbread,"14,700",Micro,," 12,492 ",9994,Female," 8,000 "," 20,000 ",,6000,,No,Bangalore,South,Finance,3
Rengmili Taropi,https://www.instagram.com/_rengmili_taropi_/,_rengmili_taropi_,"12,000",Micro,," 7,850 ",6280,Female,," 15,000 ",,,,No,Assam,Northeast,Beauty,3
Ava Rai,https://www.instagram.com/aava_rai/,aava_rai,"11,000",Micro,," 7,250 ",5800,Female,," 15,000 ",,,,No,Mumbai,West,Comedy,3
Vaishnavi,https://www.instagram.com/vaishnavvi22,vaishnavvi22,"9,096",Nano,," 7,750 ",6200,Female,," 25,000 ",,,,No,Pune,West,Beauty,2
,,,,,,,,,,,,,,,,,,
,,,,,,,,,,,,,,,,,,
,,,,,,,,,,,,,,,,,,
,,,,,,,,,,,,,,,,,,
,,,,,,,,,,,,,,,,,,
,,,,,,,,,,,,,,,,,,
,,,,,,,,,,,,,,,,,,
,,,,,,,,,,,,,,,,,,
,,,,,,,,,,,,,,,,,,
,,,,,,,,,,,,,,,,,,
,,,,,,,,,,,,,,,,,,
,,,,,,,,,,,,,,,,,,
,,,,,,,,,,,,,,,,,,
,,,,,,,,,,,,,,,,,,
,,,,,,,,,,,,,,,,,,
,,,,,,,,,,,,,,,,,,
,,,,,,,,,,,,,,,,,,
,,,,,,,,,,,,,,,,,,
,,,,,,,,,,,,,,,,,,
,,,,,,,,,,,,,,,,,,
,,,,,,,,,,,,,,,,,,
,,,,,,,,,,,,,,,,,,
,,,,,,,,,,,,,,,,,,
,,,,,,,,,,,,,,,,,,
,,,,,,,,,,,,,,,,,,
,,,,,,,,,,,,,,,,,,
,,,,,,,,,,,,,,,,,,
,,,,,,,,,,,,,,,,,,
,,,,,,,,,,,,,,,,,,
,,,,,,,,,,,,,,,,,,
,,,,,,,,,,,,,,,,,,
,,,,,,,,,,,,,,,,,,
,,,,,,,,,,,,,,,,,,
,,,,,,,,,,,,,,,,,,
,,,,,,,,,,,,,,,,,,
,,,,,,,,,,,,,,,,,,
,,,,,,,,,,,,,,,,,,
,,,,,,,,,,,,,,,,,,
,,,,,,,,,,,,,,,,,,
,,,,,,,,,,,,,,,,,,
,,,,,,,,,,,,,,,,,,
,,,,,,,,,,,,,,,,,,
,,,,,,,,,,,,,,,,,,
,,,,,,,,,,,,,,,,,,
,,,,,,,,,,,,,,,,,,
,,,,,,,,,,,,,,,,,,
,,,,,,,,,,,,,,,,,,
,,,,,,,,,,,,,,,,,,
,,,,,,,,,,,,,,,,,,
,,,,,,,,,,,,,,,,,,
,,,,,,,,,,,,,,,,,,
,,,,,,,,,,,,,,,,,,
,,,,,,,,,,,,,,,,,,
,,,,,,,,,,,,,,,,,,
,,,,,,,,,,,,,,,,,,
,,,,,,,,,,,,,,,,,,
,,,,,,,,,,,,,,,,,,
,,,,,,,,,,,,,,,,,,
,,,,,,,,,,,,,,,,,,
,,,,,,,,,,,,,,,,,,
,,,,,,,,,,,,,,,,,,
,,,,,,,,,,,,,,,,,,
,,,,,,,,,,,,,,,,,,
,,,,,,,,,,,,,,,,,,
,,,,,,,,,,,,,,,,,,
,,,,,,,,,,,,,,,,,,
,,,,,,,,,,,,,,,,,,
,,,,,,,,,,,,,,,,,,
,,,,,,,,,,,,,,,,,,
,,,,,,,,,,,,,,,,,,
,,,,,,,,,,,,,,,,,,
,,,,,,,,,,,,,,,,,,
,,,,,,,,,,,,,,,,,,
,,,,,,,,,,,,,,,,,,
,,,,,,,,,,,,,,,,,,
,,,,,,,,,,,,,,,,,,
,,,,,,,,,,,,,,,,,,
,,,,,,,,,,,,,,,,,,
,,,,,,,,,,,,,,,,,,
,,,,,,,,,,,,,,,,,,
,,,,,,,,,,,,,,,,,,
,,,,,,,,,,,,,,,,,,
,,,,,,,,,,,,,,,,,,
,,,,,,,,,,,,,,,,,,
,,,,,,,,,,,,,,,,,,
,,,,,,,,,,,,,,,,,,
,,,,,,,,,,,,,,,,,,
,,,,,,,,,,,,,,,,,,
,,,,,,,,,,,,,,,,,,
,,,,,,,,,,,,,,,,,,
,,,,,,,,,,,,,,,,,,
,,,,,,,,,,,,,,,,,,
,,,,,,,,,,,,,,,,,,
,,,,,,,,,,,,,,,,,,
,,,,,,,,,,,,,,,,,,
,,,,,,,,,,,,,,,,,,
,,,,,,,,,,,,,,,,,,
,,,,,,,,,,,,,,,,,,
,,,,,,,,,,,,,,,,,,
,,,,,,,,,,,,,,,,,,
,,,,,,,,,,,,,,,,,,
,,,,,,,,,,,,,,,,,,
,,,,,,,,,,,,,,,,,,
,,,,,,,,,,,,,,,,,,
,,,,,,,,,,,,,,,,,,
,,,,,,,,,,,,,,,,,,
,,,,,,,,,,,,,,,,,,
,,,,,,,,,,,,,,,,,,
,,,,,,,,,,,,,,,,,,
,,,,,,,,,,,,,,,,,,
,,,,,,,,,,,,,,,,,,
,,,,,,,,,,,,,,,,,,
,,,,,,,,,,,,,,,,,,
,,,,,,,,,,,,,,,,,,
,,,,,,,,,,,,,,,,,,
,,,,,,,,,,,,,,,,,,
,,,,,,,,,,,,,,,,,,
,,,,,,,,,,,,,,,,,,
,,,,,,,,,,,,,,,,,,
,,,,,,,,,,,,,,,,,,
,,,,,,,,,,,,,,,,,,
,,,,,,,,,,,,,,,,,,
,,,,,,,,,,,,,,,,,,
,,,,,,,,,,,,,,,,,,
,,,,,,,,,,,,,,,,,,
,,,,,,,,,,,,,,,,,,
,,,,,,,,,,,,,,,,,,
,,,,,,,,,,,,,,,,,,
,,,,,,,,,,,,,,,,,,
,,,,,,,,,,,,,,,,,,
,,,,,,,,,,,,,,,,,,
,,,,,,,,,,,,,,,,,,
,,,,,,,,,,,,,,,,,,
,,,,,,,,,,,,,,,,,,
,,,,,,,,,,,,,,,,,,
,,,,,,,,,,,,,,,,,,
,,,,,,,,,,,,,,,,,,
,,,,,,,,,,,,,,,,,,
,,,,,,,,,,,,,,,,,,
,,,,,,,,,,,,,,,,,,
,,,,,,,,,,,,,,,,,,
,,,,,,,,,,,,,,,,,,
,,,,,,,,,,,,,,,,,,
,,,,,,,,,,,,,,,,,,
,,,,,,,,,,,,,,,,,,
,,,,,,,,,,,,,,,,,,
,,,,,,,,,,,,,,,,,,
,,,,,,,,,,,,,,,,,,
,,,,,,,,,,,,,,,,,,
,,,,,,,,,,,,,,,,,,
,,,,,,,,,,,,,,,,,,
,,,,,,,,,,,,,,,,,,
,,,,,,,,,,,,,,,,,,
,,,,,,,,,,,,,,,,,,
,,,,,,,,,,,,,,,,,,
,,,,,,,,,,,,,,,,,,
,,,,,,,,,,,,,,,,,,
,,,,,,,,,,,,,,,,,,
,,,,,,,,,,,,,,,,,,
,,,,,,,,,,,,,,,,,,
,,,,,,,,,,,,,,,,,,
,,,,,,,,,,,,,,,,,,
,,,,,,,,,,,,,,,,,,
,,,,,,,,,,,,,,,,,,
,,,,,,,,,,,,,,,,,,
,,,,,,,,,,,,,,,,,,
,,,,,,,,,,,,,,,,,,
,,,,,,,,,,,,,,,,,,
,,,,,,,,,,,,,,,,,,
,,,,,,,,,,,,,,,,,,
,,,,,,,,,,,,,,,,,,
,,,,,,,,,,,,,,,,,,
,,,,,,,,,,,,,,,,,,
,,,,,,,,,,,,,,,,,,
,,,,,,,,,,,,,,,,,,
,,,,,,,,,,,,,,,,,,
,,,,,,,,,,,,,,,,,,
,,,,,,,,,,,,,,,,,,
,,,,,,,,,,,,,,,,,,
,,,,,,,,,,,,,,,,,,
,,,,,,,,,,,,,,,,,,
,,,,,,,,,,,,,,,,,,
,,,,,,,,,,,,,,,,,,
,,,,,,,,,,,,,,,,,,
,,,,,,,,,,,,,,,,,,
,,,,,,,,,,,,,,,,,,
,,,,,,,,,,,,,,,,,,
,,,,,,,,,,,,,,,,,,
,,,,,,,,,,,,,,,,,,
,,,,,,,,,,,,,,,,,,
,,,,,,,,,,,,,,,,,,
,,,,,,,,,,,,,,,,,,
,,,,,,,,,,,,,,,,,,
,,,,,,,,,,,,,,,,,,
,,,,,,,,,,,,,,,,,,
,,,,,,,,,,,,,,,,,,
,,,,,,,,,,,,,,,,,,
,,,,,,,,,,,,,,,,,,
,,,,,,,,,,,,,,,,,,
,,,,,,,,,,,,,,,,,,
,,,,,,,,,,,,,,,,,,
,,,,,,,,,,,,,,,,,,
,,,,,,,,,,,,,,,,,,
,,,,,,,,,,,,,,,,,,
,,,,,,,,,,,,,,,,,,
,,,,,,,,,,,,,,,,,,
,,,,,,,,,,,,,,,,,,
,,,,,,,,,,,,,,,,,,
,,,,,,,,,,,,,,,,,,
,,,,,,,,,,,,,,,,,,
,,,,,,,,,,,,,,,,,,
,,,,,,,,,,,,,,,,,,
,,,,,,,,,,,,,,,,,,
,,,,,,,,,,,,,,,,,,
,,,,,,,,,,,,,,,,,,
,,,,,,,,,,,,,,,,,,
,,,,,,,,,,,,,,,,,,
,,,,,,,,,,,,,,,,,,
,,,,,,,,,,,,,,,,,,
,,,,,,,,,,,,,,,,,,
,,,,,,,,,,,,,,,,,,
,,,,,,,,,,,,,,,,,,
,,,,,,,,,,,,,,,,,,
,,,,,,,,,,,,,,,,,,
,,,,,,,,,,,,,,,,,,
,,,,,,,,,,,,,,,,,,
,,,,,,,,,,,,,,,,,,
,,,,,,,,,,,,,,,,,,
,,,,,,,,,,,,,,,,,,
,,,,,,,,,,,,,,,,,,
,,,,,,,,,,,,,,,,,,
,,,,,,,,,,,,,,,,,,
,,,,,,,,,,,,,,,,,,
,,,,,,,,,,,,,,,,,,
,,,,,,,,,,,,,,,,,,
,,,,,,,,,,,,,,,,,,
,,,,,,,,,,,,,,,,,,
,,,,,,,,,,,,,,,,,,
,,,,,,,,,,,,,,,,,,
,,,,,,,,,,,,,,,,,,
,,,,,,,,,,,,,,,,,,
,,,,,,,,,,,,,,,,,,
,,,,,,,,,,,,,,,,,,
,,,,,,,,,,,,,,,,,,
,,,,,,,,,,,,,,,,,,
,,,,,,,,,,,,,,,,,,
,,,,,,,,,,,,,,,,,,
,,,,,,,,,,,,,,,,,,
,,,,,,,,,,,,,,,,,,
,,,,,,,,,,,,,,,,,,
,,,,,,,,,,,,,,,,,,
,,,,,,,,,,,,,,,,,,
,,,,,,,,,,,,,,,,,,
,,,,,,,,,,,,,,,,,,
,,,,,,,,,,,,,,,,,,
,,,,,,,,,,,,,,,,,,
,,,,,,,,,,,,,,,,,,
,,,,,,,,,,,,,,,,,,
,,,,,,,,,,,,,,,,,,
,,,,,,,,,,,,,,,,,,
,,,,,,,,,,,,,,,,,,
,,,,,,,,,,,,,,,,,,
,,,,,,,,,,,,,,,,,,
,,,,,,,,,,,,,,,,,,
,,,,,,,,,,,,,,,,,,
,,,,,,,,,,,,,,,,,,
,,,,,,,,,,,,,,,,,,
,,,,,,,,,,,,,,,,,,
,,,,,,,,,,,,,,,,,,
,,,,,,,,,,,,,,,,,,
,,,,,,,,,,,,,,,,,,
,,,,,,,,,,,,,,,,,,
,,,,,,,,,,,,,,,,,,
,,,,,,,,,,,,,,,,,,
,,,,,,,,,,,,,,,,,,
,,,,,,,,,,,,,,,,,,
,,,,,,,,,,,,,,,,,,
,,,,,,,,,,,,,,,,,,
,,,,,,,,,,,,,,,,,,
,,,,,,,,,,,,,,,,,,
,,,,,,,,,,,,,,,,,,
,,,,,,,,,,,,,,,,,,
,,,,,,,,,,,,,,,,,,
,,,,,,,,,,,,,,,,,,
,,,,,,,,,,,,,,,,,,
,,,,,,,,,,,,,,,,,,
,,,,,,,,,,,,,,,,,,
,,,,,,,,,,,,,,,,,,
,,,,,,,,,,,,,,,,,,
,,,,,,,,,,,,,,,,,,
,,,,,,,,,,,,,,,,,,
,,,,,,,,,,,,,,,,,,
,,,,,,,,,,,,,,,,,,
,,,,,,,,,,,,,,,,,,
,,,,,,,,,,,,,,,,,,
,,,,,,,,,,,,,,,,,,
,,,,,,,,,,,,,,,,,,
,,,,,,,,,,,,,,,,,,
,,,,,,,,,,,,,,,,,,
,,,,,,,,,,,,,,,,,,
,,,,,,,,,,,,,,,,,,
,,,,,,,,,,,,,,,,,,
,,,,,,,,,,,,,,,,,,
,,,,,,,,,,,,,,,,,,
,,,,,,,,,,,,,,,,,,
,,,,,,,,,,,,,,,,,,
,,,,,,,,,,,,,,,,,,
,,,,,,,,,,,,,,,,,,
,,,,,,,,,,,,,,,,,,
,,,,,,,,,,,,,,,,,,
,,,,,,,,,,,,,,,,,,
,,,,,,,,,,,,,,,,,,
,,,,,,,,,,,,,,,,,,
,,,,,,,,,,,,,,,,,,
,,,,,,,,,,,,,,,,,,
,,,,,,,,,,,,,,,,,,
,,,,,,,,,,,,,,,,,,
,,,,,,,,,,,,,,,,,,
,,,,,,,,,,,,,,,,,,
,,,,,,,,,,,,,,,,,,
,,,,,,,,,,,,,,,,,,
,,,,,,,,,,,,,,,,,,
,,,,,,,,,,,,,,,,,,
,,,,,,,,,,,,,,,,,,
,,,,,,,,,,,,,,,,,,
,,,,,,,,,,,,,,,,,,
,,,,,,,,,,,,,,,,,,
,,,,,,,,,,,,,,,,,,
,,,,,,,,,,,,,,,,,,
,,,,,,,,,,,,,,,,,,
,,,,,,,,,,,,,,,,,,
,,,,,,,,,,,,,,,,,,
,,,,,,,,,,,,,,,,,,
,,,,,,,,,,,,,,,,,,
,,,,,,,,,,,,,,,,,,
,,,,,,,,,,,,,,,,,,
,,,,,,,,,,,,,,,,,,
,,,,,,,,,,,,,,,,,,
,,,,,,,,,,,,,,,,,,
,,,,,,,,,,,,,,,,,,
,,,,,,,,,,,,,,,,,,
,,,,,,,,,,,,,,,,,,
,,,,,,,,,,,,,,,,,,
,,,,,,,,,,,,,,,,,,
,,,,,,,,,,,,,,,,,,
,,,,,,,,,,,,,,,,,,
,,,,,,,,,,,,,,,,,,
,,,,,,,,,,,,,,,,,,
,,,,,,,,,,,,,,,,,,
,,,,,,,,,,,,,,,,,,
,,,,,,,,,,,,,,,,,,
,,,,,,,,,,,,,,,,,,
,,,,,,,,,,,,,,,,,,
,,,,,,,,,,,,,,,,,,
,,,,,,,,,,,,,,,,,,
,,,,,,,,,,,,,,,,,,
,,,,,,,,,,,,,,,,,,
,,,,,,,,,,,,,,,,,,
,,,,,,,,,,,,,,,,,,
,,,,,,,,,,,,,,,,,,
,,,,,,,,,,,,,,,,,,
,,,,,,,,,,,,,,,,,,
,,,,,,,,,,,,,,,,,,
,,,,,,,,,,,,,,,,,,
,,,,,,,,,,,,,,,,,,
,,,,,,,,,,,,,,,,,,
,,,,,,,,,,,,,,,,,,
,,,,,,,,,,,,,,,,,,
,,,,,,,,,,,,,,,,,,
,,,,,,,,,,,,,,,,,,
,,,,,,,,,,,,,,,,,,
,,,,,,,,,,,,,,,,,,
,,,,,,,,,,,,,,,,,,
,,,,,,,,,,,,,,,,,,
,,,,,,,,,,,,,,,,,,
,,,,,,,,,,,,,,,,,,
,,,,,,,,,,,,,,,,,,
,,,,,,,,,,,,,,,,,,
,,,,,,,,,,,,,,,,,,
,,,,,,,,,,,,,,,,,,
,,,,,,,,,,,,,,,,,,
,,,,,,,,,,,,,,,,,,
,,,,,,,,,,,,,,,,,,
,,,,,,,,,,,,,,,,,,
,,,,,,,,,,,,,,,,,,
,,,,,,,,,,,,,,,,,,
,,,,,,,,,,,,,,,,,,
,,,,,,,,,,,,,,,,,,
,,,,,,,,,,,,,,,,,,
,,,,,,,,,,,,,,,,,,
,,,,,,,,,,,,,,,,,,
,,,,,,,,,,,,,,,,,,
,,,,,,,,,,,,,,,,,,
,,,,,,,,,,,,,,,,,,
,,,,,,,,,,,,,,,,,,
,,,,,,,,,,,,,,,,,,
,,,,,,,,,,,,,,,,,,
,,,,,,,,,,,,,,,,,,
,,,,,,,,,,,,,,,,,,
,,,,,,,,,,,,,,,,,,
,,,,,,,,,,,,,,,,,,
,,,,,,,,,,,,,,,,,,
,,,,,,,,,,,,,,,,,,
,,,,,,,,,,,,,,,,,,
,,,,,,,,,,,,,,,,,,
,,,,,,,,,,,,,,,,,,
,,,,,,,,,,,,,,,,,,
,,,,,,,,,,,,,,,,,,
,,,,,,,,,,,,,,,,,,
,,,,,,,,,,,,,,,,,,
,,,,,,,,,,,,,,,,,,
,,,,,,,,,,,,,,,,,,
,,,,,,,,,,,,,,,,,,
,,,,,,,,,,,,,,,,,,
,,,,,,,,,,,,,,,,,,
,,,,,,,,,,,,,,,,,,
,,,,,,,,,,,,,,,,,,
,,,,,,,,,,,,,,,,,,
,,,,,,,,,,,,,,,,,,
,,,,,,,,,,,,,,,,,,
,,,,,,,,,,,,,,,,,,
,,,,,,,,,,,,,,,,,,
,,,,,,,,,,,,,,,,,,
,,,,,,,,,,,,,,,,,,
,,,,,,,,,,,,,,,,,,
,,,,,,,,,,,,,,,,,,
,,,,,,,,,,,,,,,,,,
,,,,,,,,,,,,,,,,,,
,,,,,,,,,,,,,,,,,,
,,,,,,,,,,,,,,,,,,
,,,,,,,,,,,,,,,,,,
,,,,,,,,,,,,,,,,,,
,,,,,,,,,,,,,,,,,,
,,,,,,,,,,,,,,,,,,
,,,,,,,,,,,,,,,,,,
,,,,,,,,,,,,,,,,,,
,,,,,,,,,,,,,,,,,,
,,,,,,,,,,,,,,,,,,
,,,,,,,,,,,,,,,,,,
,,,,,,,,,,,,,,,,,,
,,,,,,,,,,,,,,,,,,
,,,,,,,,,,,,,,,,,,
,,,,,,,,,,,,,,,,,,
,,,,,,,,,,,,,,,,,,
,,,,,,,,,,,,,,,,,,
,,,,,,,,,,,,,,,,,,
,,,,,,,,,,,,,,,,,,
,,,,,,,,,,,,,,,,,,
,,,,,,,,,,,,,,,,,,
,,,,,,,,,,,,,,,,,,
,,,,,,,,,,,,,,,,,,
,,,,,,,,,,,,,,,,,,
,,,,,,,,,,,,,,,,,,
,,,,,,,,,,,,,,,,,,
,,,,,,,,,,,,,,,,,,
,,,,,,,,,,,,,,,,,,
,,,,,,,,,,,,,,,,,,
,,,,,,,,,,,,,,,,,,
,,,,,,,,,,,,,,,,,,
,,,,,,,,,,,,,,,,,,
,,,,,,,,,,,,,,,,,,
,,,,,,,,,,,,,,,,,,
,,,,,,,,,,,,,,,,,,
,,,,,,,,,,,,,,,,,,
,,,,,,,,,,,,,,,,,,
,,,,,,,,,,,,,,,,,,
,,,,,,,,,,,,,,,,,,
,,,,,,,,,,,,,,,,,,
,,,,,,,,,,,,,,,,,,
,,,,,,,,,,,,,,,,,,
,,,,,,,,,,,,,,,,,,
,,,,,,,,,,,,,,,,,,
,,,,,,,,,,,,,,,,,,
,,,,,,,,,,,,,,,,,,
,,,,,,,,,,,,,,,,,,
,,,,,,,,,,,,,,,,,,
,,,,,,,,,,,,,,,,,,
,,,,,,,,,,,,,,,,,,
,,,,,,,,,,,,,,,,,,
,,,,,,,,,,,,,,,,,,
,,,,,,,,,,,,,,,,,,
,,,,,,,,,,,,,,,,,,
,,,,,,,,,,,,,,,,,,
,,,,,,,,,,,,,,,,,,
,,,,,,,,,,,,,,,,,,
,,,,,,,,,,,,,,,,,,
,,,,,,,,,,,,,,,,,,
,,,,,,,,,,,,,,,,,,
,,,,,,,,,,,,,,,,,,
,,,,,,,,,,,,,,,,,,
,,,,,,,,,,,,,,,,,,
,,,,,,,,,,,,,,,,,,
,,,,,,,,,,,,,,,,,,
,,,,,,,,,,,,,,,,,,
,,,,,,,,,,,,,,,,,,
,,,,,,,,,,,,,,,,,,
,,,,,,,,,,,,,,,,,,
,,,,,,,,,,,,,,,,,,
,,,,,,,,,,,,,,,,,,
,,,,,,,,,,,,,,,,,,
,,,,,,,,,,,,,,,,,,
,,,,,,,,,,,,,,,,,,
,,,,,,,,,,,,,,,,,,
,,,,,,,,,,,,,,,,,,
,,,,,,,,,,,,,,,,,,
,,,,,,,,,,,,,,,,,,
,,,,,,,,,,,,,,,,,,
,,,,,,,,,,,,,,,,,,
,,,,,,,,,,,,,,,,,,
,,,,,,,,,,,,,,,,,,
,,,,,,,,,,,,,,,,,,
,,,,,,,,,,,,,,,,,,
,,,,,,,,,,,,,,,,,,
,,,,,,,,,,,,,,,,,,
,,,,,,,,,,,,,,,,,,
,,,,,,,,,,,,,,,,,,
,,,,,,,,,,,,,,,,,,
,,,,,,,,,,,,,,,,,,
,,,,,,,,,,,,,,,,,,
,,,,,,,,,,,,,,,,,,
,,,,,,,,,,,,,,,,,,
,,,,,,,,,,,,,,,,,,
,,,,,,,,,,,,,,,,,,
,,,,,,,,,,,,,,,,,,
,,,,,,,,,,,,,,,,,,
,,,,,,,,,,,,,,,,,,
,,,,,,,,,,,,,,,,,,
,,,,,,,,,,,,,,,,,,
,,,,,,,,,,,,,,,,,,
,,,,,,,,,,,,,,,,,,
,,,,,,,,,,,,,,,,,,
,,,,,,,,,,,,,,,,,,
,,,,,,,,,,,,,,,,,,
,,,,,,,,,,,,,,,,,,
,,,,,,,,,,,,,,,,,,
,,,,,,,,,,,,,,,,,,
,,,,,,,,,,,,,,,,,,
,,,,,,,,,,,,,,,,,,
,,,,,,,,,,,,,,,,,,
,,,,,,,,,,,,,,,,,,
,,,,,,,,,,,,,,,,,,
,,,,,,,,,,,,,,,,,,
,,,,,,,,,,,,,,,,,,
,,,,,,,,,,,,,,,,,,
,,,,,,,,,,,,,,,,,,
,,,,,,,,,,,,,,,,,,
,,,,,,,,,,,,,,,,,,
,,,,,,,,,,,,,,,,,,
,,,,,,,,,,,,,,,,,,
,,,,,,,,,,,,,,,,,,
,,,,,,,,,,,,,,,,,,
,,,,,,,,,,,,,,,,,,
,,,,,,,,,,,,,,,,,,
,,,,,,,,,,,,,,,,,,
,,,,,,,,,,,,,,,,,,
,,,,,,,,,,,,,,,,,,
,,,,,,,,,,,,,,,,,,
,,,,,,,,,,,,,,,,,,
,,,,,,,,,,,,,,,,,,
,,,,,,,,,,,,,,,,,,
,,,,,,,,,,,,,,,,,,
,,,,,,,,,,,,,,,,,,
,,,,,,,,,,,,,,,,,,
,,,,,,,,,,,,,,,,,,
,,,,,,,,,,,,,,,,,,
,,,,,,,,,,,,,,,,,,
,,,,,,,,,,,,,,,,,,
,,,,,,,,,,,,,,,,,,
,,,,,,,,,,,,,,,,,,
,,,,,,,,,,,,,,,,,,
,,,,,,,,,,,,,,,,,,
,,,,,,,,,,,,,,,,,,
,,,,,,,,,,,,,,,,,,
,,,,,,,,,,,,,,,,,,
,,,,,,,,,,,,,,,,,,
,,,,,,,,,,,,,,,,,,
,,,,,,,,,,,,,,,,,,
,,,,,,,,,,,,,,,,,,
,,,,,,,,,,,,,,,,,,
,,,,,,,,,,,,,,,,,,
,,,,,,,,,,,,,,,,,,
,,,,,,,,,,,,,,,,,,
,,,,,,,,,,,,,,,,,,
,,,,,,,,,,,,,,,,,,
,,,,,,,,,,,,,,,,,,
,,,,,,,,,,,,,,,,,,
,,,,,,,,,,,,,,,,,,
,,,,,,,,,,,,,,,,,,
,,,,,,,,,,,,,,,,,,
,,,,,,,,,,,,,,,,,,
,,,,,,,,,,,,,,,,,,
,,,,,,,,,,,,,,,,,,
,,,,,,,,,,,,,,,,,,
,,,,,,,,,,,,,,,,,,
,,,,,,,,,,,,,,,,,,
,,,,,,,,,,,,,,,,,,
,,,,,,,,,,,,,,,,,,
,,,,,,,,,,,,,,,,,,
,,,,,,,,,,,,,,,,,,
,,,,,,,,,,,,,,,,,,
,,,,,,,,,,,,,,,,,,
,,,,,,,,,,,,,,,,,,
,,,,,,,,,,,,,,,,,,
,,,,,,,,,,,,,,,,,,
,,,,,,,,,,,,,,,,,,
,,,,,,,,,,,,,,,,,,
,,,,,,,,,,,,,,,,,,
,,,,,,,,,,,,,,,,,,
,,,,,,,,,,,,,,,,,,
,,,,,,,,,,,,,,,,,,
,,,,,,,,,,,,,,,,,,
,,,,,,,,,,,,,,,,,,
,,,,,,,,,,,,,,,,,,
,,,,,,,,,,,,,,,,,,
,,,,,,,,,,,,,,,,,,
,,,,,,,,,,,,,,,,,,
,,,,,,,,,,,,,,,,,,
,,,,,,,,,,,,,,,,,,
,,,,,,,,,,,,,,,,,,
,,,,,,,,,,,,,,,,,,
,,,,,,,,,,,,,,,,,,
,,,,,,,,,,,,,,,,,,
,,,,,,,,,,,,,,,,,,
,,,,,,,,,,,,,,,,,,
,,,,,,,,,,,,,,,,,,
,,,,,,,,,,,,,,,,,,
,,,,,,,,,,,,,,,,,,
,,,,,,,,,,,,,,,,,,
,,,,,,,,,,,,,,,,,,
,,,,,,,,,,,,,,,,,,
,,,,,,,,,,,,,,,,,,
,,,,,,,,,,,,,,,,,,
,,,,,,,,,,,,,,,,,,
,,,,,,,,,,,,,,,,,,
,,,,,,,,,,,,,,,,,,
,,,,,,,,,,,,,,,,,,
,,,,,,,,,,,,,,,,,,
,,,,,,,,,,,,,,,,,,
,,,,,,,,,,,,,,,,,,
,,,,,,,,,,,,,,,,,,
,,,,,,,,,,,,,,,,,,
,,,,,,,,,,,,,,,,,,
,,,,,,,,,,,,,,,,,,
,,,,,,,,,,,,,,,,,,
,,,,,,,,,,,,,,,,,,
,,,,,,,,,,,,,,,,,,
,,,,,,,,,,,,,,,,,,
,,,,,,,,,,,,,,,,,,
,,,,,,,,,,,,,,,,,,
,,,,,,,,,,,,,,,,,,
,,,,,,,,,,,,,,,,,,
,,,,,,,,,,,,,,,,,,
,,,,,,,,,,,,,,,,,,
,,,,,,,,,,,,,,,,,,
,,,,,,,,,,,,,,,,,,
,,,,,,,,,,,,,,,,,,
,,,,,,,,,,,,,,,,,,
,,,,,,,,,,,,,,,,,,
,,,,,,,,,,,,,,,,,,
,,,,,,,,,,,,,,,,,,
,,,,,,,,,,,,,,,,,,
,,,,,,,,,,,,,,,,,,
,,,,,,,,,,,,,,,,,,
,,,,,,,,,,,,,,,,,,
,,,,,,,,,,,,,,,,,,
,,,,,,,,,,,,,,,,,,
,,,,,,,,,,,,,,,,,,
,,,,,,,,,,,,,,,,,,
,,,,,,,,,,,,,,,,,,
,,,,,,,,,,,,,,,,,,
,,,,,,,,,,,,,,,,,,
,,,,,,,,,,,,,,,,,,
,,,,,,,,,,,,,,,,,,
,,,,,,,,,,,,,,,,,,
,,,,,,,,,,,,,,,,,,
,,,,,,,,,,,,,,,,,,
,,,,,,,,,,,,,,,,,,
,,,,,,,,,,,,,,,,,,
,,,,,,,,,,,,,,,,,,
,,,,,,,,,,,,,,,,,,
,,,,,,,,,,,,,,,,,,
,,,,,,,,,,,,,,,,,,
,,,,,,,,,,,,,,,,,,
,,,,,,,,,,,,,,,,,,
,,,,,,,,,,,,,,,,,,
,,,,,,,,,,,,,,,,,,
,,,,,,,,,,,,,,,,,,
,,,,,,,,,,,,,,,,,,
,,,,,,,,,,,,,,,,,,
,,,,,,,,,,,,,,,,,,
,,,,,,,,,,,,,,,,,,
,,,,,,,,,,,,,,,,,,
,,,,,,,,,,,,,,,,,,
,,,,,,,,,,,,,,,,,,
,,,,,,,,,,,,,,,,,,
,,,,,,,,,,,,,,,,,,
,,,,,,,,,,,,,,,,,,
,,,,,,,,,,,,,,,,,,
,,,,,,,,,,,,,,,,,,
,,,,,,,,,,,,,,,,,,
,,,,,,,,,,,,,,,,,,
,,,,,,,,,,,,,,,,,,
,,,,,,,,,,,,,,,,,,
,,,,,,,,,,,,,,,,,,
,,,,,,,,,,,,,,,,,,
,,,,,,,,,,,,,,,,,,
,,,,,,,,,,,,,,,,,,
,,,,,,,,,,,,,,,,,,
,,,,,,,,,,,,,,,,,,
,,,,,,,,,,,,,,,,,,
,,,,,,,,,,,,,,,,,,
,,,,,,,,,,,,,,,,,,
,,,,,,,,,,,,,,,,,,
,,,,,,,,,,,,,,,,,,
,,,,,,,,,,,,,,,,,,
,,,,,,,,,,,,,,,,,,
,,,,,,,,,,,,,,,,,,
,,,,,,,,,,,,,,,,,,
,,,,,,,,,,,,,,,,,,
,,,,,,,,,,,,,,,,,,
,,,,,,,,,,,,,,,,,,
,,,,,,,,,,,,,,,,,,
,,,,,,,,,,,,,,,,,,
,,,,,,,,,,,,,,,,,,
,,,,,,,,,,,,,,,,,,
,,,,,,,,,,,,,,,,,,
,,,,,,,,,,,,,,,,,,
,,,,,,,,,,,,,,,,,,
,,,,,,,,,,,,,,,,,,
,,,,,,,,,,,,,,,,,,
,,,,,,,,,,,,,,,,,,
,,,,,,,,,,,,,,,,,,
,,,,,,,,,,,,,,,,,,
,,,,,,,,,,,,,,,,,,
,,,,,,,,,,,,,,,,,,
,,,,,,,,,,,,,,,,,,
,,,,,,,,,,,,,,,,,,
,,,,,,,,,,,,,,,,,,
,,,,,,,,,,,,,,,,,,
,,,,,,,,,,,,,,,,,,
,,,,,,,,,,,,,,,,,,
,,,,,,,,,,,,,,,,,,
,,,,,,,,,,,,,,,,,,
,,,,,,,,,,,,,,,,,,
,,,,,,,,,,,,,,,,,,
,,,,,,,,,,,,,,,,,,
,,,,,,,,,,,,,,,,,,
,,,,,,,,,,,,,,,,,,
,,,,,,,,,,,,,,,,,,
,,,,,,,,,,,,,,,,,,
,,,,,,,,,,,,,,,,,,
,,,,,,,,,,,,,,,,,,
,,,,,,,,,,,,,,,,,,
,,,,,,,,,,,,,,,,,,
,,,,,,,,,,,,,,,,,,
,,,,,,,,,,,,,,,,,,
,,,,,,,,,,,,,,,,,,
,,,,,,,,,,,,,,,,,,
,,,,,,,,,,,,,,,,,,
,,,,,,,,,,,,,,,,,,
,,,,,,,,,,,,,,,,,,
,,,,,,,,,,,,,,,,,,
,,,,,,,,,,,,,,,,,,
,,,,,,,,,,,,,,,,,,
,,,,,,,,,,,,,,,,,,
,,,,,,,,,,,,,,,,,,
,,,,,,,,,,,,,,,,,,
,,,,,,,,,,,,,,,,,,
,,,,,,,,,,,,,,,,,,
,,,,,,,,,,,,,,,,,,
,,,,,,,,,,,,,,,,,,
,,,,,,,,,,,,,,,,,,
,,,,,,,,,,,,,,,,,,
,,,,,,,,,,,,,,,,,,
,,,,,,,,,,,,,,,,,,
,,,,,,,,,,,,,,,,,,
,,,,,,,,,,,,,,,,,,
,,,,,,,,,,,,,,,,,,
,,,,,,,,,,,,,,,,,,
,,,,,,,,,,,,,,,,,,
,,,,,,,,,,,,,,,,,,
,,,,,,,,,,,,,,,,,,
,,,,,,,,,,,,,,,,,,
,,,,,,,,,,,,,,,,,,
,,,,,,,,,,,,,,,,,,
,,,,,,,,,,,,,,,,,,
,,,,,,,,,,,,,,,,,,
,,,,,,,,,,,,,,,,,,
,,,,,,,,,,,,,,,,,,
,,,,,,,,,,,,,,,,,,
,,,,,,,,,,,,,,,,,,
,,,,,,,,,,,,,,,,,,
,,,,,,,,,,,,,,,,,,
,,,,,,,,,,,,,,,,,,
,,,,,,,,,,,,,,,,,,
,,,,,,,,,,,,,,,,,,
,,,,,,,,,,,,,,,,,,
,,,,,,,,,,,,,,,,,,
,,,,,,,,,,,,,,,,,,
,,,,,,,,,,,,,,,,,,
,,,,,,,,,,,,,,,,,,
,,,,,,,,,,,,,,,,,,
,,,,,,,,,,,,,,,,,,
,,,,,,,,,,,,,,,,,,
,,,,,,,,,,,,,,,,,,
,,,,,,,,,,,,,,,,,,
,,,,,,,,,,,,,,,,,,
,,,,,,,,,,,,,,,,,,
,,,,,,,,,,,,,,,,,,
,,,,,,,,,,,,,,,,,,
,,,,,,,,,,,,,,,,,,
,,,,,,,,,,,,,,,,,,
,,,,,,,,,,,,,,,,,,
,,,,,,,,,,,,,,,,,,
,,,,,,,,,,,,,,,,,,
,,,,,,,,,,,,,,,,,,
,,,,,,,,,,,,,,,,,,
,,,,,,,,,,,,,,,,,,
,,,,,,,,,,,,,,,,,,
,,,,,,,,,,,,,,,,,,
,,,,,,,,,,,,,,,,,,
,,,,,,,,,,,,,,,,,,
,,,,,,,,,,,,,,,,,,
,,,,,,,,,,,,,,,,,,
,,,,,,,,,,,,,,,,,,
,,,,,,,,,,,,,,,,,,
,,,,,,,,,,,,,,,,,,
,,,,,,,,,,,,,,,,,,
,,,,,,,,,,,,,,,,,,
,,,,,,,,,,,,,,,,,,
,,,,,,,,,,,,,,,,,,
,,,,,,,,,,,,,,,,,,
,,,,,,,,,,,,,,,,,,
,,,,,,,,,,,,,,,,,,
,,,,,,,,,,,,,,,,,,
,,,,,,,,,,,,,,,,,,
,,,,,,,,,,,,,,,,,,
,,,,,,,,,,,,,,,,,,
,,,,,,,,,,,,,,,,,,
,,,,,,,,,,,,,,,,,,
,,,,,,,,,,,,,,,,,,
,,,,,,,,,,,,,,,,,,
,,,,,,,,,,,,,,,,,,
,,,,,,,,,,,,,,,,,,
,,,,,,,,,,,,,,,,,,
,,,,,,,,,,,,,,,,,,
,,,,,,,,,,,,,,,,,,
,,,,,,,,,,,,,,,,,,
,,,,,,,,,,,,,,,,,,
,,,,,,,,,,,,,,,,,,
,,,,,,,,,,,,,,,,,,
,,,,,,,,,,,,,,,,,,
,,,,,,,,,,,,,,,,,,
,,,,,,,,,,,,,,,,,,
,,,,,,,,,,,,,,,,,,
,,,,,,,,,,,,,,,,,,
,,,,,,,,,,,,,,,,,,
,,,,,,,,,,,,,,,,,,
,,,,,,,,,,,,,,,,,,
,,,,,,,,,,,,,,,,,,
,,,,,,,,,,,,,,,,,,
,,,,,,,,,,,,,,,,,,
,,,,,,,,,,,,,,,,,,
,,,,,,,,,,,,,,,,,,
,,,,,,,,,,,,,,,,,,
,,,,,,,,,,,,,,,,,,
,,,,,,,,,,,,,,,,,,
,,,,,,,,,,,,,,,,,,
,,,,,,,,,,,,,,,,,,
,,,,,,,,,,,,,,,,,,
,,,,,,,,,,,,,,,,,,
,,,,,,,,,,,,,,,,,,
,,,,,,,,,,,,,,,,,,
,,,,,,,,,,,,,,,,,,
,,,,,,,,,,,,,,,,,,
,,,,,,,,,,,,,,,,,,
,,,,,,,,,,,,,,,,,,
,,,,,,,,,,,,,,,,,,
,,,,,,,,,,,,,,,,,,
,,,,,,,,,,,,,,,,,,
,,,,,,,,,,,,,,,,,,
,,,,,,,,,,,,,,,,,,
,,,,,,,,,,,,,,,,,,
,,,,,,,,,,,,,,,,,,
,,,,,,,,,,,,,,,,,,
,,,,,,,,,,,,,,,,,,
,,,,,,,,,,,,,,,,,,
,,,,,,,,,,,,,,,,,,
,,,,,,,,,,,,,,,,,,
,,,,,,,,,,,,,,,,,,
,,,,,,,,,,,,,,,,,,
,,,,,,,,,,,,,,,,,,
,,,,,,,,,,,,,,,,,,
,,,,,,,,,,,,,,,,,,
,,,,,,,,,,,,,,,,,,
,,,,,,,,,,,,,,,,,,
,,,,,,,,,,,,,,,,,,
,,,,,,,,,,,,,,,,,,
,,,,,,,,,,,,,,,,,,
,,,,,,,,,,,,,,,,,,
,,,,,,,,,,,,,,,,,,
,,,,,,,,,,,,,,,,,,
,,,,,,,,,,,,,,,,,,
,,,,,,,,,,,,,,,,,,
,,,,,,,,,,,,,,,,,,
,,,,,,,,,,,,,,,,,,
,,,,,,,,,,,,,,,,,,
,,,,,,,,,,,,,,,,,,
,,,,,,,,,,,,,,,,,,
,,,,,,,,,,,,,,,,,,
,,,,,,,,,,,,,,,,,,
,,,,,,,,,,,,,,,,,,
,,,,,,,,,,,,,,,,,,
,,,,,,,,,,,,,,,,,,
,,,,,,,,,,,,,,,,,,
,,,,,,,,,,,,,,,,,,
,,,,,,,,,,,,,,,,,,
,,,,,,,,,,,,,,,,,,
,,,,,,,,,,,,,,,,,,
,,,,,,,,,,,,,,,,,,
,,,,,,,,,,,,,,,,,,
,,,,,,,,,,,,,,,,,,
,,,,,,,,,,,,,,,,,,
,,,,,,,,,,,,,,,,,,
,,,,,,,,,,,,,,,,,,
,,,,,,,,,,,,,,,,,,
,,,,,,,,,,,,,,,,,,
,,,,,,,,,,,,,,,,,,
,,,,,,,,,,,,,,,,,,
,,,,,,,,,,,,,,,,,,
,,,,,,,,,,,,,,,,,,
,,,,,,,,,,,,,,,,,,
,,,,,,,,,,,,,,,,,,
,,,,,,,,,,,,,,,,,,
,,,,,,,,,,,,,,,,,,
,,,,,,,,,,,,,,,,,,
,,,,,,,,,,,,,,,,,,
,,,,,,,,,,,,,,,,,,
,,,,,,,,,,,,,,,,,,
,,,,,,,,,,,,,,,,,,
,,,,,,,,,,,,,,,,,,
,,,,,,,,,,,,,,,,,,
,,,,,,,,,,,,,,,,,,
,,,,,,,,,,,,,,,,,,
,,,,,,,,,,,,,,,,,,
,,,,,,,,,,,,,,,,,,
,,,,,,,,,,,,,,,,,,
,,,,,,,,,,,,,,,,,,
,,,,,,,,,,,,,,,,,,
,,,,,,,,,,,,,,,,,,
,,,,,,,,,,,,,,,,,,
,,,,,,,,,,,,,,,,,,
,,,,,,,,,,,,,,,,,,
,,,,,,,,,,,,,,,,,,
,,,,,,,,,,,,,,,,,,
,,,,,,,,,,,,,,,,,,
,,,,,,,,,,,,,,,,,,
,,,,,,,,,,,,,,,,,,
,,,,,,,,,,,,,,,,,,
,,,,,,,,,,,,,,,,,,
,,,,,,,,,,,,,,,,,,
,,,,,,,,,,,,,,,,,,
,,,,,,,,,,,,,,,,,,
,,,,,,,,,,,,,,,,,,
,,,,,,,,,,,,,,,,,,
,,,,,,,,,,,,,,,,,,
,,,,,,,,,,,,,,,,,,
,,,,,,,,,,,,,,,,,,
,,,,,,,,,,,,,,,,,,
,,,,,,,,,,,,,,,,,,
,,,,,,,,,,,,,,,,,,
,,,,,,,,,,,,,,,,,,
,,,,,,,,,,,,,,,,,,
,,,,,,,,,,,,,,,,,,
,,,,,,,,,,,,,,,,,,
,,,,,,,,,,,,,,,,,,
,,,,,,,,,,,,,,,,,,
,,,,,,,,,,,,,,,,,,
,,,,,,,,,,,,,,,,,,
,,,,,,,,,,,,,,,,,,
,,,,,,,,,,,,,,,,,,
,,,,,,,,,,,,,,,,,,
,,,,,,,,,,,,,,,,,,
,,,,,,,,,,,,,,,,,,
,,,,,,,,,,,,,,,,,,
,,,,,,,,,,,,,,,,,,
,,,,,,,,,,,,,,,,,,
,,,,,,,,,,,,,,,,,,
,,,,,,,,,,,,,,,,,,
,,,,,,,,,,,,,,,,,,
,,,,,,,,,,,,,,,,,,
,,,,,,,,,,,,,,,,,,
,,,,,,,,,,,,,,,,,,
,,,,,,,,,,,,,,,,,,
,,,,,,,,,,,,,,,,,,
,,,,,,,,,,,,,,,,,,
,,,,,,,,,,,,,,,,,,
,,,,,,,,,,,,,,,,,,
,,,,,,,,,,,,,,,,,,
,,,,,,,,,,,,,,,,,,
,,,,,,,,,,,,,,,,,,
,,,,,,,,,,,,,,,,,,
,,,,,,,,,,,,,,,,,,
,,,,,,,,,,,,,,,,,,
,,,,,,,,,,,,,,,,,,
,,,,,,,,,,,,,,,,,,
,,,,,,,,,,,,,,,,,,
,,,,,,,,,,,,,,,,,,
,,,,,,,,,,,,,,,,,,
,,,,,,,,,,,,,,,,,,
,,,,,,,,,,,,,,,,,,
,,,,,,,,,,,,,,,,,,
,,,,,,,,,,,,,,,,,,
,,,,,,,,,,,,,,,,,,
,,,,,,,,,,,,,,,,,,
,,,,,,,,,,,,,,,,,,
,,,,,,,,,,,,,,,,,,
,,,,,,,,,,,,,,,,,,
,,,,,,,,,,,,,,,,,,
,,,,,,,,,,,,,,,,,,
,,,,,,,,,,,,,,,,,,
,,,,,,,,,,,,,,,,,,
,,,,,,,,,,,,,,,,,,
,,,,,,,,,,,,,,,,,,
,,,,,,,,,,,,,,,,,,
,,,,,,,,,,,,,,,,,,
,,,,,,,,,,,,,,,,,,
,,,,,,,,,,,,,,,,,,
,,,,,,,,,,,,,,,,,,
,,,,,,,,,,,,,,,,,,
,,,,,,,,,,,,,,,,,,
,,,,,,,,,,,,,,,,,,
,,,,,,,,,,,,,,,,,,
,,,,,,,,,,,,,,,,,,
,,,,,,,,,,,,,,,,,,
,,,,,,,,,,,,,,,,,,
,,,,,,,,,,,,,,,,,,
,,,,,,,,,,,,,,,,,,
,,,,,,,,,,,,,,,,,,
,,,,,,,,,,,,,,,,,,
,,,,,,,,,,,,,,,,,,
,,,,,,,,,,,,,,,,,,
,,,,,,,,,,,,,,,,,,
,,,,,,,,,,,,,,,,,,
,,,,,,,,,,,,,,,,,,
,,,,,,,,,,,,,,,,,,
,,,,,,,,,,,,,,,,,,
,,,,,,,,,,,,,,,,,,
,,,,,,,,,,,,,,,,,,
,,,,,,,,,,,,,,,,,,
,,,,,,,,,,,,,,,,,,
,,,,,,,,,,,,,,,,,,
,,,,,,,,,,,,,,,,,,
,,,,,,,,,,,,,,,,,,
,,,,,,,,,,,,,,,,,,
,,,,,,,,,,,,,,,,,,
,,,,,,,,,,,,,,,,,,
,,,,,,,,,,,,,,,,,,
,,,,,,,,,,,,,,,,,,
,,,,,,,,,,,,,,,,,,
,,,,,,,,,,,,,,,,,,
,,,,,,,,,,,,,,,,,,
,,,,,,,,,,,,,,,,,,
,,,,,,,,,,,,,,,,,,
,,,,,,,,,,,,,,,,,,
,,,,,,,,,,,,,,,,,,
,,,,,,,,,,,,,,,,,,
,,,,,,,,,,,,,,,,,,
,,,,,,,,,,,,,,,,,,
,,,,,,,,,,,,,,,,,,
,,,,,,,,,,,,,,,,,,
,,,,,,,,,,,,,,,,,,
,,,,,,,,,,,,,,,,,,
,,,,,,,,,,,,,,,,,,
,,,,,,,,,,,,,,,,,,
,,,,,,,,,,,,,,,,,,
,,,,,,,,,,,,,,,,,,
,,,,,,,,,,,,,,,,,,
,,,,,,,,,,,,,,,,,,
,,,,,,,,,,,,,,,,,,
,,,,,,,,,,,,,,,,,,
,,,,,,,,,,,,,,,,,,
,,,,,,,,,,,,,,,,,,
,,,,,,,,,,,,,,,,,,
,,,,,,,,,,,,,,,,,,
,,,,,,,,,,,,,,,,,,
,,,,,,,,,,,,,,,,,,
,,,,,,,,,,,,,,,,,,
,,,,,,,,,,,,,,,,,,
,,,,,,,,,,,,,,,,,,
,,,,,,,,,,,,,,,,,,
,,,,,,,,,,,,,,,,,,
,,,,,,,,,,,,,,,,,,
,,,,,,,,,,,,,,,,,,
,,,,,,,,,,,,,,,,,,
,,,,,,,,,,,,,,,,,,
,,,,,,,,,,,,,,,,,,
,,,,,,,,,,,,,,,,,,
,,,,,,,,,,,,,,,,,,
,,,,,,,,,,,,,,,,,,
,,,,,,,,,,,,,,,,,,
,,,,,,,,,,,,,,,,,,
,,,,,,,,,,,,,,,,,,
,,,,,,,,,,,,,,,,,,
,,,,,,,,,,,,,,,,,,
,,,,,,,,,,,,,,,,,,
,,,,,,,,,,,,,,,,,,
,,,,,,,,,,,,,,,,,,
,,,,,,,,,,,,,,,,,,
,,,,,,,,,,,,,,,,,,
,,,,,,,,,,,,,,,,,,
,,,,,,,,,,,,,,,,,,
,,,,,,,,,,,,,,,,,,
,,,,,,,,,,,,,,,,,,
,,,,,,,,,,,,,,,,,,
,,,,,,,,,,,,,,,,,,
,,,,,,,,,,,,,,,,,,
,,,,,,,,,,,,,,,,,,
,,,,,,,,,,,,,,,,,,
,,,,,,,,,,,,,,,,,,
,,,,,,,,,,,,,,,,,,
,,,,,,,,,,,,,,,,,,
,,,,,,,,,,,,,,,,,,
,,,,,,,,,,,,,,,,,,
,,,,,,,,,,,,,,,,,,
,,,,,,,,,,,,,,,,,,
,,,,,,,,,,,,,,,,,,
,,,,,,,,,,,,,,,,,,
,,,,,,,,,,,,,,,,,,
,,,,,,,,,,,,,,,,,,
,,,,,,,,,,,,,,,,,,
,,,,,,,,,,,,,,,,,,
,,,,,,,,,,,,,,,,,,
,,,,,,,,,,,,,,,,,,
,,,,,,,,,,,,,,,,,,
,,,,,,,,,,,,,,,,,,
,,,,,,,,,,,,,,,,,,
,,,,,,,,,,,,,,,,,,
,,,,,,,,,,,,,,,,,,
,,,,,,,,,,,,,,,,,,
,,,,,,,,,,,,,,,,,,
,,,,,,,,,,,,,,,,,,
,,,,,,,,,,,,,,,,,,
,,,,,,,,,,,,,,,,,,
,,,,,,,,,,,,,,,,,,
,,,,,,,,,,,,,,,,,,
,,,,,,,,,,,,,,,,,,
,,,,,,,,,,,,,,,,,,
,,,,,,,,,,,,,,,,,,
,,,,,,,,,,,,,,,,,,
,,,,,,,,,,,,,,,,,,
,,,,,,,,,,,,,,,,,,
,,,,,,,,,,,,,,,,,,
,,,,,,,,,,,,,,,,,,
,,,,,,,,,,,,,,,,,,
,,,,,,,,,,,,,,,,,,
,,,,,,,,,,,,,,,,,,
,,,,,,,,,,,,,,,,,,
,,,,,,,,,,,,,,,,,,
,,,,,,,,,,,,,,,,,,
,,,,,,,,,,,,,,,,,,
,,,,,,,,,,,,,,,,,,
,,,,,,,,,,,,,,,,,,
,,,,,,,,,,,,,,,,,,
,,,,,,,,,,,,,,,,,,
,,,,,,,,,,,,,,,,,,
,,,,,,,,,,,,,,,,,,
,,,,,,,,,,,,,,,,,,
,,,,,,,,,,,,,,,,,,
,,,,,,,,,,,,,,,,,,
,,,,,,,,,,,,,,,,,,
,,,,,,,,,,,,,,,,,,
,,,,,,,,,,,,,,,,,,
,,,,,,,,,,,,,,,,,,
,,,,,,,,,,,,,,,,,,
,,,,,,,,,,,,,,,,,,
,,,,,,,,,,,,,,,,,,
,,,,,,,,,,,,,,,,,,
,,,,,,,,,,,,,,,,,,
,,,,,,,,,,,,,,,,,,
,,,,,,,,,,,,,,,,,,
,,,,,,,,,,,,,,,,,,
,,,,,,,,,,,,,,,,,,
,,,,,,,,,,,,,,,,,,
,,,,,,,,,,,,,,,,,,
,,,,,,,,,,,,,,,,,,
,,,,,,,,,,,,,,,,,,
,,,,,,,,,,,,,,,,,,
,,,,,,,,,,,,,,,,,,
,,,,,,,,,,,,,,,,,,
,,,,,,,,,,,,,,,,,,
,,,,,,,,,,,,,,,,,,
,,,,,,,,,,,,,,,,,,
,,,,,,,,,,,,,,,,,,
,,,,,,,,,,,,,,,,,,
,,,,,,,,,,,,,,,,,,
,,,,,,,,,,,,,,,,,,
,,,,,,,,,,,,,,,,,,
,,,,,,,,,,,,,,,,,,
,,,,,,,,,,,,,,,,,,
,,,,,,,,,,,,,,,,,,
,,,,,,,,,,,,,,,,,,
,,,,,,,,,,,,,,,,,,
,,,,,,,,,,,,,,,,,,
,,,,,,,,,,,,,,,,,,
,,,,,,,,,,,,,,,,,,
,,,,,,,,,,,,,,,,,,
,,,,,,,,,,,,,,,,,,
,,,,,,,,,,,,,,,,,,
,,,,,,,,,,,,,,,,,,
,,,,,,,,,,,,,,,,,,
,,,,,,,,,,,,,,,,,,
,,,,,,,,,,,,,,,,,,
,,,,,,,,,,,,,,,,,,
,,,,,,,,,,,,,,,,,,
,,,,,,,,,,,,,,,,,,
,,,,,,,,,,,,,,,,,,
,,,,,,,,,,,,,,,,,,
,,,,,,,,,,,,,,,,,,
,,,,,,,,,,,,,,,,,,
,,,,,,,,,,,,,,,,,,
,,,,,,,,,,,,,,,,,,
,,,,,,,,,,,,,,,,,,
,,,,,,,,,,,,,,,,,,
,,,,,,,,,,,,,,,,,,
,,,,,,,,,,,,,,,,,,
,,,,,,,,,,,,,,,,,,
,,,,,,,,,,,,,,,,,,
,,,,,,,,,,,,,,,,,,
,,,,,,,,,,,,,,,,,,
,,,,,,,,,,,,,,,,,,
,,,,,,,,,,,,,,,,,,
,,,,,,,,,,,,,,,,,,
,,,,,,,,,,,,,,,,,,
,,,,,,,,,,,,,,,,,,
,,,,,,,,,,,,,,,,,,
,,,,,,,,,,,,,,,,,,
,,,,,,,,,,,,,,,,,,
,,,,,,,,,,,,,,,,,,
,,,,,,,,,,,,,,,,,,
,,,,,,,,,,,,,,,,,,
,,,,,,,,,,,,,,,,,,
,,,,,,,,,,,,,,,,,,
,,,,,,,,,,,,,,,,,,
,,,,,,,,,,,,,,,,,,
,,,,,,,,,,,,,,,,,,
,,,,,,,,,,,,,,,,,,
,,,,,,,,,,,,,,,,,,
,,,,,,,,,,,,,,,,,,
,,,,,,,,,,,,,,,,,,
,,,,,,,,,,,,,,,,,,
,,,,,,,,,,,,,,,,,,
,,,,,,,,,,,,,,,,,,
,,,,,,,,,,,,,,,,,,
,,,,,,,,,,,,,,,,,,
,,,,,,,,,,,,,,,,,,
,,,,,,,,,,,,,,,,,,
,,,,,,,,,,,,,,,,,,
,,,,,,,,,,,,,,,,,,
,,,,,,,,,,,,,,,,,,
,,,,,,,,,,,,,,,,,,
,,,,,,,,,,,,,,,,,,
,,,,,,,,,,,,,,,,,,
,,,,,,,,,,,,,,,,,,
,,,,,,,,,,,,,,,,,,
,,,,,,,,,,,,,,,,,,
,,,,,,,,,,,,,,,,,,
,,,,,,,,,,,,,,,,,,
,,,,,,,,,,,,,,,,,,
,,,,,,,,,,,,,,,,,,
,,,,,,,,,,,,,,,,,,
,,,,,,,,,,,,,,,,,,
,,,,,,,,,,,,,,,,,,
,,,,,,,,,,,,,,,,,,
,,,,,,,,,,,,,,,,,,
,,,,,,,,,,,,,,,,,,
,,,,,,,,,,,,,,,,,,
,,,,,,,,,,,,,,,,,,
,,,,,,,,,,,,,,,,,,
,,,,,,,,,,,,,,,,,,
,,,,,,,,,,,,,,,,,,
,,,,,,,,,,,,,,,,,,
,,,,,,,,,,,,,,,,,,
,,,,,,,,,,,,,,,,,,
,,,,,,,,,,,,,,,,,,
,,,,,,,,,,,,,,,,,,
,,,,,,,,,,,,,,,,,,
,,,,,,,,,,,,,,,,,,
,,,,,,,,,,,,,,,,,,
,,,,,,,,,,,,,,,,,,
,,,,,,,,,,,,,,,,,,
,,,,,,,,,,,,,,,,,,
,,,,,,,,,,,,,,,,,,
,,,,,,,,,,,,,,,,,,
,,,,,,,,,,,,,,,,,,
,,,,,,,,,,,,,,,,,,
,,,,,,,,,,,,,,,,,,
,,,,,,,,,,,,,,,,,,
,,,,,,,,,,,,,,,,,,
,,,,,,,,,,,,,,,,,,
,,,,,,,,,,,,,,,,,,
,,,,,,,,,,,,,,,,,,
,,,,,,,,,,,,,,,,,,
,,,,,,,,,,,,,,,,,,
,,,,,,,,,,,,,,,,,,
,,,,,,,,,,,,,,,,,,
,,,,,,,,,,,,,,,,,,
,,,,,,,,,,,,,,,,,,
,,,,,,,,,,,,,,,,,,
,,,,,,,,,,,,,,,,,,
,,,,,,,,,,,,,,,,,,
,,,,,,,,,,,,,,,,,,
,,,,,,,,,,,,,,,,,,
,,,,,,,,,,,,,,,,,,
,,,,,,,,,,,,,,,,,,
,,,,,,,,,,,,,,,,,,
,,,,,,,,,,,,,,,,,,
,,,,,,,,,,,,,,,,,,
,,,,,,,,,,,,,,,,,,
,,,,,,,,,,,,,,,,,,
,,,,,,,,,,,,,,,,,,
,,,,,,,,,,,,,,,,,,
,,,,,,,,,,,,,,,,,,
,,,,,,,,,,,,,,,,,,
,,,,,,,,,,,,,,,,,,
,,,,,,,,,,,,,,,,,,
,,,,,,,,,,,,,,,,,,
,,,,,,,,,,,,,,,,,,
,,,,,,,,,,,,,,,,,,
,,,,,,,,,,,,,,,,,,
,,,,,,,,,,,,,,,,,,
,,,,,,,,,,,,,,,,,,
,,,,,,,,,,,,,,,,,,
,,,,,,,,,,,,,,,,,,
,,,,,,,,,,,,,,,,,,
,,,,,,,,,,,,,,,,,,
,,,,,,,,,,,,,,,,,,
,,,,,,,,,,,,,,,,,,
,,,,,,,,,,,,,,,,,,
,,,,,,,,,,,,,,,,,,
,,,,,,,,,,,,,,,,,,
,,,,,,,,,,,,,,,,,,
,,,,,,,,,,,,,,,,,,
,,,,,,,,,,,,,,,,,,
,,,,,,,,,,,,,,,,,,
,,,,,,,,,,,,,,,,,,
,,,,,,,,,,,,,,,,,,
,,,,,,,,,,,,,,,,,,
,,,,,,,,,,,,,,,,,,
,,,,,,,,,,,,,,,,,,
,,,,,,,,,,,,,,,,,,
,,,,,,,,,,,,,,,,,,
,,,,,,,,,,,,,,,,,,
,,,,,,,,,,,,,,,,,,
,,,,,,,,,,,,,,,,,,
,,,,,,,,,,,,,,,,,,
,,,,,,,,,,,,,,,,,,
,,,,,,,,,,,,,,,,,,
,,,,,,,,,,,,,,,,,,
,,,,,,,,,,,,,,,,,,
,,,,,,,,,,,,,,,,,,
,,,,,,,,,,,,,,,,,,
,,,,,,,,,,,,,,,,,,
,,,,,,,,,,,,,,,,,,
,,,,,,,,,,,,,,,,,,
,,,,,,,,,,,,,,,,,,
,,,,,,,,,,,,,,,,,,
,,,,,,,,,,,,,,,,,,
,,,,,,,,,,,,,,,,,,
,,,,,,,,,,,,,,,,,,
,,,,,,,,,,,,,,,,,,
,,,,,,,,,,,,,,,,,,
,,,,,,,,,,,,,,,,,,
,,,,,,,,,,,,,,,,,,
,,,,,,,,,,,,,,,,,,
,,,,,,,,,,,,,,,,,,
,,,,,,,,,,,,,,,,,,
,,,,,,,,,,,,,,,,,,
,,,,,,,,,,,,,,,,,,
,,,,,,,,,,,,,,,,,,
,,,,,,,,,,,,,,,,,,
,,,,,,,,,,,,,,,,,,
,,,,,,,,,,,,,,,,,,
,,,,,,,,,,,,,,,,,,
,,,,,,,,,,,,,,,,,,
,,,,,,,,,,,,,,,,,,
,,,,,,,,,,,,,,,,,,
,,,,,,,,,,,,,,,,,,
,,,,,,,,,,,,,,,,,,
,,,,,,,,,,,,,,,,,,
,,,,,,,,,,,,,,,,,,
,,,,,,,,,,,,,,,,,,
,,,,,,,,,,,,,,,,,,
,,,,,,,,,,,,,,,,,,
,,,,,,,,,,,,,,,,,,
,,,,,,,,,,,,,,,,,,
,,,,,,,,,,,,,,,,,,
,,,,,,,,,,,,,,,,,,
,,,,,,,,,,,,,,,,,,
,,,,,,,,,,,,,,,,,,
,,,,,,,,,,,,,,,,,,
,,,,,,,,,,,,,,,,,,
,,,,,,,,,,,,,,,,,,
,,,,,,,,,,,,,,,,,,
,,,,,,,,,,,,,,,,,,
,,,,,,,,,,,,,,,,,,
,,,,,,,,,,,,,,,,,,
,,,,,,,,,,,,,,,,,,
,,,,,,,,,,,,,,,,,,
,,,,,,,,,,,,,,,,,,
,,,,,,,,,,,,,,,,,,
,,,,,,,,,,,,,,,,,,
,,,,,,,,,,,,,,,,,,
,,,,,,,,,,,,,,,,,,
,,,,,,,,,,,,,,,,,,
,,,,,,,,,,,,,,,,,,
,,,,,,,,,,,,,,,,,,
,,,,,,,,,,,,,,,,,,
,,,,,,,,,,,,,,,,,,
,,,,,,,,,,,,,,,,,,
,,,,,,,,,,,,,,,,,,
,,,,,,,,,,,,,,,,,,
,,,,,,,,,,,,,,,,,,
,,,,,,,,,,,,,,,,,,
,,,,,,,,,,,,,,,,,,
,,,,,,,,,,,,,,,,,,
,,,,,,,,,,,,,,,,,,
,,,,,,,,,,,,,,,,,,
,,,,,,,,,,,,,,,,,,
,,,,,,,,,,,,,,,,,,
,,,,,,,,,,,,,,,,,,
,,,,,,,,,,,,,,,,,,
,,,,,,,,,,,,,,,,,,
,,,,,,,,,,,,,,,,,,
,,,,,,,,,,,,,,,,,,
,,,,,,,,,,,,,,,,,,
,,,,,,,,,,,,,,,,,,
,,,,,,,,,,,,,,,,,,
,,,,,,,,,,,,,,,,,,
,,,,,,,,,,,,,,,,,,
,,,,,,,,,,,,,,,,,,
,,,,,,,,,,,,,,,,,,
,,,,,,,,,,,,,,,,,,
,,,,,,,,,,,,,,,,,,
,,,,,,,,,,,,,,,,,,
,,,,,,,,,,,,,,,,,,
,,,,,,,,,,,,,,,,,,
,,,,,,,,,,,,,,,,,,
,,,,,,,,,,,,,,,,,,
,,,,,,,,,,,,,,,,,,
,,,,,,,,,,,,,,,,,,
,,,,,,,,,,,,,,,,,,
,,,,,,,,,,,,,,,,,,
,,,,,,,,,,,,,,,,,,
,,,,,,,,,,,,,,,,,,
,,,,,,,,,,,,,,,,,,
,,,,,,,,,,,,,,,,,,
,,,,,,,,,,,,,,,,,,
,,,,,,,,,,,,,,,,,,
,,,,,,,,,,,,,,,,,,
,,,,,,,,,,,,,,,,,,
,,,,,,,,,,,,,,,,,,
,,,,,,,,,,,,,,,,,,
,,,,,,,,,,,,,,,,,,
,,,,,,,,,,,,,,,,,,
,,,,,,,,,,,,,,,,,,
,,,,,,,,,,,,,,,,,,
,,,,,,,,,,,,,,,,,,
,,,,,,,,,,,,,,,,,,
,,,,,,,,,,,,,,,,,,
,,,,,,,,,,,,,,,,,,
,,,,,,,,,,,,,,,,,,
,,,,,,,,,,,,,,,,,,
,,,,,,,,,,,,,,,,,,
,,,,,,,,,,,,,,,,,,
,,,,,,,,,,,,,,,,,,
,,,,,,,,,,,,,,,,,,
,,,,,,,,,,,,,,,,,,
,,,,,,,,,,,,,,,,,,
,,,,,,,,,,,,,,,,,,
,,,,,,,,,,,,,,,,,,
,,,,,,,,,,,,,,,,,,
,,,,,,,,,,,,,,,,,,
,,,,,,,,,,,,,,,,,,
,,,,,,,,,,,,,,,,,,
,,,,,,,,,,,,,,,,,,
,,,,,,,,,,,,,,,,,,
,,,,,,,,,,,,,,,,,,
,,,,,,,,,,,,,,,,,,
,,,,,,,,,,,,,,,,,,
,,,,,,,,,,,,,,,,,,
,,,,,,,,,,,,,,,,,,
,,,,,,,,,,,,,,,,,,
,,,,,,,,,,,,,,,,,,
,,,,,,,,,,,,,,,,,,
,,,,,,,,,,,,,,,,,,
,,,,,,,,,,,,,,,,,,
,,,,,,,,,,,,,,,,,,
,,,,,,,,,,,,,,,,,,
,,,,,,,,,,,,,,,,,,
,,,,,,,,,,,,,,,,,,
,,,,,,,,,,,,,,,,,,
,,,,,,,,,,,,,,,,,,
,,,,,,,,,,,,,,,,,,
,,,,,,,,,,,,,,,,,,
,,,,,,,,,,,,,,,,,,
,,,,,,,,,,,,,,,,,,
,,,,,,,,,,,,,,,,,,
,,,,,,,,,,,,,,,,,,
,,,,,,,,,,,,,,,,,,
,,,,,,,,,,,,,,,,,,
,,,,,,,,,,,,,,,,,,
,,,,,,,,,,,,,,,,,,
,,,,,,,,,,,,,,,,,,
,,,,,,,,,,,,,,,,,,
,,,,,,,,,,,,,,,,,,
,,,,,,,,,,,,,,,,,,
,,,,,,,,,,,,,,,,,,
,,,,,,,,,,,,,,,,,,
,,,,,,,,,,,,,,,,,,
,,,,,,,,,,,,,,,,,,
,,,,,,,,,,,,,,,,,,
,,,,,,,,,,,,,,,,,,
,,,,,,,,,,,,,,,,,,
,,,,,,,,,,,,,,,,,,
,,,,,,,,,,,,,,,,,,
,,,,,,,,,,,,,,,,,,
,,,,,,,,,,,,,,,,,,
,,,,,,,,,,,,,,,,,,
,,,,,,,,,,,,,,,,,,
,,,,,,,,,,,,,,,,,,
,,,,,,,,,,,,,,,,,,
,,,,,,,,,,,,,,,,,,
,,,,,,,,,,,,,,,,,,
,,,,,,,,,,,,,,,,,,
,,,,,,,,,,,,,,,,,,
,,,,,,,,,,,,,,,,,,
,,,,,,,,,,,,,,,,,,
,,,,,,,,,,,,,,,,,,
,,,,,,,,,,,,,,,,,,
,,,,,,,,,,,,,,,,,,
,,,,,,,,,,,,,,,,,,
,,,,,,,,,,,,,,,,,,
,,,,,,,,,,,,,,,,,,
,,,,,,,,,,,,,,,,,,
,,,,,,,,,,,,,,,,,,
,,,,,,,,,,,,,,,,,,
,,,,,,,,,,,,,,,,,,
,,,,,,,,,,,,,,,,,,
,,,,,,,,,,,,,,,,,,
,,,,,,,,,,,,,,,,,,
,,,,,,,,,,,,,,,,,,
,,,,,,,,,,,,,,,,,,
,,,,,,,,,,,,,,,,,,
,,,,,,,,,,,,,,,,,,
,,,,,,,,,,,,,,,,,,
,,,,,,,,,,,,,,,,,,
,,,,,,,,,,,,,,,,,,
,,,,,,,,,,,,,,,,,,
,,,,,,,,,,,,,,,,,,
,,,,,,,,,,,,,,,,,,
,,,,,,,,,,,,,,,,,,
,,,,,,,,,,,,,,,,,,
,,,,,,,,,,,,,,,,,,
,,,,,,,,,,,,,,,,,,
,,,,,,,,,,,,,,,,,,
,,,,,,,,,,,,,,,,,,
,,,,,,,,,,,,,,,,,,
,,,,,,,,,,,,,,,,,,
,,,,,,,,,,,,,,,,,,
,,,,,,,,,,,,,,,,,,
,,,,,,,,,,,,,,,,,,
,,,,,,,,,,,,,,,,,,
,,,,,,,,,,,,,,,,,,
,,,,,,,,,,,,,,,,,,
,,,,,,,,,,,,,,,,,,
,,,,,,,,,,,,,,,,,,
,,,,,,,,,,,,,,,,,,
,,,,,,,,,,,,,,,,,,
,,,,,,,,,,,,,,,,,,
,,,,,,,,,,,,,,,,,,
,,,,,,,,,,,,,,,,,,
,,,,,,,,,,,,,,,,,,
,,,,,,,,,,,,,,,,,,
,,,,,,,,,,,,,,,,,,
,,,,,,,,,,,,,,,,,,
,,,,,,,,,,,,,,,,,,
,,,,,,,,,,,,,,,,,,
,,,,,,,,,,,,,,,,,,
,,,,,,,,,,,,,,,,,,
,,,,,,,,,,,,,,,,,,
,,,,,,,,,,,,,,,,,,
,,,,,,,,,,,,,,,,,,
,,,,,,,,,,,,,,,,,,
,,,,,,,,,,,,,,,,,,
,,,,,,,,,,,,,,,,,,
,,,,,,,,,,,,,,,,,,
,,,,,,,,,,,,,,,,,,
,,,,,,,,,,,,,,,,,,
,,,,,,,,,,,,,,,,,,
,,,,,,,,,,,,,,,,,,
,,,,,,,,,,,,,,,,,,
,,,,,,,,,,,,,,,,,,
,,,,,,,,,,,,,,,,,,
,,,,,,,,,,,,,,,,,,
,,,,,,,,,,,,,,,,,,
,,,,,,,,,,,,,,,,,,
,,,,,,,,,,,,,,,,,,
,,,,,,,,,,,,,,,,,,
,,,,,,,,,,,,,,,,,,
,,,,,,,,,,,,,,,,,,
,,,,,,,,,,,,,,,,,,
,,,,,,,,,,,,,,,,,,
,,,,,,,,,,,,,,,,,,
,,,,,,,,,,,,,,,,,,
,,,,,,,,,,,,,,,,,,
,,,,,,,,,,,,,,,,,,
,,,,,,,,,,,,,,,,,,
,,,,,,,,,,,,,,,,,,
,,,,,,,,,,,,,,,,,,
,,,,,,,,,,,,,,,,,,
,,,,,,,,,,,,,,,,,,
,,,,,,,,,,,,,,,,,,
,,,,,,,,,,,,,,,,,,
,,,,,,,,,,,,,,,,,,
,,,,,,,,,,,,,,,,,,
,,,,,,,,,,,,,,,,,,
,,,,,,,,,,,,,,,,,,
,,,,,,,,,,,,,,,,,,
,,,,,,,,,,,,,,,,,,
,,,,,,,,,,,,,,,,,,
,,,,,,,,,,,,,,,,,,
,,,,,,,,,,,,,,,,,,
,,,,,,,,,,,,,,,,,,
,,,,,,,,,,,,,,,,,,
,,,,,,,,,,,,,,,,,,
,,,,,,,,,,,,,,,,,,
,,,,,,,,,,,,,,,,,,
,,,,,,,,,,,,,,,,,,
,,,,,,,,,,,,,,,,,,
,,,,,,,,,,,,,,,,,,
,,,,,,,,,,,,,,,,,,
,,,,,,,,,,,,,,,,,,
,,,,,,,,,,,,,,,,,,
,,,,,,,,,,,,,,,,,,
,,,,,,,,,,,,,,,,,,
,,,,,,,,,,,,,,,,,,
,,,,,,,,,,,,,,,,,,
,,,,,,,,,,,,,,,,,,
,,,,,,,,,,,,,,,,,,
,,,,,,,,,,,,,,,,,,
,,,,,,,,,,,,,,,,,,
,,,,,,,,,,,,,,,,,,
,,,,,,,,,,,,,,,,,,
,,,,,,,,,,,,,,,,,,
,,,,,,,,,,,,,,,,,,
,,,,,,,,,,,,,,,,,,
,,,,,,,,,,,,,,,,,,
,,,,,,,,,,,,,,,,,,
,,,,,,,,,,,,,,,,,,
,,,,,,,,,,,,,,,,,,
,,,,,,,,,,,,,,,,,,
,,,,,,,,,,,,,,,,,,
,,,,,,,,,,,,,,,,,,
,,,,,,,,,,,,,,,,,,
,,,,,,,,,,,,,,,,,,
,,,,,,,,,,,,,,,,,,
,,,,,,,,,,,,,,,,,,
,,,,,,,,,,,,,,,,,,
,,,,,,,,,,,,,,,,,,
,,,,,,,,,,,,,,,,,,
,,,,,,,,,,,,,,,,,,
,,,,,,,,,,,,,,,,,,
,,,,,,,,,,,,,,,,,,
,,,,,,,,,,,,,,,,,,
,,,,,,,,,,,,,,,,,,
,,,,,,,,,,,,,,,,,,
,,,,,,,,,,,,,,,,,,
,,,,,,,,,,,,,,,,,,
,,,,,,,,,,,,,,,,,,
,,,,,,,,,,,,,,,,,,
,,,,,,,,,,,,,,,,,,
,,,,,,,,,,,,,,,,,,
,,,,,,,,,,,,,,,,,,
,,,,,,,,,,,,,,,,,,
,,,,,,,,,,,,,,,,,,
,,,,,,,,,,,,,,,,,,
,,,,,,,,,,,,,,,,,,
,,,,,,,,,,,,,,,,,,
,,,,,,,,,,,,,,,,,,
,,,,,,,,,,,,,,,,,,
,,,,,,,,,,,,,,,,,,
,,,,,,,,,,,,,,,,,,
,,,,,,,,,,,,,,,,,,
,,,,,,,,,,,,,,,,,,
,,,,,,,,,,,,,,,,,,
,,,,,,,,,,,,,,,,,,
,,,,,,,,,,,,,,,,,,
,,,,,,,,,,,,,,,,,,
,,,,,,,,,,,,,,,,,,
,,,,,,,,,,,,,,,,,,
,,,,,,,,,,,,,,,,,,
,,,,,,,,,,,,,,,,,,
,,,,,,,,,,,,,,,,,,
,,,,,,,,,,,,,,,,,,
,,,,,,,,,,,,,,,,,,
,,,,,,,,,,,,,,,,,,
,,,,,,,,,,,,,,,,,,
,,,,,,,,,,,,,,,,,,
,,,,,,,,,,,,,,,,,,
,,,,,,,,,,,,,,,,,,
,,,,,,,,,,,,,,,,,,
,,,,,,,,,,,,,,,,,,
,,,,,,,,,,,,,,,,,,
,,,,,,,,,,,,,,,,,,
,,,,,,,,,,,,,,,,,,
,,,,,,,,,,,,,,,,,,
,,,,,,,,,,,,,,,,,,
,,,,,,,,,,,,,,,,,,
,,,,,,,,,,,,,,,,,,
,,,,,,,,,,,,,,,,,,
,,,,,,,,,,,,,,,,,,
,,,,,,,,,,,,,,,,,,
,,,,,,,,,,,,,,,,,,
,,,,,,,,,,,,,,,,,,
,,,,,,,,,,,,,,,,,,
,,,,,,,,,,,,,,,,,,
,,,,,,,,,,,,,,,,,,
,,,,,,,,,,,,,,,,,,
,,,,,,,,,,,,,,,,,,
,,,,,,,,,,,,,,,,,,
,,,,,,,,,,,,,,,,,,
,,,,,,,,,,,,,,,,,,
,,,,,,,,,,,,,,,,,,
,,,,,,,,,,,,,,,,,,
,,,,,,,,,,,,,,,,,,
,,,,,,,,,,,,,,,,,,
,,,,,,,,,,,,,,,,,,
,,,,,,,,,,,,,,,,,,
,,,,,,,,,,,,,,,,,,
,,,,,,,,,,,,,,,,,,
,,,,,,,,,,,,,,,,,,
,,,,,,,,,,,,,,,,,,
,,,,,,,,,,,,,,,,,,
,,,,,,,,,,,,,,,,,,
,,,,,,,,,,,,,,,,,,
,,,,,,,,,,,,,,,,,,
,,,,,,,,,,,,,,,,,,
,,,,,,,,,,,,,,,,,,
,,,,,,,,,,,,,,,,,,
,,,,,,,,,,,,,,,,,,
,,,,,,,,,,,,,,,,,,
,,,,,,,,,,,,,,,,,,
,,,,,,,,,,,,,,,,,,
,,,,,,,,,,,,,,,,,,
,,,,,,,,,,,,,,,,,,
,,,,,,,,,,,,,,,,,,
,,,,,,,,,,,,,,,,,,
,,,,,,,,,,,,,,,,,,
,,,,,,,,,,,,,,,,,,
,,,,,,,,,,,,,,,,,,
,,,,,,,,,,,,,,,,,,
,,,,,,,,,,,,,,,,,,
,,,,,,,,,,,,,,,,,,
,,,,,,,,,,,,,,,,,,
,,,,,,,,,,,,,,,,,,
,,,,,,,,,,,,,,,,,,
,,,,,,,,,,,,,,,,,,
,,,,,,,,,,,,,,,,,,
,,,,,,,,,,,,,,,,,,
,,,,,,,,,,,,,,,,,,
,,,,,,,,,,,,,,,,,,
,,,,,,,,,,,,,,,,,,
,,,,,,,,,,,,,,,,,,
,,,,,,,,,,,,,,,,,,
,,,,,,,,,,,,,,,,,,
,,,,,,,,,,,,,,,,,,
,,,,,,,,,,,,,,,,,,
,,,,,,,,,,,,,,,,,,
,,,,,,,,,,,,,,,,,,
,,,,,,,,,,,,,,,,,,
,,,,,,,,,,,,,,,,,,
,,,,,,,,,,,,,,,,,,
,,,,,,,,,,,,,,,,,,
,,,,,,,,,,,,,,,,,,
,,,,,,,,,,,,,,,,,,
,,,,,,,,,,,,,,,,,,
,,,,,,,,,,,,,,,,,,
,,,,,,,,,,,,,,,,,,
,,,,,,,,,,,,,,,,,,
,,,,,,,,,,,,,,,,,,
,,,,,,,,,,,,,,,,,,
,,,,,,,,,,,,,,,,,,
,,,,,,,,,,,,,,,,,,
,,,,,,,,,,,,,,,,,,
,,,,,,,,,,,,,,,,,,
,,,,,,,,,,,,,,,,,,
,,,,,,,,,,,,,,,,,,
,,,,,,,,,,,,,,,,,,
,,,,,,,,,,,,,,,,,,
,,,,,,,,,,,,,,,,,,
,,,,,,,,,,,,,,,,,,
,,,,,,,,,,,,,,,,,,
,,,,,,,,,,,,,,,,,,
,,,,,,,,,,,,,,,,,,
,,,,,,,,,,,,,,,,,,
,,,,,,,,,,,,,,,,,,
,,,,,,,,,,,,,,,,,,
,,,,,,,,,,,,,,,,,,
,,,,,,,,,,,,,,,,,,
,,,,,,,,,,,,,,,,,,
,,,,,,,,,,,,,,,,,,
,,,,,,,,,,,,,,,,,,
,,,,,,,,,,,,,,,,,,
,,,,,,,,,,,,,,,,,,
,,,,,,,,,,,,,,,,,,
,,,,,,,,,,,,,,,,,,
,,,,,,,,,,,,,,,,,,
,,,,,,,,,,,,,,,,,,
,,,,,,,,,,,,,,,,,,
,,,,,,,,,,,,,,,,,,
,,,,,,,,,,,,,,,,,,
,,,,,,,,,,,,,,,,,,
,,,,,,,,,,,,,,,,,,
,,,,,,,,,,,,,,,,,,
,,,,,,,,,,,,,,,,,,
,,,,,,,,,,,,,,,,,,
,,,,,,,,,,,,,,,,,,
,,,,,,,,,,,,,,,,,,
,,,,,,,,,,,,,,,,,,
,,,,,,,,,,,,,,,,,,
,,,,,,,,,,,,,,,,,,
,,,,,,,,,,,,,,,,,,
,,,,,,,,,,,,,,,,,,
,,,,,,,,,,,,,,,,,,
,,,,,,,,,,,,,,,,,,
,,,,,,,,,,,,,,,,,,
,,,,,,,,,,,,,,,,,,
,,,,,,,,,,,,,,,,,,
,,,,,,,,,,,,,,,,,,
,,,,,,,,,,,,,,,,,,
,,,,,,,,,,,,,,,,,,
,,,,,,,,,,,,,,,,,,
,,,,,,,,,,,,,,,,,,
,,,,,,,,,,,,,,,,,,
,,,,,,,,,,,,,,,,,,
,,,,,,,,,,,,,,,,,,
,,,,,,,,,,,,,,,,,,
,,,,,,,,,,,,,,,,,,
,,,,,,,,,,,,,,,,,,
,,,,,,,,,,,,,,,,,,
,,,,,,,,,,,,,,,,,,
,,,,,,,,,,,,,,,,,,
,,,,,,,,,,,,,,,,,,
,,,,,,,,,,,,,,,,,,
,,,,,,,,,,,,,,,,,,
,,,,,,,,,,,,,,,,,,
,,,,,,,,,,,,,,,,,,
,,,,,,,,,,,,,,,,,,
,,,,,,,,,,,,,,,,,,
,,,,,,,,,,,,,,,,,,
,,,,,,,,,,,,,,,,,,
,,,,,,,,,,,,,,,,,,
,,,,,,,,,,,,,,,,,,
,,,,,,,,,,,,,,,,,,
,,,,,,,,,,,,,,,,,,
,,,,,,,,,,,,,,,,,,
,,,,,,,,,,,,,,,,,,
,,,,,,,,,,,,,,,,,,
,,,,,,,,,,,,,,,,,,
,,,,,,,,,,,,,,,,,,
,,,,,,,,,,,,,,,,,,
,,,,,,,,,,,,,,,,,,
,,,,,,,,,,,,,,,,,,
,,,,,,,,,,,,,,,,,,
,,,,,,,,,,,,,,,,,,
,,,,,,,,,,,,,,,,,,
,,,,,,,,,,,,,,,,,,
,,,,,,,,,,,,,,,,,,
,,,,,,,,,,,,,,,,,,
,,,,,,,,,,,,,,,,,,
,,,,,,,,,,,,,,,,,,
,,,,,,,,,,,,,,,,,,
,,,,,,,,,,,,,,,,,,
,,,,,,,,,,,,,,,,,,
,,,,,,,,,,,,,,,,,,
,,,,,,,,,,,,,,,,,,
,,,,,,,,,,,,,,,,,,
,,,,,,,,,,,,,,,,,,
,,,,,,,,,,,,,,,,,,
,,,,,,,,,,,,,,,,,,
,,,,,,,,,,,,,,,,,,
,,,,,,,,,,,,,,,,,,
,,,,,,,,,,,,,,,,,,
,,,,,,,,,,,,,,,,,,
,,,,,,,,,,,,,,,,,,
,,,,,,,,,,,,,,,,,,
,,,,,,,,,,,,,,,,,,
,,,,,,,,,,,,,,,,,,
,,,,,,,,,,,,,,,,,,
,,,,,,,,,,,,,,,,,,
,,,,,,,,,,,,,,,,,,
,,,,,,,,,,,,,,,,,,
,,,,,,,,,,,,,,,,,,
,,,,,,,,,,,,,,,,,,
,,,,,,,,,,,,,,,,,,
,,,,,,,,,,,,,,,,,,
,,,,,,,,,,,,,,,,,,
,,,,,,,,,,,,,,,,,,
,,,,,,,,,,,,,,,,,,
,,,,,,,,,,,,,,,,,,
,,,,,,,,,,,,,,,,,,
,,,,,,,,,,,,,,,,,,
,,,,,,,,,,,,,,,,,,
,,,,,,,,,,,,,,,,,,
,,,,,,,,,,,,,,,,,,
,,,,,,,,,,,,,,,,,,
,,,,,,,,,,,,,,,,,,
,,,,,,,,,,,,,,,,,,
,,,,,,,,,,,,,,,,,,
,,,,,,,,,,,,,,,,,,
,,,,,,,,,,,,,,,,,,
,,,,,,,,,,,,,,,,,,
,,,,,,,,,,,,,,,,,,
,,,,,,,,,,,,,,,,,,
,,,,,,,,,,,,,,,,,,
,,,,,,,,,,,,,,,,,,
,,,,,,,,,,,,,,,,,,
,,,,,,,,,,,,,,,,,,
,,,,,,,,,,,,,,,,,,
,,,,,,,,,,,,,,,,,,
,,,,,,,,,,,,,,,,,,
,,,,,,,,,,,,,,,,,,
,,,,,,,,,,,,,,,,,,
,,,,,,,,,,,,,,,,,,
,,,,,,,,,,,,,,,,,,
,,,,,,,,,,,,,,,,,,
,,,,,,,,,,,,,,,,,,
,,,,,,,,,,,,,,,,,,
,,,,,,,,,,,,,,,,,,
,,,,,,,,,,,,,,,,,,
,,,,,,,,,,,,,,,,,,
,,,,,,,,,,,,,,,,,,
,,,,,,,,,,,,,,,,,,
,,,,,,,,,,,,,,,,,,
,,,,,,,,,,,,,,,,,,
,,,,,,,,,,,,,,,,,,
,,,,,,,,,,,,,,,,,,
,,,,,,,,,,,,,,,,,,
,,,,,,,,,,,,,,,,,,
,,,,,,,,,,,,,,,,,,
,,,,,,,,,,,,,,,,,,
,,,,,,,,,,,,,,,,,,
,,,,,,,,,,,,,,,,,,
,,,,,,,,,,,,,,,,,,
,,,,,,,,,,,,,,,,,,
,,,,,,,,,,,,,,,,,,
,,,,,,,,,,,,,,,,,,
,,,,,,,,,,,,,,,,,,
,,,,,,,,,,,,,,,,,,
,,,,,,,,,,,,,,,,,,
,,,,,,,,,,,,,,,,,,
,,,,,,,,,,,,,,,,,,
,,,,,,,,,,,,,,,,,,
,,,,,,,,,,,,,,,,,,
,,,,,,,,,,,,,,,,,,
,,,,,,,,,,,,,,,,,,
,,,,,,,,,,,,,,,,,,
,,,,,,,,,,,,,,,,,,
,,,,,,,,,,,,,,,,,,
,,,,,,,,,,,,,,,,,,
,,,,,,,,,,,,,,,,,,
,,,,,,,,,,,,,,,,,,
,,,,,,,,,,,,,,,,,,
,,,,,,,,,,,,,,,,,,
,,,,,,,,,,,,,,,,,,
,,,,,,,,,,,,,,,,,,
,,,,,,,,,,,,,,,,,,
,,,,,,,,,,,,,,,,,,
,,,,,,,,,,,,,,,,,,
,,,,,,,,,,,,,,,,,,
,,,,,,,,,,,,,,,,,,
,,,,,,,,,,,,,,,,,,
,,,,,,,,,,,,,,,,,,
,,,,,,,,,,,,,,,,,,
,,,,,,,,,,,,,,,,,,
,,,,,,,,,,,,,,,,,,
,,,,,,,,,,,,,,,,,,
,,,,,,,,,,,,,,,,,,
,,,,,,,,,,,,,,,,,,
,,,,,,,,,,,,,,,,,,
,,,,,,,,,,,,,,,,,,
,,,,,,,,,,,,,,,,,,
,,,,,,,,,,,,,,,,,,
,,,,,,,,,,,,,,,,,,
,,,,,,,,,,,,,,,,,,
,,,,,,,,,,,,,,,,,,
,,,,,,,,,,,,,,,,,,
,,,,,,,,,,,,,,,,,,
,,,,,,,,,,,,,,,,,,
,,,,,,,,,,,,,,,,,,
,,,,,,,,,,,,,,,,,,
,,,,,,,,,,,,,,,,,,
,,,,,,,,,,,,,,,,,,
,,,,,,,,,,,,,,,,,,
,,,,,,,,,,,,,,,,,,
,,,,,,,,,,,,,,,,,,
,,,,,,,,,,,,,,,,,,
,,,,,,,,,,,,,,,,,,
,,,,,,,,,,,,,,,,,,
,,,,,,,,,,,,,,,,,,
,,,,,,,,,,,,,,,,,,
,,,,,,,,,,,,,,,,,,
,,,,,,,,,,,,,,,,,,
,,,,,,,,,,,,,,,,,,
,,,,,,,,,,,,,,,,,,
,,,,,,,,,,,,,,,,,,
,,,,,,,,,,,,,,,,,,
,,,,,,,,,,,,,,,,,,
,,,,,,,,,,,,,,,,,,
,,,,,,,,,,,,,,,,,,
,,,,,,,,,,,,,,,,,,
,,,,,,,,,,,,,,,,,,
,,,,,,,,,,,,,,,,,,
,,,,,,,,,,,,,,,,,,
,,,,,,,,,,,,,,,,,,
,,,,,,,,,,,,,,,,,,
,,,,,,,,,,,,,,,,,,
,,,,,,,,,,,,,,,,,,
,,,,,,,,,,,,,,,,,,
,,,,,,,,,,,,,,,,,,
,,,,,,,,,,,,,,,,,,
,,,,,,,,,,,,,,,,,,
,,,,,,,,,,,,,,,,,,
,,,,,,,,,,,,,,,,,,
,,,,,,,,,,,,,,,,,,
,,,,,,,,,,,,,,,,,,
,,,,,,,,,,,,,,,,,,
,,,,,,,,,,,,,,,,,,
,,,,,,,,,,,,,,,,,,
,,,,,,,,,,,,,,,,,,
,,,,,,,,,,,,,,,,,,
,,,,,,,,,,,,,,,,,,
,,,,,,,,,,,,,,,,,,
,,,,,,,,,,,,,,,,,,
,,,,,,,,,,,,,,,,,,
,,,,,,,,,,,,,,,,,,
,,,,,,,,,,,,,,,,,,
,,,,,,,,,,,,,,,,,,
,,,,,,,,,,,,,,,,,,
,,,,,,,,,,,,,,,,,,
,,,,,,,,,,,,,,,,,,
,,,,,,,,,,,,,,,,,,
,,,,,,,,,,,,,,,,,,
,,,,,,,,,,,,,,,,,,
,,,,,,,,,,,,,,,,,,
,,,,,,,,,,,,,,,,,,
,,,,,,,,,,,,,,,,,,
,,,,,,,,,,,,,,,,,,
,,,,,,,,,,,,,,,,,,
,,,,,,,,,,,,,,,,,,
,,,,,,,,,,,,,,,,,,
,,,,,,,,,,,,,,,,,,
,,,,,,,,,,,,,,,,,,
,,,,,,,,,,,,,,,,,,
,,,,,,,,,,,,,,,,,,
,,,,,,,,,,,,,,,,,,
,,,,,,,,,,,,,,,,,,
,,,,,,,,,,,,,,,,,,
,,,,,,,,,,,,,,,,,,
,,,,,,,,,,,,,,,,,,
,,,,,,,,,,,,,,,,,,
,,,,,,,,,,,,,,,,,,
,,,,,,,,,,,,,,,,,,
,,,,,,,,,,,,,,,,,,
,,,,,,,,,,,,,,,,,,
,,,,,,,,,,,,,,,,,,
,,,,,,,,,,,,,,,,,,
,,,,,,,,,,,,,,,,,,
,,,,,,,,,,,,,,,,,,
,,,,,,,,,,,,,,,,,,
,,,,,,,,,,,,,,,,,,
,,,,,,,,,,,,,,,,,,
,,,,,,,,,,,,,,,,,,
,,,,,,,,,,,,,,,,,,
,,,,,,,,,,,,,,,,,,
,,,,,,,,,,,,,,,,,,
,,,,,,,,,,,,,,,,,,
,,,,,,,,,,,,,,,,,,
,,,,,,,,,,,,,,,,,,
,,,,,,,,,,,,,,,,,,
,,,,,,,,,,,,,,,,,,
,,,,,,,,,,,,,,,,,,
,,,,,,,,,,,,,,,,,,
,,,,,,,,,,,,,,,,,,
,,,,,,,,,,,,,,,,,,
,,,,,,,,,,,,,,,,,,
,,,,,,,,,,,,,,,,,,
,,,,,,,,,,,,,,,,,,
,,,,,,,,,,,,,,,,,,
,,,,,,,,,,,,,,,,,,
,,,,,,,,,,,,,,,,,,
,,,,,,,,,,,,,,,,,,
,,,,,,,,,,,,,,,,,,
,,,,,,,,,,,,,,,,,,
,,,,,,,,,,,,,,,,,,
,,,,,,,,,,,,,,,,,,
,,,,,,,,,,,,,,,,,,
,,,,,,,,,,,,,,,,,,
,,,,,,,,,,,,,,,,,,
,,,,,,,,,,,,,,,,,,
,,,,,,,,,,,,,,,,,,
,,,,,,,,,,,,,,,,,,
,,,,,,,,,,,,,,,,,,
,,,,,,,,,,,,,,,,,,
,,,,,,,,,,,,,,,,,,
,,,,,,,,,,,,,,,,,,
,,,,,,,,,,,,,,,,,,
,,,,,,,,,,,,,,,,,,
,,,,,,,,,,,,,,,,,,
,,,,,,,,,,,,,,,,,,
,,,,,,,,,,,,,,,,,,
,,,,,,,,,,,,,,,,,,
,,,,,,,,,,,,,,,,,,
,,,,,,,,,,,,,,,,,,
,,,,,,,,,,,,,,,,,,
,,,,,,,,,,,,,,,,,,
,,,,,,,,,,,,,,,,,,
,,,,,,,,,,,,,,,,,,
,,,,,,,,,,,,,,,,,,
,,,,,,,,,,,,,,,,,,
,,,,,,,,,,,,,,,,,,
,,,,,,,,,,,,,,,,,,
,,,,,,,,,,,,,,,,,,
,,,,,,,,,,,,,,,,,,
,,,,,,,,,,,,,,,,,,
,,,,,,,,,,,,,,,,,,
,,,,,,,,,,,,,,,,,,
,,,,,,,,,,,,,,,,,,
,,,,,,,,,,,,,,,,,,
,,,,,,,,,,,,,,,,,,
,,,,,,,,,,,,,,,,,,
,,,,,,,,,,,,,,,,,,
,,,,,,,,,,,,,,,,,,
,,,,,,,,,,,,,,,,,,
,,,,,,,,,,,,,,,,,,
,,,,,,,,,,,,,,,,,,
,,,,,,,,,,,,,,,,,,
,,,,,,,,,,,,,,,,,,
,,,,,,,,,,,,,,,,,,
,,,,,,,,,,,,,,,,,,
,,,,,,,,,,,,,,,,,,
,,,,,,,,,,,,,,,,,,
,,,,,,,,,,,,,,,,,,
,,,,,,,,,,,,,,,,,,
,,,,,,,,,,,,,,,,,,
,,,,,,,,,,,,,,,,,,
,,,,,,,,,,,,,,,,,,
,,,,,,,,,,,,,,,,,,
,,,,,,,,,,,,,,,,,,
,,,,,,,,,,,,,,,,,,
,,,,,,,,,,,,,,,,,,
,,,,,,,,,,,,,,,,,,
,,,,,,,,,,,,,,,,,,
,,,,,,,,,,,,,,,,,,
,,,,,,,,,,,,,,,,,,
,,,,,,,,,,,,,,,,,,
,,,,,,,,,,,,,,,,,,
,,,,,,,,,,,,,,,,,,
,,,,,,,,,,,,,,,,,,
,,,,,,,,,,,,,,,,,,
,,,,,,,,,,,,,,,,,,
,,,,,,,,,,,,,,,,,,
,,,,,,,,,,,,,,,,,,
,,,,,,,,,,,,,,,,,,
,,,,,,,,,,,,,,,,,,
,,,,,,,,,,,,,,,,,,
,,,,,,,,,,,,,,,,,,
,,,,,,,,,,,,,,,,,,
,,,,,,,,,,,,,,,,,,
,,,,,,,,,,,,,,,,,,
,,,,,,,,,,,,,,,,,,
,,,,,,,,,,,,,,,,,,
,,,,,,,,,,,,,,,,,,
,,,,,,,,,,,,,,,,,,
,,,,,,,,,,,,,,,,,,
,,,,,,,,,,,,,,,,,,
,,,,,,,,,,,,,,,,,,
,,,,,,,,,,,,,,,,,,
,,,,,,,,,,,,,,,,,,
,,,,,,,,,,,,,,,,,,
,,,,,,,,,,,,,,,,,,
,,,,,,,,,,,,,,,,,,
,,,,,,,,,,,,,,,,,,
,,,,,,,,,,,,,,,,,,
,,,,,,,,,,,,,,,,,,
,,,,,,,,,,,,,,,,,,
,,,,,,,,,,,,,,,,,,
,,,,,,,,,,,,,,,,,,
,,,,,,,,,,,,,,,,,,
,,,,,,,,,,,,,,,,,,
,,,,,,,,,,,,,,,,,,
,,,,,,,,,,,,,,,,,,
,,,,,,,,,,,,,,,,,,
,,,,,,,,,,,,,,,,,,
,,,,,,,,,,,,,,,,,,
,,,,,,,,,,,,,,,,,,
,,,,,,,,,,,,,,,,,,
,,,,,,,,,,,,,,,,,,
,,,,,,,,,,,,,,,,,,
,,,,,,,,,,,,,,,,,,
,,,,,,,,,,,,,,,,,,
,,,,,,,,,,,,,,,,,,
,,,,,,,,,,,,,,,,,,
,,,,,,,,,,,,,,,,,,
,,,,,,,,,,,,,,,,,,
,,,,,,,,,,,,,,,,,,
,,,,,,,,,,,,,,,,,,
,,,,,,,,,,,,,,,,,,
,,,,,,,,,,,,,,,,,,
,,,,,,,,,,,,,,,,,,
,,,,,,,,,,,,,,,,,,
,,,,,,,,,,,,,,,,,,
,,,,,,,,,,,,,,,,,,
,,,,,,,,,,,,,,,,,,
,,,,,,,,,,,,,,,,,,
,,,,,,,,,,,,,,,,,,
,,,,,,,,,,,,,,,,,,
,,,,,,,,,,,,,,,,,,
,,,,,,,,,,,,,,,,,,
,,,,,,,,,,,,,,,,,,
,,,,,,,,,,,,,,,,,,
,,,,,,,,,,,,,,,,,,
,,,,,,,,,,,,,,,,,,
,,,,,,,,,,,,,,,,,,
,,,,,,,,,,,,,,,,,,
,,,,,,,,,,,,,,,,,,
,,,,,,,,,,,,,,,,,,
,,,,,,,,,,,,,,,,,,
,,,,,,,,,,,,,,,,,,
,,,,,,,,,,,,,,,,,,
,,,,,,,,,,,,,,,,,,
,,,,,,,,,,,,,,,,,,
,,,,,,,,,,,,,,,,,,
,,,,,,,,,,,,,,,,,,
,,,,,,,,,,,,,,,,,,
,,,,,,,,,,,,,,,,,,
,,,,,,,,,,,,,,,,,,
,,,,,,,,,,,,,,,,,,
,,,,,,,,,,,,,,,,,,
,,,,,,,,,,,,,,,,,,
,,,,,,,,,,,,,,,,,,
,,,,,,,,,,,,,,,,,,
,,,,,,,,,,,,,,,,,,
,,,,,,,,,,,,,,,,,,
,,,,,,,,,,,,,,,,,,
,,,,,,,,,,,,,,,,,,
,,,,,,,,,,,,,,,,,,
,,,,,,,,,,,,,,,,,,
,,,,,,,,,,,,,,,,,,
,,,,,,,,,,,,,,,,,,
,,,,,,,,,,,,,,,,,,
,,,,,,,,,,,,,,,,,,
,,,,,,,,,,,,,,,,,,
,,,,,,,,,,,,,,,,,,
,,,,,,,,,,,,,,,,,,
,,,,,,,,,,,,,,,,,,
,,,,,,,,,,,,,,,,,,
,,,,,,,,,,,,,,,,,,
,,,,,,,,,,,,,,,,,,
,,,,,,,,,,,,,,,,,,
,,,,,,,,,,,,,,,,,,
,,,,,,,,,,,,,,,,,,
,,,,,,,,,,,,,,,,,,
,,,,,,,,,,,,,,,,,,
,,,,,,,,,,,,,,,,,,
,,,,,,,,,,,,,,,,,,
,,,,,,,,,,,,,,,,,,
,,,,,,,,,,,,,,,,,,
,,,,,,,,,,,,,,,,,,
,,,,,,,,,,,,,,,,,,
,,,,,,,,,,,,,,,,,,
,,,,,,,,,,,,,,,,,,
,,,,,,,,,,,,,,,,,,
,,,,,,,,,,,,,,,,,,
,,,,,,,,,,,,,,,,,,
,,,,,,,,,,,,,,,,,,
,,,,,,,,,,,,,,,,,,
,,,,,,,,,,,,,,,,,,
,,,,,,,,,,,,,,,,,,
,,,,,,,,,,,,,,,,,,
,,,,,,,,,,,,,,,,,,
,,,,,,,,,,,,,,,,,,
,,,,,,,,,,,,,,,,,,
,,,,,,,,,,,,,,,,,,
,,,,,,,,,,,,,,,,,,
,,,,,,,,,,,,,,,,,,
,,,,,,,,,,,,,,,,,,
,,,,,,,,,,,,,,,,,,
,,,,,,,,,,,,,,,,,,
,,,,,,,,,,,,,,,,,,
,,,,,,,,,,,,,,,,,,
,,,,,,,,,,,,,,,,,,
,,,,,,,,,,,,,,,,,,
,,,,,,,,,,,,,,,,,,
,,,,,,,,,,,,,,,,,,
,,,,,,,,,,,,,,,,,,
,,,,,,,,,,,,,,,,,,
,,,,,,,,,,,,,,,,,,
,,,,,,,,,,,,,,,,,,
,,,,,,,,,,,,,,,,,,
,,,,,,,,,,,,,,,,,,
,,,,,,,,,,,,,,,,,,
,,,,,,,,,,,,,,,,,,
,,,,,,,,,,,,,,,,,,
,,,,,,,,,,,,,,,,,,
,,,,,,,,,,,,,,,,,,
,,,,,,,,,,,,,,,,,,
,,,,,,,,,,,,,,,,,,
,,,,,,,,,,,,,,,,,,
,,,,,,,,,,,,,,,,,,
,,,,,,,,,,,,,,,,,,
,,,,,,,,,,,,,,,,,,
,,,,,,,,,,,,,,,,,,
,,,,,,,,,,,,,,,,,,
,,,,,,,,,,,,,,,,,,
,,,,,,,,,,,,,,,,,,
,,,,,,,,,,,,,,,,,,
,,,,,,,,,,,,,,,,,,
,,,,,,,,,,,,,,,,,,
,,,,,,,,,,,,,,,,,,
,,,,,,,,,,,,,,,,,,
,,,,,,,,,,,,,,,,,,
,,,,,,,,,,,,,,,,,,
,,,,,,,,,,,,,,,,,,
,,,,,,,,,,,,,,,,,,
,,,,,,,,,,,,,,,,,,
,,,,,,,,,,,,,,,,,,
,,,,,,,,,,,,,,,,,,
,,,,,,,,,,,,,,,,,,
,,,,,,,,,,,,,,,,,,
,,,,,,,,,,,,,,,,,,
,,,,,,,,,,,,,,,,,,
,,,,,,,,,,,,,,,,,,
,,,,,,,,,,,,,,,,,,
,,,,,,,,,,,,,,,,,,
,,,,,,,,,,,,,,,,,,
,,,,,,,,,,,,,,,,,,
,,,,,,,,,,,,,,,,,,
,,,,,,,,,,,,,,,,,,
,,,,,,,,,,,,,,,,,,
,,,,,,,,,,,,,,,,,,
,,,,,,,,,,,,,,,,,,
